{"type":"FeatureCollection","name":"hartwell-1080-regime-outer-boundaries","metadata":{"title":"1080 年政权外缘边界（栅格化近似）","source":"Hartwell, Robert, 2015, Hartwell China Historical GIS, Harvard Dataverse, doi:10.7910/DVN/29302","source_url":"https://doi.org/10.7910/DVN/29302","year":1080,"method":"Rasterized union mask from existing historical-regimes-1080 polygons.","grid_width":520,"grid_height":300,"accuracy_note":"读图辅助线；比凸包更接近外轮廓，但仍非严格边界考证。"},"features":[{"type":"Feature","properties":{"regime_key":"northern_song","regime_name":"Northern Song","regime_name_zh":"北宋","color":"#2e7d32","kind":"regime_outer_boundary","year":1080,"method":"rasterized union mask from Hartwell-derived polygons","grid_width":520,"grid_height":300,"accuracy_note":"Coarse visual outer boundary for map readability; not a strict historical boundary."},"geometry":{"type":"MultiLineString","coordinates":[[[110.6788,40.32],[110.8,40.32]],[[110.8,40.32],[110.8,40.2]],[[110.6788,40.2],[110.6788,40.32]],[[110.6788,40.08],[110.6788,40.2]],[[110.8,40.2],[110.9212,40.2]],[[110.9212,40.2],[111.0423,40.2]],[[111.0423,40.2],[111.1635,40.2]],[[111.1635,40.2],[111.2846,40.2]],[[111.2846,40.2],[111.2846,40.08]],[[110.6788,39.96],[110.6788,40.08]],[[111.2846,40.08],[111.4058,40.08]],[[111.4058,40.08],[111.4058,39.96]],[[110.4365,39.96],[110.5577,39.96]],[[110.4365,39.84],[110.4365,39.96]],[[110.5577,39.96],[110.6788,39.96]],[[111.4058,39.96],[111.4058,39.84]],[[110.3154,39.84],[110.4365,39.84]],[[110.3154,39.72],[110.3154,39.84]],[[111.4058,39.84],[111.4058,39.72]],[[110.1942,39.72],[110.3154,39.72]],[[110.3154,39.6],[110.1942,39.6]],[[110.1942,39.6],[110.1942,39.72]],[[111.4058,39.72],[111.4058,39.6]],[[110.4365,39.48],[110.3154,39.48]],[[110.3154,39.48],[110.3154,39.6]],[[111.4058,39.6],[111.4058,39.48]],[[111.4058,39.48],[111.2846,39.48]],[[110.5577,39.36],[110.4365,39.36]],[[110.4365,39.36],[110.4365,39.48]],[[110.8,39.36],[110.6788,39.36]],[[111.1635,39.36],[111.0423,39.36]],[[111.2846,39.48],[111.2846,39.36]],[[110.0731,39.36],[110.1942,39.36]],[[110.0731,39.24],[110.0731,39.36]],[[110.1942,39.36],[110.3154,39.36]],[[110.3154,39.36],[110.3154,39.24]],[[110.6788,39.36],[110.6788,39.24]],[[110.5577,39.24],[110.5577,39.36]],[[110.8,39.24],[110.8,39.36]],[[111.0423,39.36],[111.0423,39.24]],[[111.2846,39.36],[111.2846,39.24]],[[111.2846,39.24],[111.1635,39.24]],[[111.1635,39.24],[111.1635,39.36]],[[111.7692,39.36],[111.8904,39.36]],[[111.7692,39.24],[111.7692,39.36]],[[111.8904,39.36],[112.0115,39.36]],[[112.0115,39.36],[112.1327,39.36]],[[112.1327,39.36],[112.1327,39.24]],[[112.9808,39.36],[113.1019,39.36]],[[112.9808,39.24],[112.9808,39.36]],[[113.1019,39.36],[113.2231,39.36]],[[113.2231,39.36],[113.3442,39.36]],[[113.3442,39.36],[113.4654,39.36]],[[113.4654,39.36],[113.5865,39.36]],[[113.5865,39.36],[113.7077,39.36]],[[113.7077,39.36],[113.8288,39.36]],[[113.8288,39.36],[113.8288,39.24]],[[109.9519,39.24],[110.0731,39.24]],[[109.9519,39.12],[109.9519,39.24]],[[110.3154,39.24],[110.4365,39.24]],[[110.4365,39.24],[110.5577,39.24]],[[110.6788,39.24],[110.8,39.24]],[[111.0423,39.24],[111.0423,39.12]],[[111.2846,39.24],[111.4058,39.24]],[[111.4058,39.12],[111.2846,39.12]],[[111.2846,39.12],[111.2846,39.24]],[[111.4058,39.24],[111.5269,39.24]],[[111.5269,39.24],[111.5269,39.12]],[[111.7692,39.12],[111.7692,39.24]],[[112.1327,39.24],[112.2538,39.24]],[[112.2538,39.24],[112.2538,39.12]],[[112.8596,39.24],[112.9808,39.24]],[[112.8596,39.12],[112.8596,39.24]],[[113.8288,39.24],[113.95,39.24]],[[113.95,39.24],[113.95,39.12]],[[113.95,39.12],[113.8288,39.12]],[[116.3731,39.24],[116.4942,39.24]],[[116.3731,39.12],[116.3731,39.24]],[[116.4942,39.24],[116.6154,39.24]],[[116.6154,39.24],[116.6154,39.12]],[[109.7096,39.12],[109.8308,39.12]],[[109.7096,39.0],[109.7096,39.12]],[[109.8308,39.12],[109.9519,39.12]],[[111.0423,39.12],[111.0423,39.0]],[[111.5269,39.12],[111.5269,39.0]],[[111.4058,39.0],[111.4058,39.12]],[[111.8904,39.0],[111.7692,39.0]],[[111.7692,39.0],[111.7692,39.12]],[[112.2538,39.12],[112.375,39.12]],[[112.375,39.12],[112.4962,39.12]],[[112.4962,39.12],[112.6173,39.12]],[[112.6173,39.12],[112.7385,39.12]],[[112.7385,39.12],[112.8596,39.12]],[[113.3442,39.0],[113.2231,39.0]],[[113.8288,39.12],[113.8288,39.0]],[[113.8288,39.0],[113.7077,39.0]],[[114.0712,39.12],[114.1923,39.12]],[[114.0712,39.0],[114.0712,39.12]],[[114.1923,39.12],[114.3135,39.12]],[[114.3135,39.12],[114.4346,39.12]],[[114.4346,39.12],[114.4346,39.0]],[[114.6769,39.12],[114.7981,39.12]],[[114.7981,39.12],[114.7981,39.0]],[[114.6769,39.0],[114.6769,39.12]],[[114.9192,39.12],[115.0404,39.12]],[[115.0404,39.12],[115.0404,39.0]],[[115.0404,39.0],[114.9192,39.0]],[[114.9192,39.0],[114.9192,39.12]],[[115.525,39.12],[115.6462,39.12]],[[115.6462,39.12],[115.6462,39.0]],[[115.525,39.0],[115.525,39.12]],[[116.1308,39.12],[116.2519,39.12]],[[116.2519,39.12],[116.2519,39.0]],[[116.2519,39.0],[116.1308,39.0]],[[116.1308,39.0],[116.1308,39.12]],[[116.3731,39.0],[116.3731,39.12]],[[116.6154,39.12],[116.6154,39.0]],[[116.8577,39.12],[116.9788,39.12]],[[116.9788,39.12],[116.9788,39.0]],[[116.8577,39.0],[116.8577,39.12]],[[109.8308,38.88],[109.7096,38.88]],[[109.7096,38.88],[109.7096,39.0]],[[110.8,38.88],[110.6788,38.88]],[[111.0423,38.88],[110.9212,38.88]],[[111.0423,39.0],[111.1635,39.0]],[[111.1635,39.0],[111.2846,39.0]],[[111.2846,38.88],[111.1635,38.88]],[[111.2846,39.0],[111.4058,39.0]],[[111.5269,39.0],[111.5269,38.88]],[[111.8904,38.88],[111.8904,39.0]],[[113.2231,39.0],[113.2231,38.88]],[[113.3442,38.88],[113.3442,39.0]],[[113.7077,39.0],[113.7077,38.88]],[[113.8288,39.0],[113.95,39.0]],[[113.8288,38.88],[113.8288,39.0]],[[113.95,39.0],[114.0712,39.0]],[[114.4346,39.0],[114.5558,39.0]],[[114.5558,38.88],[114.4346,38.88]],[[114.5558,39.0],[114.6769,39.0]],[[114.7981,38.88],[114.6769,38.88]],[[114.7981,39.0],[114.9192,39.0]],[[114.9192,39.0],[114.9192,38.88]],[[115.0404,39.0],[115.1615,39.0]],[[115.1615,38.88],[115.0404,38.88]],[[115.0404,38.88],[115.0404,39.0]],[[115.1615,39.0],[115.2827,39.0]],[[115.2827,39.0],[115.4038,39.0]],[[115.4038,39.0],[115.4038,38.88]],[[115.6462,39.0],[115.6462,38.88]],[[115.525,38.88],[115.525,39.0]],[[115.8885,39.0],[116.0096,39.0]],[[116.0096,38.88],[115.8885,38.88]],[[115.8885,38.88],[115.8885,39.0]],[[116.0096,39.0],[116.1308,39.0]],[[116.1308,39.0],[116.1308,38.88]],[[116.1308,38.88],[116.0096,38.88]],[[116.2519,39.0],[116.3731,39.0]],[[116.3731,38.88],[116.2519,38.88]],[[116.2519,38.88],[116.2519,39.0]],[[116.6154,39.0],[116.6154,38.88]],[[116.8577,38.88],[116.8577,39.0]],[[116.9788,39.0],[117.1,39.0]],[[117.1,39.0],[117.1,38.88]],[[109.8308,38.76],[109.8308,38.88]],[[110.6788,38.88],[110.6788,38.76]],[[110.9212,38.88],[110.9212,38.76]],[[110.9212,38.76],[110.8,38.76]],[[110.8,38.76],[110.8,38.88]],[[111.1635,38.88],[111.1635,38.76]],[[111.1635,38.76],[111.0423,38.76]],[[111.0423,38.76],[111.0423,38.88]],[[111.2846,38.76],[111.2846,38.88]],[[111.5269,38.88],[111.6481,38.88]],[[111.6481,38.88],[111.6481,38.76]],[[111.8904,38.76],[111.8904,38.88]],[[113.1019,38.76],[112.9808,38.76]],[[113.2231,38.88],[113.3442,38.88]],[[113.7077,38.88],[113.8288,38.88]],[[113.95,38.76],[113.8288,38.76]],[[114.4346,38.88],[114.4346,38.76]],[[114.6769,38.88],[114.6769,38.76]],[[114.5558,38.76],[114.5558,38.88]],[[114.9192,38.88],[114.9192,38.76]],[[114.9192,38.76],[114.7981,38.76]],[[114.7981,38.76],[114.7981,38.88]],[[115.1615,38.76],[115.1615,38.88]],[[115.4038,38.88],[115.525,38.88]],[[115.6462,38.88],[115.7673,38.88]],[[115.7673,38.88],[115.8885,38.88]],[[115.8885,38.88],[115.8885,38.76]],[[116.1308,38.88],[116.2519,38.88]],[[116.2519,38.88],[116.2519,38.76]],[[116.1308,38.76],[116.1308,38.88]],[[116.3731,38.76],[116.3731,38.88]],[[116.6154,38.88],[116.6154,38.76]],[[116.7365,38.88],[116.8577,38.88]],[[116.7365,38.76],[116.7365,38.88]],[[117.1,38.88],[117.2212,38.88]],[[117.2212,38.88],[117.2212,38.76]],[[117.2212,38.76],[117.1,38.76]],[[109.9519,38.64],[109.8308,38.64]],[[109.8308,38.64],[109.8308,38.76]],[[110.0731,38.64],[109.9519,38.64]],[[110.6788,38.76],[110.8,38.76]],[[110.8,38.76],[110.8,38.64]],[[111.1635,38.76],[111.2846,38.76]],[[111.1635,38.64],[111.1635,38.76]],[[111.4058,38.64],[111.2846,38.64]],[[111.6481,38.76],[111.7692,38.76]],[[111.7692,38.76],[111.7692,38.64]],[[111.8904,38.64],[111.8904,38.76]],[[112.375,38.64],[112.2538,38.64]],[[112.4962,38.64],[112.375,38.64]],[[112.6173,38.64],[112.4962,38.64]],[[112.9808,38.76],[112.9808,38.64]],[[113.1019,38.64],[113.1019,38.76]],[[113.5865,38.64],[113.4654,38.64]],[[113.8288,38.76],[113.8288,38.64]],[[114.0712,38.64],[113.95,38.64]],[[113.95,38.64],[113.95,38.76]],[[114.4346,38.76],[114.5558,38.76]],[[114.6769,38.64],[114.5558,38.64]],[[114.6769,38.76],[114.7981,38.76]],[[114.7981,38.76],[114.7981,38.64]],[[114.7981,38.64],[114.6769,38.64]],[[114.9192,38.76],[115.0404,38.76]],[[115.0404,38.76],[115.0404,38.64]],[[115.0404,38.64],[114.9192,38.64]],[[114.9192,38.64],[114.9192,38.76]],[[115.2827,38.64],[115.1615,38.64]],[[115.1615,38.64],[115.1615,38.76]],[[115.525,38.64],[115.4038,38.64]],[[115.8885,38.64],[115.7673,38.64]],[[115.8885,38.76],[116.0096,38.76]],[[116.0096,38.64],[115.8885,38.64]],[[116.0096,38.76],[116.1308,38.76]],[[116.1308,38.64],[116.0096,38.64]],[[116.2519,38.76],[116.3731,38.76]],[[116.4942,38.64],[116.3731,38.64]],[[116.6154,38.76],[116.7365,38.76]],[[117.1,38.76],[117.1,38.64]],[[117.1,38.64],[116.9788,38.64]],[[110.1942,38.52],[110.0731,38.52]],[[110.0731,38.52],[110.0731,38.64]],[[110.8,38.64],[110.9212,38.64]],[[110.9212,38.64],[111.0423,38.64]],[[111.0423,38.64],[111.1635,38.64]],[[111.2846,38.64],[111.2846,38.52]],[[111.4058,38.52],[111.4058,38.64]],[[111.7692,38.64],[111.8904,38.64]],[[112.2538,38.64],[112.2538,38.52]],[[112.6173,38.52],[112.6173,38.64]],[[112.9808,38.64],[113.1019,38.64]],[[113.4654,38.64],[113.4654,38.52]],[[113.5865,38.52],[113.5865,38.64]],[[113.8288,38.64],[113.95,38.64]],[[113.95,38.64],[113.95,38.52]],[[114.0712,38.52],[114.0712,38.64]],[[114.5558,38.64],[114.5558,38.52]],[[115.0404,38.64],[115.1615,38.64]],[[115.1615,38.64],[115.1615,38.52]],[[115.0404,38.52],[115.0404,38.64]],[[115.4038,38.64],[115.4038,38.52]],[[115.4038,38.52],[115.2827,38.52]],[[115.2827,38.52],[115.2827,38.64]],[[115.525,38.52],[115.525,38.64]],[[115.7673,38.64],[115.7673,38.52]],[[116.1308,38.52],[116.1308,38.64]],[[116.3731,38.64],[116.3731,38.52]],[[116.4942,38.52],[116.4942,38.64]],[[116.9788,38.64],[116.9788,38.52]],[[117.1,38.64],[117.2212,38.64]],[[117.1,38.52],[117.1,38.64]],[[117.2212,38.64],[117.3423,38.64]],[[117.3423,38.64],[117.4635,38.64]],[[117.4635,38.64],[117.5846,38.64]],[[117.5846,38.64],[117.5846,38.52]],[[110.3154,38.4],[110.1942,38.4]],[[110.1942,38.4],[110.1942,38.52]],[[110.4365,38.4],[110.3154,38.4]],[[111.2846,38.52],[111.4058,38.52]],[[111.4058,38.4],[111.2846,38.4]],[[112.2538,38.52],[112.2538,38.4]],[[112.375,38.52],[112.4962,38.52]],[[112.4962,38.4],[112.375,38.4]],[[112.375,38.4],[112.375,38.52]],[[112.4962,38.52],[112.6173,38.52]],[[113.2231,38.4],[113.1019,38.4]],[[113.4654,38.52],[113.4654,38.4]],[[113.5865,38.4],[113.5865,38.52]],[[113.95,38.52],[114.0712,38.52]],[[114.5558,38.4],[114.4346,38.4]],[[114.5558,38.52],[114.6769,38.52]],[[114.6769,38.52],[114.6769,38.4]],[[114.6769,38.4],[114.5558,38.4]],[[114.7981,38.52],[114.9192,38.52]],[[114.9192,38.4],[114.7981,38.4]],[[114.7981,38.4],[114.7981,38.52]],[[114.9192,38.52],[115.0404,38.52]],[[115.0404,38.4],[114.9192,38.4]],[[115.1615,38.52],[115.1615,38.4]],[[115.4038,38.52],[115.525,38.52]],[[115.525,38.4],[115.4038,38.4]],[[115.4038,38.4],[115.4038,38.52]],[[115.6462,38.4],[115.525,38.4]],[[115.7673,38.52],[115.7673,38.4]],[[115.7673,38.4],[115.6462,38.4]],[[115.8885,38.52],[116.0096,38.52]],[[115.8885,38.4],[115.8885,38.52]],[[116.0096,38.52],[116.1308,38.52]],[[116.1308,38.4],[116.0096,38.4]],[[116.2519,38.4],[116.1308,38.4]],[[116.3731,38.4],[116.2519,38.4]],[[116.3731,38.52],[116.4942,38.52]],[[116.4942,38.4],[116.3731,38.4]],[[116.6154,38.4],[116.4942,38.4]],[[116.9788,38.52],[117.1,38.52]],[[117.5846,38.52],[117.7058,38.52]],[[117.7058,38.52],[117.7058,38.4]],[[110.5577,38.28],[110.4365,38.28]],[[110.4365,38.28],[110.4365,38.4]],[[111.2846,38.4],[111.2846,38.28]],[[111.4058,38.28],[111.4058,38.4]],[[111.8904,38.28],[111.7692,38.28]],[[112.2538,38.4],[112.2538,38.28]],[[112.4962,38.28],[112.4962,38.4]],[[113.1019,38.4],[113.1019,38.28]],[[113.1019,38.28],[112.9808,38.28]],[[113.2231,38.28],[113.2231,38.4]],[[113.4654,38.4],[113.5865,38.4]],[[114.1923,38.28],[114.0712,38.28]],[[114.3135,38.28],[114.1923,38.28]],[[114.4346,38.4],[114.4346,38.28]],[[115.1615,38.4],[115.1615,38.28]],[[115.1615,38.28],[115.0404,38.28]],[[115.0404,38.28],[115.0404,38.4]],[[116.0096,38.4],[116.0096,38.28]],[[115.8885,38.28],[115.8885,38.4]],[[116.6154,38.28],[116.6154,38.4]],[[117.7058,38.4],[117.8269,38.4]],[[117.8269,38.4],[117.8269,38.28]],[[110.5577,38.16],[110.5577,38.28]],[[111.2846,38.28],[111.2846,38.16]],[[111.4058,38.16],[111.4058,38.28]],[[111.7692,38.28],[111.7692,38.16]],[[111.8904,38.16],[111.8904,38.28]],[[112.1327,38.16],[112.0115,38.16]],[[112.2538,38.28],[112.375,38.28]],[[112.375,38.28],[112.4962,38.28]],[[112.9808,38.28],[112.9808,38.16]],[[112.9808,38.16],[112.8596,38.16]],[[113.1019,38.28],[113.2231,38.28]],[[113.1019,38.16],[113.1019,38.28]],[[113.8288,38.16],[113.7077,38.16]],[[114.0712,38.28],[114.0712,38.16]],[[114.3135,38.16],[114.3135,38.28]],[[114.4346,38.28],[114.5558,38.28]],[[114.5558,38.16],[114.4346,38.16]],[[114.5558,38.28],[114.6769,38.28]],[[114.6769,38.28],[114.6769,38.16]],[[114.9192,38.28],[115.0404,38.28]],[[115.0404,38.28],[115.0404,38.16]],[[115.0404,38.16],[114.9192,38.16]],[[114.9192,38.16],[114.9192,38.28]],[[115.1615,38.28],[115.2827,38.28]],[[115.1615,38.16],[115.1615,38.28]],[[115.2827,38.28],[115.4038,38.28]],[[115.4038,38.28],[115.525,38.28]],[[115.525,38.28],[115.525,38.16]],[[115.6462,38.28],[115.7673,38.28]],[[115.6462,38.16],[115.6462,38.28]],[[115.7673,38.28],[115.8885,38.28]],[[116.0096,38.16],[115.8885,38.16]],[[116.0096,38.28],[116.1308,38.28]],[[116.1308,38.28],[116.2519,38.28]],[[116.2519,38.28],[116.3731,38.28]],[[116.3731,38.28],[116.3731,38.16]],[[116.7365,38.16],[116.6154,38.16]],[[116.6154,38.16],[116.6154,38.28]],[[117.1,38.16],[116.9788,38.16]],[[117.8269,38.28],[117.9481,38.28]],[[117.9481,38.28],[117.9481,38.16]],[[110.6788,38.04],[110.5577,38.04]],[[110.5577,38.04],[110.5577,38.16]],[[111.2846,38.16],[111.4058,38.16]],[[111.7692,38.16],[111.8904,38.16]],[[112.0115,38.16],[112.0115,38.04]],[[112.1327,38.04],[112.1327,38.16]],[[112.8596,38.16],[112.8596,38.04]],[[113.1019,38.04],[113.1019,38.16]],[[113.7077,38.16],[113.7077,38.04]],[[113.95,38.04],[113.8288,38.04]],[[113.8288,38.04],[113.8288,38.16]],[[114.0712,38.16],[114.1923,38.16]],[[114.1923,38.16],[114.3135,38.16]],[[114.3135,38.04],[114.1923,38.04]],[[114.4346,38.16],[114.4346,38.04]],[[114.6769,38.04],[114.5558,38.04]],[[114.5558,38.04],[114.5558,38.16]],[[114.6769,38.16],[114.7981,38.16]],[[114.7981,38.16],[114.9192,38.16]],[[114.9192,38.16],[114.9192,38.04]],[[115.0404,38.16],[115.1615,38.16]],[[115.0404,38.04],[115.0404,38.16]],[[115.525,38.16],[115.6462,38.16]],[[115.8885,38.16],[115.8885,38.04]],[[116.0096,38.04],[116.0096,38.16]],[[116.3731,38.16],[116.4942,38.16]],[[116.4942,38.16],[116.6154,38.16]],[[116.6154,38.16],[116.6154,38.04]],[[116.6154,38.04],[116.4942,38.04]],[[116.7365,38.04],[116.7365,38.16]],[[116.9788,38.16],[116.9788,38.04]],[[117.1,38.04],[117.1,38.16]],[[117.9481,38.16],[117.9481,38.04]],[[118.0692,38.16],[118.1904,38.16]],[[118.1904,38.16],[118.1904,38.04]],[[118.0692,38.04],[118.0692,38.16]],[[110.6788,37.92],[110.6788,38.04]],[[111.6481,37.92],[111.5269,37.92]],[[112.0115,38.04],[112.1327,38.04]],[[112.8596,38.04],[112.8596,37.92]],[[112.9808,38.04],[113.1019,38.04]],[[112.9808,37.92],[112.9808,38.04]],[[113.7077,38.04],[113.8288,38.04]],[[113.8288,38.04],[113.8288,37.92]],[[113.95,37.92],[113.95,38.04]],[[114.1923,38.04],[114.1923,37.92]],[[114.3135,37.92],[114.3135,38.04]],[[114.4346,38.04],[114.5558,38.04]],[[114.5558,38.04],[114.5558,37.92]],[[114.7981,37.92],[114.6769,37.92]],[[114.6769,37.92],[114.6769,38.04]],[[114.9192,38.04],[114.9192,37.92]],[[114.9192,37.92],[114.7981,37.92]],[[115.1615,37.92],[115.0404,37.92]],[[115.0404,37.92],[115.0404,38.04]],[[115.8885,37.92],[115.7673,37.92]],[[115.8885,38.04],[116.0096,38.04]],[[116.1308,37.92],[116.0096,37.92]],[[116.2519,37.92],[116.1308,37.92]],[[116.4942,38.04],[116.4942,37.92]],[[116.6154,38.04],[116.7365,38.04]],[[116.6154,37.92],[116.6154,38.04]],[[116.9788,38.04],[116.9788,37.92]],[[117.1,37.92],[117.1,38.04]],[[117.5846,37.92],[117.4635,37.92]],[[117.9481,38.04],[117.9481,37.92]],[[117.9481,37.92],[117.8269,37.92]],[[118.1904,38.04],[118.1904,37.92]],[[118.0692,37.92],[118.0692,38.04]],[[110.1942,37.92],[110.3154,37.92]],[[110.3154,37.8],[110.1942,37.8]],[[110.1942,37.8],[110.1942,37.92]],[[110.3154,37.92],[110.4365,37.92]],[[110.4365,37.92],[110.4365,37.8]],[[110.6788,37.8],[110.6788,37.92]],[[111.5269,37.92],[111.5269,37.8]],[[111.6481,37.8],[111.6481,37.92]],[[112.0115,37.8],[111.8904,37.8]],[[112.1327,37.8],[112.0115,37.8]],[[112.7385,37.8],[112.6173,37.8]],[[112.8596,37.92],[112.9808,37.92]],[[113.5865,37.8],[113.4654,37.8]],[[113.7077,37.8],[113.5865,37.8]],[[113.8288,37.8],[113.7077,37.8]],[[113.8288,37.92],[113.95,37.92]],[[113.95,37.8],[113.8288,37.8]],[[114.0712,37.8],[113.95,37.8]],[[114.1923,37.92],[114.1923,37.8]],[[114.1923,37.8],[114.0712,37.8]],[[114.4346,37.8],[114.3135,37.8]],[[114.3135,37.8],[114.3135,37.92]],[[114.5558,37.92],[114.5558,37.8]],[[115.2827,37.8],[115.1615,37.8]],[[115.1615,37.8],[115.1615,37.92]],[[115.525,37.8],[115.4038,37.8]],[[115.7673,37.92],[115.7673,37.8]],[[116.0096,37.92],[116.0096,37.8]],[[115.8885,37.8],[115.8885,37.92]],[[116.2519,37.8],[116.2519,37.92]],[[116.4942,37.8],[116.3731,37.8]],[[116.4942,37.92],[116.6154,37.92]],[[116.9788,37.92],[117.1,37.92]],[[117.4635,37.92],[117.4635,37.8]],[[117.4635,37.8],[117.3423,37.8]],[[117.7058,37.8],[117.5846,37.8]],[[117.5846,37.8],[117.5846,37.92]],[[117.8269,37.92],[117.8269,37.8]],[[117.9481,37.92],[118.0692,37.92]],[[117.9481,37.8],[117.9481,37.92]],[[118.1904,37.92],[118.3115,37.92]],[[118.3115,37.92],[118.3115,37.8]],[[109.7096,37.8],[109.8308,37.8]],[[109.7096,37.68],[109.7096,37.8]],[[109.8308,37.8],[109.9519,37.8]],[[109.9519,37.8],[109.9519,37.68]],[[110.3154,37.68],[110.3154,37.8]],[[110.4365,37.8],[110.5577,37.8]],[[110.5577,37.8],[110.5577,37.68]],[[110.8,37.68],[110.6788,37.68]],[[110.6788,37.68],[110.6788,37.8]],[[111.0423,37.68],[110.9212,37.68]],[[111.5269,37.8],[111.6481,37.8]],[[111.7692,37.68],[111.6481,37.68]],[[111.8904,37.8],[111.8904,37.68]],[[112.2538,37.68],[112.1327,37.68]],[[112.1327,37.68],[112.1327,37.8]],[[112.6173,37.8],[112.6173,37.68]],[[112.7385,37.68],[112.7385,37.8]],[[113.3442,37.68],[113.2231,37.68]],[[113.4654,37.8],[113.4654,37.68]],[[114.1923,37.8],[114.3135,37.8]],[[114.3135,37.8],[114.3135,37.68]],[[114.1923,37.68],[114.1923,37.8]],[[114.5558,37.8],[114.5558,37.68]],[[114.4346,37.68],[114.4346,37.8]],[[114.6769,37.8],[114.7981,37.8]],[[114.7981,37.68],[114.6769,37.68]],[[114.6769,37.68],[114.6769,37.8]],[[114.7981,37.8],[114.9192,37.8]],[[114.9192,37.8],[115.0404,37.8]],[[115.0404,37.8],[115.1615,37.8]],[[115.1615,37.8],[115.1615,37.68]],[[115.4038,37.8],[115.4038,37.68]],[[115.2827,37.68],[115.2827,37.8]],[[115.6462,37.68],[115.525,37.68]],[[115.525,37.68],[115.525,37.8]],[[115.7673,37.8],[115.7673,37.68]],[[115.7673,37.68],[115.6462,37.68]],[[116.0096,37.68],[115.8885,37.68]],[[115.8885,37.68],[115.8885,37.8]],[[116.0096,37.8],[116.1308,37.8]],[[116.1308,37.8],[116.2519,37.8]],[[116.3731,37.8],[116.3731,37.68]],[[116.4942,37.68],[116.4942,37.8]],[[117.3423,37.8],[117.3423,37.68]],[[117.3423,37.68],[117.2212,37.68]],[[117.8269,37.68],[117.7058,37.68]],[[117.7058,37.68],[117.7058,37.8]],[[117.8269,37.8],[117.9481,37.8]],[[118.3115,37.8],[118.4327,37.8]],[[118.4327,37.8],[118.5538,37.8]],[[118.5538,37.8],[118.675,37.8]],[[118.675,37.8],[118.675,37.68]],[[118.675,37.68],[118.5538,37.68]],[[120.6135,37.8],[120.7346,37.8]],[[120.6135,37.68],[120.6135,37.8]],[[120.7346,37.8],[120.8558,37.8]],[[120.8558,37.8],[120.8558,37.68]],[[109.5885,37.68],[109.7096,37.68]],[[109.5885,37.56],[109.5885,37.68]],[[109.9519,37.68],[110.0731,37.68]],[[110.0731,37.68],[110.1942,37.68]],[[110.1942,37.68],[110.3154,37.68]],[[110.5577,37.68],[110.6788,37.68]],[[110.6788,37.68],[110.6788,37.56]],[[110.9212,37.68],[110.9212,37.56]],[[110.8,37.56],[110.8,37.68]],[[111.1635,37.56],[111.0423,37.56]],[[111.0423,37.56],[111.0423,37.68]],[[111.2846,37.56],[111.1635,37.56]],[[111.6481,37.68],[111.6481,37.56]],[[111.7692,37.56],[111.7692,37.68]],[[111.8904,37.68],[112.0115,37.68]],[[112.0115,37.68],[112.0115,37.56]],[[112.0115,37.56],[111.8904,37.56]],[[112.2538,37.56],[112.2538,37.68]],[[112.4962,37.56],[112.375,37.56]],[[112.6173,37.56],[112.4962,37.56]],[[112.6173,37.68],[112.7385,37.68]],[[112.7385,37.56],[112.6173,37.56]],[[112.8596,37.56],[112.7385,37.56]],[[113.1019,37.56],[112.9808,37.56]],[[113.2231,37.68],[113.2231,37.56]],[[113.2231,37.56],[113.1019,37.56]],[[113.4654,37.56],[113.3442,37.56]],[[113.3442,37.56],[113.3442,37.68]],[[113.4654,37.68],[113.5865,37.68]],[[113.5865,37.68],[113.7077,37.68]],[[113.7077,37.68],[113.8288,37.68]],[[113.8288,37.68],[113.95,37.68]],[[113.95,37.68],[114.0712,37.68]],[[114.0712,37.68],[114.1923,37.68]],[[114.3135,37.68],[114.4346,37.68]],[[114.5558,37.68],[114.5558,37.56]],[[114.7981,37.56],[114.7981,37.68]],[[115.1615,37.68],[115.2827,37.68]],[[115.2827,37.56],[115.1615,37.56]],[[115.4038,37.68],[115.525,37.68]],[[115.525,37.68],[115.525,37.56]],[[116.0096,37.56],[116.0096,37.68]],[[116.3731,37.68],[116.3731,37.56]],[[116.3731,37.56],[116.2519,37.56]],[[116.4942,37.56],[116.4942,37.68]],[[117.1,37.56],[116.9788,37.56]],[[117.2212,37.68],[117.2212,37.56]],[[117.3423,37.68],[117.4635,37.68]],[[117.4635,37.56],[117.3423,37.56]],[[117.3423,37.56],[117.3423,37.68]],[[117.4635,37.68],[117.5846,37.68]],[[117.5846,37.56],[117.4635,37.56]],[[117.5846,37.68],[117.7058,37.68]],[[117.7058,37.68],[117.7058,37.56]],[[117.8269,37.56],[117.8269,37.68]],[[118.4327,37.56],[118.3115,37.56]],[[118.5538,37.68],[118.5538,37.56]],[[118.5538,37.56],[118.4327,37.56]],[[120.3712,37.68],[120.4923,37.68]],[[120.4923,37.56],[120.3712,37.56]],[[120.3712,37.56],[120.3712,37.68]],[[120.4923,37.68],[120.6135,37.68]],[[120.6135,37.56],[120.4923,37.56]],[[120.7346,37.56],[120.6135,37.56]],[[120.8558,37.68],[120.9769,37.68]],[[120.9769,37.68],[121.0981,37.68]],[[121.0981,37.68],[121.2192,37.68]],[[121.2192,37.68],[121.3404,37.68]],[[121.3404,37.68],[121.3404,37.56]],[[106.075,37.56],[106.1962,37.56]],[[106.1962,37.56],[106.1962,37.44]],[[106.075,37.44],[106.075,37.56]],[[109.4673,37.56],[109.5885,37.56]],[[109.4673,37.44],[109.4673,37.56]],[[110.3154,37.44],[110.1942,37.44]],[[110.4365,37.44],[110.3154,37.44]],[[110.6788,37.56],[110.8,37.56]],[[110.9212,37.56],[110.9212,37.44]],[[111.4058,37.44],[111.2846,37.44]],[[111.2846,37.44],[111.2846,37.56]],[[111.5269,37.44],[111.4058,37.44]],[[111.6481,37.56],[111.7692,37.56]],[[111.8904,37.56],[111.8904,37.44]],[[112.1327,37.56],[112.2538,37.56]],[[112.1327,37.44],[112.1327,37.56]],[[112.375,37.56],[112.375,37.44]],[[112.9808,37.56],[112.9808,37.44]],[[112.8596,37.44],[112.8596,37.56]],[[113.4654,37.44],[113.4654,37.56]],[[113.8288,37.44],[113.7077,37.44]],[[114.0712,37.44],[113.95,37.44]],[[114.1923,37.44],[114.0712,37.44]],[[114.3135,37.44],[114.1923,37.44]],[[114.5558,37.56],[114.6769,37.56]],[[114.6769,37.56],[114.7981,37.56]],[[115.0404,37.44],[114.9192,37.44]],[[115.1615,37.56],[115.1615,37.44]],[[115.1615,37.44],[115.0404,37.44]],[[115.2827,37.44],[115.2827,37.56]],[[115.525,37.56],[115.525,37.44]],[[115.525,37.44],[115.4038,37.44]],[[115.7673,37.56],[115.8885,37.56]],[[115.8885,37.44],[115.7673,37.44]],[[115.7673,37.44],[115.7673,37.56]],[[115.8885,37.56],[116.0096,37.56]],[[116.2519,37.56],[116.2519,37.44]],[[116.3731,37.56],[116.4942,37.56]],[[116.4942,37.44],[116.3731,37.44]],[[116.3731,37.44],[116.3731,37.56]],[[116.9788,37.56],[116.9788,37.44]],[[117.2212,37.56],[117.2212,37.44]],[[117.1,37.44],[117.1,37.56]],[[117.5846,37.44],[117.5846,37.56]],[[117.7058,37.56],[117.8269,37.56]],[[118.1904,37.44],[118.0692,37.44]],[[118.3115,37.56],[118.3115,37.44]],[[118.3115,37.44],[118.1904,37.44]],[[120.7346,37.44],[120.7346,37.56]],[[121.3404,37.56],[121.4615,37.56]],[[121.4615,37.56],[121.5827,37.56]],[[121.5827,37.56],[121.7038,37.56]],[[121.7038,37.56],[121.825,37.56]],[[121.825,37.56],[121.825,37.44]],[[122.0673,37.56],[122.1885,37.56]],[[122.0673,37.44],[122.0673,37.56]],[[122.1885,37.56],[122.3096,37.56]],[[122.3096,37.56],[122.3096,37.44]],[[105.9538,37.44],[106.075,37.44]],[[105.9538,37.32],[105.9538,37.44]],[[106.1962,37.44],[106.3173,37.44]],[[106.3173,37.44],[106.4385,37.44]],[[106.4385,37.44],[106.4385,37.32]],[[109.3462,37.44],[109.4673,37.44]],[[109.3462,37.32],[109.3462,37.44]],[[110.0731,37.32],[109.9519,37.32]],[[110.1942,37.44],[110.1942,37.32]],[[110.4365,37.32],[110.4365,37.44]],[[110.9212,37.44],[111.0423,37.44]],[[111.0423,37.44],[111.0423,37.32]],[[111.0423,37.32],[110.9212,37.32]],[[111.1635,37.44],[111.2846,37.44]],[[111.2846,37.44],[111.2846,37.32]],[[111.1635,37.32],[111.1635,37.44]],[[111.5269,37.32],[111.5269,37.44]],[[111.8904,37.44],[111.8904,37.32]],[[112.1327,37.32],[112.1327,37.44]],[[112.375,37.32],[112.2538,37.32]],[[112.375,37.44],[112.4962,37.44]],[[112.4962,37.44],[112.6173,37.44]],[[112.6173,37.44],[112.7385,37.44]],[[112.7385,37.44],[112.8596,37.44]],[[112.9808,37.44],[113.1019,37.44]],[[113.1019,37.44],[113.2231,37.44]],[[113.2231,37.44],[113.3442,37.44]],[[113.3442,37.44],[113.4654,37.44]],[[113.7077,37.44],[113.7077,37.32]],[[113.95,37.44],[113.95,37.32]],[[113.95,37.32],[113.8288,37.32]],[[113.8288,37.32],[113.8288,37.44]],[[114.3135,37.32],[114.3135,37.44]],[[114.7981,37.32],[114.6769,37.32]],[[114.9192,37.44],[114.9192,37.32]],[[114.9192,37.32],[114.7981,37.32]],[[115.1615,37.44],[115.2827,37.44]],[[115.2827,37.32],[115.1615,37.32]],[[115.1615,37.32],[115.1615,37.44]],[[115.4038,37.44],[115.4038,37.32]],[[115.525,37.44],[115.6462,37.44]],[[115.6462,37.32],[115.525,37.32]],[[115.525,37.32],[115.525,37.44]],[[115.6462,37.44],[115.7673,37.44]],[[115.7673,37.44],[115.7673,37.32]],[[115.8885,37.32],[115.8885,37.44]],[[116.2519,37.44],[116.2519,37.32]],[[116.2519,37.32],[116.1308,37.32]],[[116.6154,37.32],[116.4942,37.32]],[[116.4942,37.32],[116.4942,37.44]],[[116.9788,37.44],[117.1,37.44]],[[117.2212,37.44],[117.3423,37.44]],[[117.3423,37.44],[117.4635,37.44]],[[117.4635,37.44],[117.5846,37.44]],[[118.0692,37.44],[118.0692,37.32]],[[120.0077,37.44],[120.1288,37.44]],[[120.0077,37.32],[120.0077,37.44]],[[120.1288,37.44],[120.25,37.44]],[[120.25,37.44],[120.3712,37.44]],[[120.3712,37.44],[120.4923,37.44]],[[120.4923,37.44],[120.6135,37.44]],[[120.6135,37.44],[120.6135,37.32]],[[120.7346,37.32],[120.7346,37.44]],[[121.825,37.44],[121.9462,37.44]],[[121.9462,37.44],[122.0673,37.44]],[[122.3096,37.44],[122.4308,37.44]],[[122.4308,37.44],[122.5519,37.44]],[[122.5519,37.44],[122.6731,37.44]],[[122.6731,37.44],[122.6731,37.32]],[[105.8327,37.32],[105.9538,37.32]],[[105.8327,37.2],[105.8327,37.32]],[[106.4385,37.32],[106.5596,37.32]],[[106.5596,37.32],[106.6808,37.32]],[[106.6808,37.32],[106.6808,37.2]],[[108.1346,37.32],[108.2558,37.32]],[[108.1346,37.2],[108.1346,37.32]],[[108.2558,37.32],[108.3769,37.32]],[[108.3769,37.32],[108.3769,37.2]],[[108.9827,37.32],[109.1038,37.32]],[[108.9827,37.2],[108.9827,37.32]],[[109.1038,37.32],[109.225,37.32]],[[109.225,37.32],[109.3462,37.32]],[[109.9519,37.32],[109.9519,37.2]],[[109.9519,37.2],[109.8308,37.2]],[[110.0731,37.2],[110.0731,37.32]],[[110.1942,37.32],[110.3154,37.32]],[[110.3154,37.32],[110.4365,37.32]],[[110.9212,37.32],[110.9212,37.2]],[[111.0423,37.32],[111.1635,37.32]],[[111.0423,37.2],[111.0423,37.32]],[[111.2846,37.32],[111.4058,37.32]],[[111.4058,37.32],[111.5269,37.32]],[[111.8904,37.32],[112.0115,37.32]],[[112.0115,37.32],[112.0115,37.2]],[[112.0115,37.2],[111.8904,37.2]],[[112.2538,37.32],[112.2538,37.2]],[[112.1327,37.2],[112.1327,37.32]],[[112.4962,37.2],[112.375,37.2]],[[112.375,37.2],[112.375,37.32]],[[113.7077,37.32],[113.8288,37.32]],[[113.8288,37.32],[113.8288,37.2]],[[114.0712,37.32],[114.1923,37.32]],[[114.0712,37.2],[114.0712,37.32]],[[114.1923,37.32],[114.3135,37.32]],[[114.6769,37.32],[114.6769,37.2]],[[115.2827,37.2],[115.2827,37.32]],[[115.4038,37.32],[115.525,37.32]],[[115.525,37.32],[115.525,37.2]],[[115.7673,37.2],[115.6462,37.2]],[[115.6462,37.2],[115.6462,37.32]],[[115.7673,37.32],[115.8885,37.32]],[[116.1308,37.32],[116.1308,37.2]],[[116.1308,37.2],[116.0096,37.2]],[[116.2519,37.32],[116.3731,37.32]],[[116.2519,37.2],[116.2519,37.32]],[[116.3731,37.32],[116.4942,37.32]],[[116.4942,37.32],[116.4942,37.2]],[[116.7365,37.2],[116.6154,37.2]],[[116.6154,37.2],[116.6154,37.32]],[[117.4635,37.2],[117.3423,37.2]],[[118.0692,37.32],[118.0692,37.2]],[[118.0692,37.2],[117.9481,37.2]],[[118.3115,37.32],[118.4327,37.32]],[[118.3115,37.2],[118.3115,37.32]],[[118.4327,37.32],[118.5538,37.32]],[[118.5538,37.32],[118.675,37.32]],[[118.675,37.32],[118.7962,37.32]],[[118.7962,37.32],[118.9173,37.32]],[[118.9173,37.32],[118.9173,37.2]],[[119.8865,37.32],[120.0077,37.32]],[[119.8865,37.2],[119.8865,37.32]],[[120.6135,37.2],[120.4923,37.2]],[[120.6135,37.32],[120.7346,37.32]],[[120.7346,37.2],[120.6135,37.2]],[[120.8558,37.2],[120.7346,37.2]],[[120.9769,37.2],[120.8558,37.2]],[[122.6731,37.32],[122.6731,37.2]],[[122.6731,37.2],[122.5519,37.2]],[[105.7115,37.2],[105.8327,37.2]],[[105.7115,37.08],[105.7115,37.2]],[[106.6808,37.2],[106.6808,37.08]],[[107.7712,37.2],[107.8923,37.2]],[[107.8923,37.2],[107.8923,37.08]],[[107.7712,37.08],[107.7712,37.2]],[[108.0135,37.2],[108.1346,37.2]],[[108.0135,37.08],[108.0135,37.2]],[[108.3769,37.2],[108.4981,37.2]],[[108.4981,37.2],[108.4981,37.08]],[[108.8615,37.2],[108.9827,37.2]],[[108.8615,37.08],[108.8615,37.2]],[[109.7096,37.08],[109.5885,37.08]],[[109.8308,37.2],[109.8308,37.08]],[[109.8308,37.08],[109.7096,37.08]],[[110.1942,37.08],[110.0731,37.08]],[[110.0731,37.08],[110.0731,37.2]],[[110.5577,37.08],[110.4365,37.08]],[[110.9212,37.2],[111.0423,37.2]],[[111.8904,37.2],[111.8904,37.08]],[[111.8904,37.08],[111.7692,37.08]],[[112.0115,37.2],[112.1327,37.2]],[[112.0115,37.08],[112.0115,37.2]],[[112.2538,37.08],[112.1327,37.08]],[[112.2538,37.2],[112.375,37.2]],[[112.375,37.2],[112.375,37.08]],[[112.375,37.08],[112.2538,37.08]],[[112.4962,37.08],[112.4962,37.2]],[[113.8288,37.08],[113.7077,37.08]],[[113.8288,37.2],[113.95,37.2]],[[113.95,37.08],[113.8288,37.08]],[[113.95,37.2],[114.0712,37.2]],[[114.0712,37.08],[113.95,37.08]],[[114.1923,37.08],[114.0712,37.08]],[[114.3135,37.08],[114.1923,37.08]],[[114.6769,37.08],[114.5558,37.08]],[[114.6769,37.2],[114.7981,37.2]],[[114.7981,37.2],[114.9192,37.2]],[[114.9192,37.2],[114.9192,37.08]],[[114.9192,37.08],[114.7981,37.08]],[[115.1615,37.2],[115.2827,37.2]],[[115.2827,37.08],[115.1615,37.08]],[[115.1615,37.08],[115.1615,37.2]],[[115.525,37.2],[115.6462,37.2]],[[115.6462,37.2],[115.6462,37.08]],[[115.8885,37.08],[115.7673,37.08]],[[115.7673,37.08],[115.7673,37.2]],[[116.0096,37.2],[116.0096,37.08]],[[116.0096,37.08],[115.8885,37.08]],[[116.3731,37.08],[116.2519,37.08]],[[116.2519,37.08],[116.2519,37.2]],[[116.4942,37.2],[116.6154,37.2]],[[116.6154,37.2],[116.6154,37.08]],[[116.6154,37.08],[116.4942,37.08]],[[116.7365,37.08],[116.7365,37.2]],[[116.9788,37.08],[116.8577,37.08]],[[117.3423,37.2],[117.3423,37.08]],[[117.4635,37.08],[117.4635,37.2]],[[117.9481,37.2],[117.9481,37.08]],[[118.0692,37.2],[118.1904,37.2]],[[118.1904,37.08],[118.0692,37.08]],[[118.0692,37.08],[118.0692,37.2]],[[118.1904,37.2],[118.3115,37.2]],[[118.3115,37.08],[118.1904,37.08]],[[118.9173,37.2],[119.0385,37.2]],[[119.0385,37.2],[119.1596,37.2]],[[119.1596,37.2],[119.1596,37.08]],[[119.1596,37.08],[119.0385,37.08]],[[119.2808,37.2],[119.4019,37.2]],[[119.2808,37.08],[119.2808,37.2]],[[119.4019,37.2],[119.5231,37.2]],[[119.5231,37.2],[119.6442,37.2]],[[119.6442,37.2],[119.6442,37.08]],[[119.7654,37.2],[119.8865,37.2]],[[119.8865,37.08],[119.7654,37.08]],[[119.7654,37.08],[119.7654,37.2]],[[120.0077,37.08],[119.8865,37.08]],[[120.1288,37.08],[120.0077,37.08]],[[120.25,37.08],[120.1288,37.08]],[[120.4923,37.2],[120.4923,37.08]],[[120.9769,37.08],[120.9769,37.2]],[[121.825,37.08],[121.7038,37.08]],[[122.5519,37.2],[122.5519,37.08]],[[105.3481,37.08],[105.4692,37.08]],[[105.3481,36.96],[105.3481,37.08]],[[105.4692,37.08],[105.5904,37.08]],[[105.5904,37.08],[105.7115,37.08]],[[106.6808,37.08],[106.8019,37.08]],[[106.8019,37.08],[106.9231,37.08]],[[106.9231,37.08],[107.0442,37.08]],[[107.0442,37.08],[107.1654,37.08]],[[107.1654,37.08],[107.2865,37.08]],[[107.2865,37.08],[107.4077,37.08]],[[107.4077,37.08],[107.4077,36.96]],[[107.65,37.08],[107.7712,37.08]],[[107.65,36.96],[107.65,37.08]],[[107.8923,37.08],[108.0135,37.08]],[[108.4981,37.08],[108.6192,37.08]],[[108.6192,37.08],[108.7404,37.08]],[[108.7404,37.08],[108.8615,37.08]],[[108.9827,36.96],[108.8615,36.96]],[[109.1038,36.96],[108.9827,36.96]],[[109.5885,37.08],[109.5885,36.96]],[[110.1942,36.96],[110.1942,37.08]],[[110.4365,37.08],[110.4365,36.96]],[[110.6788,36.96],[110.5577,36.96]],[[110.5577,36.96],[110.5577,37.08]],[[110.8,36.96],[110.6788,36.96]],[[110.9212,36.96],[110.8,36.96]],[[111.0423,36.96],[110.9212,36.96]],[[111.1635,36.96],[111.0423,36.96]],[[111.7692,37.08],[111.7692,36.96]],[[111.8904,37.08],[112.0115,37.08]],[[111.8904,36.96],[111.8904,37.08]],[[112.1327,37.08],[112.1327,36.96]],[[112.375,37.08],[112.4962,37.08]],[[112.375,36.96],[112.375,37.08]],[[112.6173,36.96],[112.4962,36.96]],[[113.3442,36.96],[113.2231,36.96]],[[113.7077,37.08],[113.7077,36.96]],[[113.7077,36.96],[113.5865,36.96]],[[114.4346,36.96],[114.3135,36.96]],[[114.3135,36.96],[114.3135,37.08]],[[114.5558,37.08],[114.5558,36.96]],[[114.5558,36.96],[114.4346,36.96]],[[114.7981,37.08],[114.7981,36.96]],[[114.6769,36.96],[114.6769,37.08]],[[114.9192,37.08],[115.0404,37.08]],[[114.9192,36.96],[114.9192,37.08]],[[115.0404,37.08],[115.1615,37.08]],[[115.1615,37.08],[115.1615,36.96]],[[115.2827,36.96],[115.2827,37.08]],[[115.525,36.96],[115.4038,36.96]],[[115.6462,36.96],[115.525,36.96]],[[115.6462,37.08],[115.7673,37.08]],[[115.7673,37.08],[115.7673,36.96]],[[115.7673,36.96],[115.6462,36.96]],[[116.4942,37.08],[116.4942,36.96]],[[116.3731,36.96],[116.3731,37.08]],[[116.8577,37.08],[116.8577,36.96]],[[116.7365,36.96],[116.7365,37.08]],[[116.9788,36.96],[116.9788,37.08]],[[117.3423,37.08],[117.4635,37.08]],[[117.9481,37.08],[118.0692,37.08]],[[118.0692,37.08],[118.0692,36.96]],[[118.4327,36.96],[118.3115,36.96]],[[118.3115,36.96],[118.3115,37.08]],[[118.5538,36.96],[118.4327,36.96]],[[118.675,36.96],[118.5538,36.96]],[[119.0385,37.08],[119.0385,36.96]],[[119.1596,37.08],[119.2808,37.08]],[[119.1596,36.96],[119.1596,37.08]],[[119.6442,37.08],[119.6442,36.96]],[[120.25,36.96],[120.25,37.08]],[[120.4923,37.08],[120.6135,37.08]],[[120.6135,37.08],[120.7346,37.08]],[[120.7346,37.08],[120.8558,37.08]],[[120.8558,37.08],[120.9769,37.08]],[[121.4615,36.96],[121.3404,36.96]],[[121.7038,37.08],[121.7038,36.96]],[[121.9462,36.96],[121.825,36.96]],[[121.825,36.96],[121.825,37.08]],[[122.0673,36.96],[121.9462,36.96]],[[122.1885,36.96],[122.0673,36.96]],[[122.5519,37.08],[122.5519,36.96]],[[105.2269,36.96],[105.3481,36.96]],[[105.2269,36.84],[105.2269,36.96]],[[106.5596,36.84],[106.4385,36.84]],[[107.4077,36.96],[107.5288,36.96]],[[107.5288,36.96],[107.65,36.96]],[[108.8615,36.96],[108.8615,36.84]],[[109.1038,36.84],[109.1038,36.96]],[[109.4673,36.84],[109.3462,36.84]],[[109.5885,36.96],[109.7096,36.96]],[[109.7096,36.96],[109.7096,36.84]],[[109.8308,36.96],[109.9519,36.96]],[[109.8308,36.84],[109.8308,36.96]],[[109.9519,36.96],[110.0731,36.96]],[[110.0731,36.84],[109.9519,36.84]],[[110.0731,36.96],[110.1942,36.96]],[[110.4365,36.96],[110.5577,36.96]],[[110.5577,36.96],[110.5577,36.84]],[[111.2846,36.84],[111.1635,36.84]],[[111.1635,36.84],[111.1635,36.96]],[[111.5269,36.84],[111.4058,36.84]],[[111.7692,36.96],[111.7692,36.84]],[[112.0115,36.84],[111.8904,36.84]],[[111.8904,36.84],[111.8904,36.96]],[[112.1327,36.96],[112.2538,36.96]],[[112.2538,36.96],[112.375,36.96]],[[112.4962,36.96],[112.4962,36.84]],[[112.6173,36.84],[112.6173,36.96]],[[113.2231,36.96],[113.2231,36.84]],[[113.3442,36.84],[113.3442,36.96]],[[113.5865,36.96],[113.5865,36.84]],[[113.5865,36.84],[113.4654,36.84]],[[113.8288,36.96],[113.95,36.96]],[[113.8288,36.84],[113.8288,36.96]],[[113.95,36.96],[114.0712,36.96]],[[114.0712,36.96],[114.1923,36.96]],[[114.1923,36.96],[114.1923,36.84]],[[114.6769,36.84],[114.6769,36.96]],[[114.7981,36.96],[114.9192,36.96]],[[115.1615,36.84],[115.0404,36.84]],[[115.1615,36.96],[115.2827,36.96]],[[115.4038,36.96],[115.4038,36.84]],[[115.4038,36.84],[115.2827,36.84]],[[116.2519,36.96],[116.3731,36.96]],[[116.2519,36.84],[116.2519,36.96]],[[116.4942,36.96],[116.6154,36.96]],[[116.6154,36.96],[116.7365,36.96]],[[116.8577,36.96],[116.8577,36.84]],[[116.9788,36.84],[116.9788,36.96]],[[118.0692,36.96],[118.1904,36.96]],[[118.1904,36.96],[118.1904,36.84]],[[118.7962,36.84],[118.675,36.84]],[[118.675,36.84],[118.675,36.96]],[[118.9173,36.84],[118.7962,36.84]],[[119.0385,36.96],[119.1596,36.96]],[[119.6442,36.96],[119.7654,36.96]],[[119.7654,36.96],[119.8865,36.96]],[[119.8865,36.96],[120.0077,36.96]],[[120.0077,36.96],[120.1288,36.96]],[[120.1288,36.96],[120.25,36.96]],[[121.3404,36.96],[121.3404,36.84]],[[121.5827,36.84],[121.4615,36.84]],[[121.4615,36.84],[121.4615,36.96]],[[121.7038,36.96],[121.7038,36.84]],[[122.3096,36.84],[122.1885,36.84]],[[122.1885,36.84],[122.1885,36.96]],[[122.4308,36.84],[122.3096,36.84]],[[122.5519,36.96],[122.5519,36.84]],[[122.5519,36.84],[122.4308,36.84]],[[105.3481,36.72],[105.2269,36.72]],[[105.2269,36.72],[105.2269,36.84]],[[106.4385,36.84],[106.4385,36.72]],[[106.5596,36.72],[106.5596,36.84]],[[108.8615,36.84],[108.8615,36.72]],[[108.9827,36.84],[109.1038,36.84]],[[108.9827,36.72],[108.9827,36.84]],[[109.3462,36.84],[109.3462,36.72]],[[109.3462,36.72],[109.225,36.72]],[[109.4673,36.72],[109.4673,36.84]],[[109.7096,36.84],[109.8308,36.84]],[[109.9519,36.84],[109.9519,36.72]],[[110.0731,36.72],[110.0731,36.84]],[[110.3154,36.72],[110.1942,36.72]],[[110.5577,36.84],[110.6788,36.84]],[[110.6788,36.84],[110.8,36.84]],[[110.8,36.72],[110.6788,36.72]],[[110.8,36.84],[110.9212,36.84]],[[110.9212,36.84],[111.0423,36.84]],[[111.0423,36.84],[111.1635,36.84]],[[111.1635,36.84],[111.1635,36.72]],[[111.4058,36.84],[111.4058,36.72]],[[111.2846,36.72],[111.2846,36.84]],[[111.6481,36.72],[111.5269,36.72]],[[111.5269,36.72],[111.5269,36.84]],[[111.7692,36.72],[111.6481,36.72]],[[111.7692,36.84],[111.8904,36.84]],[[111.8904,36.84],[111.8904,36.72]],[[111.8904,36.72],[111.7692,36.72]],[[112.1327,36.72],[112.0115,36.72]],[[112.0115,36.72],[112.0115,36.84]],[[112.4962,36.84],[112.4962,36.72]],[[112.6173,36.72],[112.6173,36.84]],[[113.2231,36.84],[113.3442,36.84]],[[113.4654,36.84],[113.4654,36.72]],[[113.5865,36.84],[113.7077,36.84]],[[113.7077,36.84],[113.7077,36.72]],[[113.5865,36.72],[113.5865,36.84]],[[113.8288,36.72],[113.8288,36.84]],[[114.1923,36.84],[114.3135,36.84]],[[114.3135,36.84],[114.3135,36.72]],[[114.4346,36.84],[114.5558,36.84]],[[114.4346,36.72],[114.4346,36.84]],[[114.5558,36.84],[114.6769,36.84]],[[115.0404,36.84],[115.0404,36.72]],[[115.0404,36.72],[114.9192,36.72]],[[115.2827,36.84],[115.2827,36.72]],[[115.1615,36.72],[115.1615,36.84]],[[115.4038,36.84],[115.525,36.84]],[[115.4038,36.72],[115.4038,36.84]],[[115.525,36.84],[115.6462,36.84]],[[115.6462,36.84],[115.7673,36.84]],[[115.7673,36.84],[115.8885,36.84]],[[115.8885,36.72],[115.7673,36.72]],[[115.8885,36.84],[116.0096,36.84]],[[116.0096,36.84],[116.0096,36.72]],[[116.0096,36.72],[115.8885,36.72]],[[116.3731,36.72],[116.2519,36.72]],[[116.2519,36.72],[116.2519,36.84]],[[116.4942,36.72],[116.3731,36.72]],[[116.8577,36.84],[116.9788,36.84]],[[117.7058,36.72],[117.5846,36.72]],[[117.9481,36.72],[117.8269,36.72]],[[118.1904,36.84],[118.3115,36.84]],[[118.3115,36.84],[118.3115,36.72]],[[118.4327,36.84],[118.5538,36.84]],[[118.4327,36.72],[118.4327,36.84]],[[118.5538,36.84],[118.675,36.84]],[[118.675,36.84],[118.675,36.72]],[[119.0385,36.72],[118.9173,36.72]],[[118.9173,36.72],[118.9173,36.84]],[[121.0981,36.72],[120.9769,36.72]],[[121.2192,36.72],[121.0981,36.72]],[[121.3404,36.72],[121.2192,36.72]],[[121.3404,36.84],[121.4615,36.84]],[[121.4615,36.84],[121.4615,36.72]],[[121.4615,36.72],[121.3404,36.72]],[[121.7038,36.84],[121.7038,36.72]],[[121.7038,36.72],[121.5827,36.72]],[[121.5827,36.72],[121.5827,36.84]],[[105.3481,36.6],[105.3481,36.72]],[[106.4385,36.72],[106.4385,36.6]],[[106.4385,36.6],[106.3173,36.6]],[[106.5596,36.6],[106.5596,36.72]],[[108.8615,36.6],[108.7404,36.6]],[[108.8615,36.72],[108.9827,36.72]],[[109.225,36.72],[109.225,36.6]],[[109.3462,36.72],[109.4673,36.72]],[[109.3462,36.6],[109.3462,36.72]],[[109.9519,36.72],[110.0731,36.72]],[[110.1942,36.72],[110.1942,36.6]],[[110.3154,36.6],[110.3154,36.72]],[[110.5577,36.6],[110.4365,36.6]],[[110.6788,36.72],[110.6788,36.6]],[[110.6788,36.6],[110.5577,36.6]],[[110.9212,36.6],[110.8,36.6]],[[110.8,36.6],[110.8,36.72]],[[111.0423,36.6],[110.9212,36.6]],[[111.1635,36.6],[111.0423,36.6]],[[111.1635,36.72],[111.2846,36.72]],[[111.2846,36.6],[111.1635,36.6]],[[111.4058,36.72],[111.5269,36.72]],[[111.5269,36.72],[111.5269,36.6]],[[111.5269,36.6],[111.4058,36.6]],[[112.2538,36.6],[112.1327,36.6]],[[112.1327,36.6],[112.1327,36.72]],[[112.4962,36.72],[112.6173,36.72]],[[113.4654,36.72],[113.5865,36.72]],[[113.7077,36.72],[113.8288,36.72]],[[114.1923,36.6],[114.0712,36.6]],[[114.3135,36.72],[114.3135,36.6]],[[114.5558,36.6],[114.4346,36.6]],[[114.4346,36.6],[114.4346,36.72]],[[114.9192,36.72],[114.9192,36.6]],[[115.0404,36.72],[115.1615,36.72]],[[115.1615,36.6],[115.0404,36.6]],[[115.0404,36.6],[115.0404,36.72]],[[115.2827,36.72],[115.2827,36.6]],[[115.2827,36.6],[115.1615,36.6]],[[115.4038,36.6],[115.4038,36.72]],[[115.7673,36.72],[115.7673,36.6]],[[116.4942,36.6],[116.4942,36.72]],[[117.5846,36.72],[117.5846,36.6]],[[117.8269,36.72],[117.8269,36.6]],[[117.8269,36.6],[117.7058,36.6]],[[117.7058,36.6],[117.7058,36.72]],[[117.9481,36.6],[117.9481,36.72]],[[118.3115,36.72],[118.3115,36.6]],[[118.3115,36.6],[118.1904,36.6]],[[118.4327,36.6],[118.4327,36.72]],[[118.675,36.72],[118.675,36.6]],[[119.1596,36.6],[119.0385,36.6]],[[119.0385,36.6],[119.0385,36.72]],[[119.2808,36.6],[119.1596,36.6]],[[120.25,36.6],[120.1288,36.6]],[[120.9769,36.72],[120.9769,36.6]],[[105.3481,36.48],[105.3481,36.6]],[[106.3173,36.6],[106.3173,36.48]],[[106.5596,36.48],[106.5596,36.6]],[[108.6192,36.48],[108.4981,36.48]],[[108.7404,36.6],[108.7404,36.48]],[[108.8615,36.48],[108.8615,36.6]],[[109.225,36.6],[109.3462,36.6]],[[109.3462,36.48],[109.225,36.48]],[[110.1942,36.6],[110.3154,36.6]],[[110.4365,36.6],[110.4365,36.48]],[[110.6788,36.6],[110.8,36.6]],[[110.8,36.6],[110.8,36.48]],[[110.6788,36.48],[110.6788,36.6]],[[111.4058,36.6],[111.4058,36.48]],[[111.4058,36.48],[111.2846,36.48]],[[111.2846,36.48],[111.2846,36.6]],[[111.5269,36.6],[111.6481,36.6]],[[111.5269,36.48],[111.5269,36.6]],[[111.6481,36.6],[111.7692,36.6]],[[111.7692,36.6],[111.8904,36.6]],[[111.8904,36.48],[111.7692,36.48]],[[111.8904,36.6],[112.0115,36.6]],[[112.0115,36.6],[112.0115,36.48]],[[112.0115,36.48],[111.8904,36.48]],[[112.375,36.48],[112.2538,36.48]],[[112.2538,36.48],[112.2538,36.6]],[[112.9808,36.48],[112.8596,36.48]],[[113.5865,36.48],[113.4654,36.48]],[[113.7077,36.48],[113.5865,36.48]],[[113.8288,36.48],[113.7077,36.48]],[[114.0712,36.6],[114.0712,36.48]],[[114.3135,36.6],[114.3135,36.48]],[[114.1923,36.48],[114.1923,36.6]],[[114.6769,36.48],[114.5558,36.48]],[[114.5558,36.48],[114.5558,36.6]],[[114.7981,36.48],[114.6769,36.48]],[[114.9192,36.48],[114.7981,36.48]],[[114.9192,36.6],[115.0404,36.6]],[[115.0404,36.6],[115.0404,36.48]],[[115.4038,36.48],[115.4038,36.6]],[[115.7673,36.48],[115.6462,36.48]],[[115.7673,36.6],[115.8885,36.6]],[[115.8885,36.6],[115.8885,36.48]],[[115.8885,36.48],[115.7673,36.48]],[[116.0096,36.6],[116.1308,36.6]],[[116.1308,36.48],[116.0096,36.48]],[[116.0096,36.48],[116.0096,36.6]],[[116.1308,36.6],[116.2519,36.6]],[[116.2519,36.6],[116.3731,36.6]],[[116.3731,36.6],[116.3731,36.48]],[[116.4942,36.48],[116.4942,36.6]],[[117.5846,36.6],[117.7058,36.6]],[[117.7058,36.6],[117.7058,36.48]],[[117.8269,36.6],[117.9481,36.6]],[[117.8269,36.48],[117.8269,36.6]],[[118.1904,36.6],[118.1904,36.48]],[[118.1904,36.48],[118.0692,36.48]],[[118.3115,36.6],[118.4327,36.6]],[[118.3115,36.48],[118.3115,36.6]],[[118.675,36.6],[118.7962,36.6]],[[118.7962,36.6],[118.9173,36.6]],[[118.9173,36.6],[119.0385,36.6]],[[119.0385,36.6],[119.0385,36.48]],[[119.2808,36.48],[119.2808,36.6]],[[119.5231,36.48],[119.4019,36.48]],[[120.1288,36.6],[120.1288,36.48]],[[120.3712,36.48],[120.25,36.48]],[[120.25,36.48],[120.25,36.6]],[[120.9769,36.6],[120.9769,36.48]],[[120.9769,36.48],[120.8558,36.48]],[[105.4692,36.36],[105.3481,36.36]],[[105.3481,36.36],[105.3481,36.48]],[[106.3173,36.48],[106.4385,36.48]],[[106.4385,36.48],[106.5596,36.48]],[[108.4981,36.48],[108.4981,36.36]],[[108.4981,36.36],[108.3769,36.36]],[[108.6192,36.36],[108.6192,36.48]],[[108.7404,36.48],[108.8615,36.48]],[[108.9827,36.36],[108.8615,36.36]],[[109.225,36.48],[109.225,36.36]],[[109.4673,36.36],[109.3462,36.36]],[[109.3462,36.36],[109.3462,36.48]],[[110.4365,36.48],[110.4365,36.36]],[[110.5577,36.48],[110.6788,36.48]],[[110.5577,36.36],[110.5577,36.48]],[[110.8,36.36],[110.6788,36.36]],[[110.8,36.48],[110.9212,36.48]],[[110.9212,36.36],[110.8,36.36]],[[110.9212,36.48],[111.0423,36.48]],[[111.0423,36.48],[111.1635,36.48]],[[111.1635,36.36],[111.0423,36.36]],[[111.1635,36.48],[111.2846,36.48]],[[111.2846,36.48],[111.2846,36.36]],[[111.4058,36.48],[111.5269,36.48]],[[111.4058,36.36],[111.4058,36.48]],[[111.7692,36.48],[111.7692,36.36]],[[112.0115,36.48],[112.1327,36.48]],[[112.0115,36.36],[112.0115,36.48]],[[112.1327,36.48],[112.2538,36.48]],[[112.2538,36.48],[112.2538,36.36]],[[112.375,36.36],[112.375,36.48]],[[112.6173,36.36],[112.4962,36.36]],[[112.7385,36.36],[112.6173,36.36]],[[112.8596,36.48],[112.8596,36.36]],[[112.8596,36.36],[112.7385,36.36]],[[112.9808,36.36],[112.9808,36.48]],[[113.3442,36.36],[113.2231,36.36]],[[113.4654,36.48],[113.4654,36.36]],[[113.8288,36.36],[113.8288,36.48]],[[114.0712,36.48],[114.1923,36.48]],[[114.3135,36.48],[114.4346,36.48]],[[114.4346,36.48],[114.4346,36.36]],[[114.9192,36.36],[114.9192,36.48]],[[115.0404,36.48],[115.1615,36.48]],[[115.1615,36.36],[115.0404,36.36]],[[115.1615,36.48],[115.2827,36.48]],[[115.2827,36.48],[115.2827,36.36]],[[115.4038,36.36],[115.4038,36.48]],[[115.6462,36.48],[115.6462,36.36]],[[115.8885,36.48],[116.0096,36.48]],[[116.0096,36.48],[116.0096,36.36]],[[115.8885,36.36],[115.8885,36.48]],[[116.1308,36.36],[116.1308,36.48]],[[116.3731,36.48],[116.4942,36.48]],[[116.4942,36.36],[116.3731,36.36]],[[116.6154,36.36],[116.4942,36.36]],[[116.7365,36.36],[116.6154,36.36]],[[116.8577,36.36],[116.7365,36.36]],[[116.9788,36.36],[116.8577,36.36]],[[117.4635,36.36],[117.3423,36.36]],[[117.7058,36.48],[117.8269,36.48]],[[117.9481,36.36],[117.8269,36.36]],[[118.0692,36.48],[118.0692,36.36]],[[118.0692,36.36],[117.9481,36.36]],[[118.1904,36.48],[118.3115,36.48]],[[118.1904,36.36],[118.1904,36.48]],[[118.9173,36.36],[118.7962,36.36]],[[119.0385,36.48],[119.1596,36.48]],[[119.1596,36.48],[119.2808,36.48]],[[119.4019,36.48],[119.4019,36.36]],[[119.5231,36.36],[119.5231,36.48]],[[120.1288,36.48],[120.1288,36.36]],[[120.4923,36.36],[120.3712,36.36]],[[120.3712,36.36],[120.3712,36.48]],[[120.6135,36.36],[120.4923,36.36]],[[120.7346,36.36],[120.6135,36.36]],[[120.8558,36.48],[120.8558,36.36]],[[120.8558,36.36],[120.7346,36.36]],[[105.4692,36.24],[105.4692,36.36]],[[108.0135,36.24],[107.8923,36.24]],[[108.1346,36.24],[108.0135,36.24]],[[108.3769,36.36],[108.3769,36.24]],[[108.6192,36.24],[108.6192,36.36]],[[108.8615,36.36],[108.8615,36.24]],[[108.9827,36.24],[108.9827,36.36]],[[109.225,36.24],[109.1038,36.24]],[[109.225,36.36],[109.3462,36.36]],[[109.3462,36.36],[109.3462,36.24]],[[109.3462,36.24],[109.225,36.24]],[[109.5885,36.24],[109.4673,36.24]],[[109.4673,36.24],[109.4673,36.36]],[[109.7096,36.24],[109.5885,36.24]],[[109.8308,36.24],[109.7096,36.24]],[[109.9519,36.24],[109.8308,36.24]],[[110.0731,36.24],[109.9519,36.24]],[[110.4365,36.36],[110.5577,36.36]],[[110.6788,36.36],[110.6788,36.24]],[[111.0423,36.36],[111.0423,36.24]],[[110.9212,36.24],[110.9212,36.36]],[[111.1635,36.24],[111.1635,36.36]],[[111.2846,36.36],[111.4058,36.36]],[[111.7692,36.36],[111.8904,36.36]],[[111.8904,36.24],[111.7692,36.24]],[[111.8904,36.36],[112.0115,36.36]],[[112.2538,36.36],[112.375,36.36]],[[112.4962,36.36],[112.4962,36.24]],[[112.9808,36.24],[112.9808,36.36]],[[113.2231,36.36],[113.2231,36.24]],[[113.3442,36.24],[113.3442,36.36]],[[113.4654,36.36],[113.5865,36.36]],[[113.5865,36.36],[113.7077,36.36]],[[113.7077,36.36],[113.7077,36.24]],[[113.8288,36.24],[113.8288,36.36]],[[114.0712,36.24],[113.95,36.24]],[[114.4346,36.36],[114.5558,36.36]],[[114.5558,36.36],[114.6769,36.36]],[[114.6769,36.36],[114.6769,36.24]],[[114.6769,36.24],[114.5558,36.24]],[[115.0404,36.36],[115.0404,36.24]],[[114.9192,36.24],[114.9192,36.36]],[[115.1615,36.24],[115.1615,36.36]],[[115.2827,36.36],[115.4038,36.36]],[[115.6462,36.36],[115.6462,36.24]],[[115.7673,36.36],[115.8885,36.36]],[[115.7673,36.24],[115.7673,36.36]],[[116.0096,36.36],[116.1308,36.36]],[[116.3731,36.36],[116.3731,36.24]],[[116.9788,36.24],[116.9788,36.36]],[[117.3423,36.36],[117.3423,36.24]],[[117.4635,36.24],[117.4635,36.36]],[[117.8269,36.36],[117.8269,36.24]],[[118.0692,36.36],[118.1904,36.36]],[[118.0692,36.24],[118.0692,36.36]],[[118.7962,36.36],[118.7962,36.24]],[[118.7962,36.24],[118.675,36.24]],[[119.0385,36.24],[118.9173,36.24]],[[118.9173,36.24],[118.9173,36.36]],[[119.1596,36.24],[119.0385,36.24]],[[119.2808,36.24],[119.1596,36.24]],[[119.4019,36.36],[119.5231,36.36]],[[120.1288,36.36],[120.25,36.36]],[[120.25,36.24],[120.1288,36.24]],[[120.25,36.36],[120.3712,36.36]],[[120.3712,36.36],[120.3712,36.24]],[[120.3712,36.24],[120.25,36.24]],[[103.0462,36.24],[103.1673,36.24]],[[103.0462,36.12],[103.0462,36.24]],[[103.1673,36.24],[103.2885,36.24]],[[103.2885,36.24],[103.2885,36.12]],[[105.4692,36.12],[105.4692,36.24]],[[107.4077,36.12],[107.2865,36.12]],[[107.8923,36.24],[107.8923,36.12]],[[108.1346,36.12],[108.1346,36.24]],[[108.3769,36.24],[108.4981,36.24]],[[108.4981,36.24],[108.6192,36.24]],[[108.8615,36.24],[108.9827,36.24]],[[109.1038,36.24],[109.1038,36.12]],[[110.0731,36.12],[110.0731,36.24]],[[110.6788,36.24],[110.8,36.24]],[[110.8,36.24],[110.9212,36.24]],[[110.9212,36.12],[110.8,36.12]],[[111.0423,36.24],[111.0423,36.12]],[[111.1635,36.12],[111.1635,36.24]],[[111.7692,36.24],[111.7692,36.12]],[[112.0115,36.12],[111.8904,36.12]],[[111.8904,36.12],[111.8904,36.24]],[[112.1327,36.12],[112.0115,36.12]],[[112.4962,36.24],[112.4962,36.12]],[[112.9808,36.12],[112.9808,36.24]],[[113.2231,36.24],[113.2231,36.12]],[[113.4654,36.12],[113.3442,36.12]],[[113.3442,36.12],[113.3442,36.24]],[[113.7077,36.24],[113.7077,36.12]],[[113.95,36.24],[113.95,36.12]],[[113.8288,36.12],[113.8288,36.24]],[[114.1923,36.12],[114.0712,36.12]],[[114.0712,36.12],[114.0712,36.24]],[[114.5558,36.24],[114.5558,36.12]],[[114.5558,36.12],[114.4346,36.12]],[[114.7981,36.24],[114.9192,36.24]],[[114.7981,36.12],[114.7981,36.24]],[[115.0404,36.12],[114.9192,36.12]],[[115.0404,36.24],[115.1615,36.24]],[[115.6462,36.24],[115.6462,36.12]],[[115.8885,36.12],[115.7673,36.12]],[[115.7673,36.12],[115.7673,36.24]],[[116.1308,36.12],[116.0096,36.12]],[[116.3731,36.24],[116.4942,36.24]],[[116.4942,36.24],[116.6154,36.24]],[[116.6154,36.12],[116.4942,36.12]],[[116.6154,36.24],[116.7365,36.24]],[[116.7365,36.24],[116.8577,36.24]],[[116.8577,36.24],[116.9788,36.24]],[[117.3423,36.24],[117.4635,36.24]],[[117.5846,36.12],[117.4635,36.12]],[[117.8269,36.24],[117.8269,36.12]],[[117.9481,36.24],[118.0692,36.24]],[[117.9481,36.12],[117.9481,36.24]],[[118.675,36.24],[118.675,36.12]],[[119.2808,36.12],[119.2808,36.24]],[[120.1288,36.24],[120.1288,36.12]],[[120.3712,36.24],[120.4923,36.24]],[[120.4923,36.12],[120.3712,36.12]],[[120.3712,36.12],[120.3712,36.24]],[[120.4923,36.24],[120.6135,36.24]],[[120.6135,36.24],[120.6135,36.12]],[[120.6135,36.12],[120.4923,36.12]],[[103.0462,36.0],[103.0462,36.12]],[[103.2885,36.12],[103.4096,36.12]],[[103.4096,36.12],[103.5308,36.12]],[[103.5308,36.12],[103.5308,36.0]],[[105.4692,36.0],[105.4692,36.12]],[[107.2865,36.12],[107.2865,36.0]],[[107.4077,36.0],[107.4077,36.12]],[[107.8923,36.12],[108.0135,36.12]],[[108.0135,36.0],[107.8923,36.0]],[[108.0135,36.12],[108.1346,36.12]],[[109.1038,36.12],[109.225,36.12]],[[109.225,36.12],[109.3462,36.12]],[[109.3462,36.12],[109.4673,36.12]],[[109.4673,36.12],[109.5885,36.12]],[[109.5885,36.12],[109.5885,36.0]],[[109.7096,36.12],[109.8308,36.12]],[[109.7096,36.0],[109.7096,36.12]],[[109.8308,36.12],[109.9519,36.12]],[[109.9519,36.12],[110.0731,36.12]],[[110.8,36.12],[110.8,36.0]],[[110.9212,36.0],[110.9212,36.12]],[[111.0423,36.12],[111.1635,36.12]],[[111.2846,36.0],[111.1635,36.0]],[[111.7692,36.12],[111.7692,36.0]],[[111.7692,36.0],[111.6481,36.0]],[[112.1327,36.0],[112.1327,36.12]],[[112.375,36.0],[112.2538,36.0]],[[112.4962,36.12],[112.4962,36.0]],[[112.4962,36.0],[112.375,36.0]],[[112.6173,36.12],[112.7385,36.12]],[[112.6173,36.0],[112.6173,36.12]],[[112.7385,36.12],[112.8596,36.12]],[[112.8596,36.12],[112.9808,36.12]],[[113.2231,36.12],[113.2231,36.0]],[[113.5865,36.0],[113.4654,36.0]],[[113.4654,36.0],[113.4654,36.12]],[[113.7077,36.0],[113.5865,36.0]],[[113.7077,36.12],[113.8288,36.12]],[[113.95,36.12],[113.95,36.0]],[[114.1923,36.0],[114.1923,36.12]],[[114.4346,36.12],[114.4346,36.0]],[[114.9192,36.12],[114.9192,36.0]],[[114.7981,36.0],[114.7981,36.12]],[[115.0404,36.0],[115.0404,36.12]],[[115.6462,36.12],[115.6462,36.0]],[[116.0096,36.12],[116.0096,36.0]],[[116.0096,36.0],[115.8885,36.0]],[[115.8885,36.0],[115.8885,36.12]],[[116.1308,36.0],[116.1308,36.12]],[[116.4942,36.12],[116.4942,36.0]],[[116.7365,36.0],[116.6154,36.0]],[[116.6154,36.0],[116.6154,36.12]],[[117.1,36.0],[116.9788,36.0]],[[117.2212,36.0],[117.1,36.0]],[[117.3423,36.0],[117.2212,36.0]],[[117.4635,36.12],[117.4635,36.0]],[[117.5846,36.0],[117.5846,36.12]],[[117.8269,36.12],[117.9481,36.12]],[[118.675,36.12],[118.7962,36.12]],[[118.7962,36.12],[118.9173,36.12]],[[118.9173,36.12],[119.0385,36.12]],[[119.0385,36.12],[119.0385,36.0]],[[119.1596,36.12],[119.2808,36.12]],[[119.1596,36.0],[119.1596,36.12]],[[120.1288,36.12],[120.25,36.12]],[[120.25,36.12],[120.25,36.0]],[[102.925,36.0],[103.0462,36.0]],[[102.925,35.88],[102.925,36.0]],[[103.5308,36.0],[103.5308,35.88]],[[104.6212,36.0],[104.7423,36.0]],[[104.7423,36.0],[104.7423,35.88]],[[104.6212,35.88],[104.6212,36.0]],[[105.3481,36.0],[105.4692,36.0]],[[105.4692,35.88],[105.3481,35.88]],[[105.3481,35.88],[105.3481,36.0]],[[107.2865,36.0],[107.2865,35.88]],[[107.5288,35.88],[107.4077,35.88]],[[107.4077,35.88],[107.4077,36.0]],[[107.8923,36.0],[107.8923,35.88]],[[108.0135,35.88],[108.0135,36.0]],[[108.4981,35.88],[108.3769,35.88]],[[109.1038,35.88],[108.9827,35.88]],[[109.4673,35.88],[109.3462,35.88]],[[109.5885,36.0],[109.7096,36.0]],[[110.6788,35.88],[110.5577,35.88]],[[110.8,35.88],[110.6788,35.88]],[[110.8,36.0],[110.9212,36.0]],[[110.9212,35.88],[110.8,35.88]],[[111.0423,35.88],[110.9212,35.88]],[[111.1635,36.0],[111.1635,35.88]],[[111.2846,35.88],[111.2846,36.0]],[[111.6481,36.0],[111.6481,35.88]],[[111.6481,35.88],[111.5269,35.88]],[[111.7692,36.0],[111.8904,36.0]],[[111.7692,35.88],[111.7692,36.0]],[[111.8904,36.0],[112.0115,36.0]],[[112.0115,36.0],[112.0115,35.88]],[[112.2538,36.0],[112.2538,35.88]],[[112.1327,35.88],[112.1327,36.0]],[[112.6173,35.88],[112.6173,36.0]],[[113.2231,36.0],[113.3442,36.0]],[[113.3442,36.0],[113.4654,36.0]],[[113.4654,36.0],[113.4654,35.88]],[[113.7077,35.88],[113.7077,36.0]],[[113.95,36.0],[113.95,35.88]],[[114.0712,36.0],[114.1923,36.0]],[[114.1923,35.88],[114.0712,35.88]],[[114.0712,35.88],[114.0712,36.0]],[[114.4346,36.0],[114.5558,36.0]],[[114.5558,36.0],[114.5558,35.88]],[[114.5558,35.88],[114.4346,35.88]],[[114.6769,36.0],[114.7981,36.0]],[[114.6769,35.88],[114.6769,36.0]],[[114.9192,36.0],[115.0404,36.0]],[[115.4038,35.88],[115.2827,35.88]],[[115.6462,36.0],[115.7673,36.0]],[[115.7673,35.88],[115.6462,35.88]],[[115.7673,36.0],[115.8885,36.0]],[[115.8885,36.0],[115.8885,35.88]],[[116.0096,36.0],[116.1308,36.0]],[[116.0096,35.88],[116.0096,36.0]],[[116.2519,35.88],[116.1308,35.88]],[[116.4942,36.0],[116.4942,35.88]],[[116.7365,35.88],[116.7365,36.0]],[[116.9788,36.0],[116.9788,35.88]],[[117.3423,35.88],[117.3423,36.0]],[[117.4635,36.0],[117.5846,36.0]],[[119.0385,36.0],[119.1596,36.0]],[[120.1288,35.88],[120.0077,35.88]],[[120.25,36.0],[120.25,35.88]],[[120.25,35.88],[120.1288,35.88]],[[102.925,35.76],[102.925,35.88]],[[103.5308,35.88],[103.5308,35.76]],[[104.5,35.88],[104.6212,35.88]],[[104.5,35.76],[104.5,35.88]],[[104.7423,35.88],[104.8635,35.88]],[[104.8635,35.88],[104.8635,35.76]],[[105.4692,35.76],[105.4692,35.88]],[[106.6808,35.76],[106.5596,35.76]],[[106.8019,35.76],[106.6808,35.76]],[[107.2865,35.88],[107.4077,35.88]],[[107.4077,35.88],[107.4077,35.76]],[[107.5288,35.76],[107.5288,35.88]],[[107.8923,35.76],[107.7712,35.76]],[[107.8923,35.88],[108.0135,35.88]],[[108.3769,35.88],[108.3769,35.76]],[[108.6192,35.76],[108.4981,35.76]],[[108.4981,35.76],[108.4981,35.88]],[[108.9827,35.88],[108.9827,35.76]],[[109.1038,35.76],[109.1038,35.88]],[[109.3462,35.88],[109.3462,35.76]],[[109.4673,35.76],[109.4673,35.88]],[[110.5577,35.88],[110.5577,35.76]],[[111.1635,35.88],[111.1635,35.76]],[[111.0423,35.76],[111.0423,35.88]],[[111.4058,35.76],[111.2846,35.76]],[[111.2846,35.76],[111.2846,35.88]],[[111.5269,35.88],[111.5269,35.76]],[[111.6481,35.88],[111.7692,35.88]],[[111.7692,35.76],[111.6481,35.76]],[[111.6481,35.76],[111.6481,35.88]],[[112.0115,35.88],[112.1327,35.88]],[[112.2538,35.88],[112.375,35.88]],[[112.375,35.88],[112.4962,35.88]],[[112.4962,35.76],[112.375,35.76]],[[112.4962,35.88],[112.6173,35.88]],[[113.4654,35.88],[113.5865,35.88]],[[113.5865,35.76],[113.4654,35.76]],[[113.5865,35.88],[113.7077,35.88]],[[113.95,35.76],[113.8288,35.76]],[[113.95,35.88],[114.0712,35.88]],[[114.0712,35.88],[114.0712,35.76]],[[114.1923,35.76],[114.1923,35.88]],[[114.4346,35.88],[114.4346,35.76]],[[114.5558,35.88],[114.6769,35.88]],[[114.5558,35.76],[114.5558,35.88]],[[114.7981,35.76],[114.6769,35.76]],[[115.2827,35.88],[115.2827,35.76]],[[115.525,35.76],[115.4038,35.76]],[[115.4038,35.76],[115.4038,35.88]],[[115.6462,35.88],[115.6462,35.76]],[[115.6462,35.76],[115.525,35.76]],[[115.7673,35.76],[115.7673,35.88]],[[115.8885,35.88],[116.0096,35.88]],[[116.1308,35.88],[116.1308,35.76]],[[116.1308,35.76],[116.0096,35.76]],[[116.3731,35.76],[116.2519,35.76]],[[116.2519,35.76],[116.2519,35.88]],[[116.4942,35.88],[116.6154,35.88]],[[116.6154,35.88],[116.7365,35.88]],[[116.7365,35.76],[116.6154,35.76]],[[116.8577,35.76],[116.7365,35.76]],[[116.9788,35.76],[116.8577,35.76]],[[116.9788,35.88],[117.1,35.88]],[[117.1,35.88],[117.1,35.76]],[[117.1,35.76],[116.9788,35.76]],[[117.3423,35.76],[117.3423,35.88]],[[117.5846,35.76],[117.4635,35.76]],[[117.7058,35.76],[117.5846,35.76]],[[119.8865,35.76],[119.7654,35.76]],[[120.0077,35.88],[120.0077,35.76]],[[120.0077,35.76],[119.8865,35.76]],[[102.8038,35.76],[102.925,35.76]],[[102.8038,35.64],[102.8038,35.76]],[[103.5308,35.76],[103.6519,35.76]],[[103.6519,35.76],[103.7731,35.76]],[[103.7731,35.76],[103.8942,35.76]],[[103.8942,35.76],[103.8942,35.64]],[[104.3788,35.76],[104.5,35.76]],[[104.3788,35.64],[104.3788,35.76]],[[104.8635,35.76],[104.9846,35.76]],[[104.9846,35.76],[104.9846,35.64]],[[105.4692,35.64],[105.4692,35.76]],[[106.1962,35.64],[106.075,35.64]],[[106.3173,35.64],[106.1962,35.64]],[[106.4385,35.64],[106.3173,35.64]],[[106.5596,35.76],[106.5596,35.64]],[[106.8019,35.64],[106.8019,35.76]],[[107.0442,35.64],[106.9231,35.64]],[[107.1654,35.64],[107.0442,35.64]],[[107.4077,35.76],[107.5288,35.76]],[[107.65,35.64],[107.5288,35.64]],[[107.7712,35.76],[107.7712,35.64]],[[107.8923,35.64],[107.8923,35.76]],[[108.3769,35.76],[108.4981,35.76]],[[108.4981,35.76],[108.4981,35.64]],[[108.4981,35.64],[108.3769,35.64]],[[108.6192,35.64],[108.6192,35.76]],[[108.9827,35.76],[109.1038,35.76]],[[109.3462,35.76],[109.4673,35.76]],[[110.5577,35.76],[110.5577,35.64]],[[110.8,35.76],[110.9212,35.76]],[[110.9212,35.64],[110.8,35.64]],[[110.8,35.64],[110.8,35.76]],[[110.9212,35.76],[111.0423,35.76]],[[111.1635,35.76],[111.2846,35.76]],[[111.2846,35.76],[111.2846,35.64]],[[111.2846,35.64],[111.1635,35.64]],[[111.5269,35.76],[111.5269,35.64]],[[111.5269,35.64],[111.4058,35.64]],[[111.4058,35.64],[111.4058,35.76]],[[111.7692,35.64],[111.7692,35.76]],[[112.375,35.76],[112.375,35.64]],[[112.6173,35.64],[112.4962,35.64]],[[112.4962,35.64],[112.4962,35.76]],[[113.1019,35.64],[112.9808,35.64]],[[113.4654,35.76],[113.4654,35.64]],[[113.4654,35.64],[113.3442,35.64]],[[113.5865,35.64],[113.5865,35.76]],[[113.8288,35.76],[113.8288,35.64]],[[113.95,35.64],[113.95,35.76]],[[114.0712,35.76],[114.1923,35.76]],[[114.4346,35.76],[114.5558,35.76]],[[114.6769,35.76],[114.6769,35.64]],[[114.7981,35.64],[114.7981,35.76]],[[115.2827,35.76],[115.2827,35.64]],[[115.6462,35.76],[115.7673,35.76]],[[115.6462,35.64],[115.6462,35.76]],[[116.0096,35.76],[116.0096,35.64]],[[116.1308,35.76],[116.2519,35.76]],[[116.2519,35.76],[116.2519,35.64]],[[116.2519,35.64],[116.1308,35.64]],[[116.1308,35.64],[116.1308,35.76]],[[116.4942,35.64],[116.3731,35.64]],[[116.3731,35.64],[116.3731,35.76]],[[116.6154,35.76],[116.6154,35.64]],[[116.6154,35.64],[116.4942,35.64]],[[117.2212,35.76],[117.3423,35.76]],[[117.3423,35.64],[117.2212,35.64]],[[117.2212,35.64],[117.2212,35.76]],[[117.4635,35.76],[117.4635,35.64]],[[117.4635,35.64],[117.3423,35.64]],[[117.7058,35.64],[117.7058,35.76]],[[117.9481,35.64],[117.8269,35.64]],[[119.6442,35.64],[119.5231,35.64]],[[119.7654,35.76],[119.7654,35.64]],[[119.7654,35.64],[119.6442,35.64]],[[102.8038,35.52],[102.8038,35.64]],[[103.2885,35.52],[103.1673,35.52]],[[103.4096,35.52],[103.2885,35.52]],[[103.8942,35.64],[104.0154,35.64]],[[104.0154,35.64],[104.1365,35.64]],[[104.1365,35.64],[104.1365,35.52]],[[104.2577,35.64],[104.3788,35.64]],[[104.3788,35.52],[104.2577,35.52]],[[104.2577,35.52],[104.2577,35.64]],[[104.9846,35.64],[104.9846,35.52]],[[105.3481,35.64],[105.4692,35.64]],[[105.3481,35.52],[105.3481,35.64]],[[106.075,35.64],[106.075,35.52]],[[106.4385,35.52],[106.4385,35.64]],[[106.5596,35.64],[106.6808,35.64]],[[106.6808,35.64],[106.8019,35.64]],[[106.9231,35.64],[106.9231,35.52]],[[107.1654,35.52],[107.1654,35.64]],[[107.5288,35.64],[107.5288,35.52]],[[107.5288,35.52],[107.4077,35.52]],[[107.65,35.52],[107.65,35.64]],[[107.7712,35.64],[107.8923,35.64]],[[108.3769,35.64],[108.3769,35.52]],[[108.3769,35.52],[108.2558,35.52]],[[108.6192,35.52],[108.6192,35.64]],[[109.5885,35.52],[109.4673,35.52]],[[110.5577,35.64],[110.6788,35.64]],[[110.6788,35.52],[110.5577,35.52]],[[110.6788,35.64],[110.8,35.64]],[[110.8,35.64],[110.8,35.52]],[[110.9212,35.52],[110.9212,35.64]],[[111.1635,35.64],[111.1635,35.52]],[[111.1635,35.52],[111.0423,35.52]],[[111.5269,35.64],[111.6481,35.64]],[[111.6481,35.52],[111.5269,35.52]],[[111.5269,35.52],[111.5269,35.64]],[[111.6481,35.64],[111.7692,35.64]],[[112.0115,35.52],[111.8904,35.52]],[[112.375,35.64],[112.375,35.52]],[[112.6173,35.52],[112.6173,35.64]],[[112.9808,35.64],[112.9808,35.52]],[[113.1019,35.52],[113.1019,35.64]],[[113.3442,35.64],[113.3442,35.52]],[[113.4654,35.64],[113.5865,35.64]],[[113.4654,35.52],[113.4654,35.64]],[[113.8288,35.64],[113.95,35.64]],[[114.5558,35.52],[114.4346,35.52]],[[114.6769,35.52],[114.5558,35.52]],[[114.6769,35.64],[114.7981,35.64]],[[114.7981,35.52],[114.6769,35.52]],[[114.9192,35.52],[114.7981,35.52]],[[115.0404,35.52],[114.9192,35.52]],[[115.2827,35.64],[115.2827,35.52]],[[115.2827,35.52],[115.1615,35.52]],[[115.6462,35.52],[115.6462,35.64]],[[116.0096,35.64],[116.0096,35.52]],[[116.2519,35.64],[116.3731,35.64]],[[116.3731,35.64],[116.3731,35.52]],[[116.2519,35.52],[116.2519,35.64]],[[116.6154,35.64],[116.7365,35.64]],[[116.7365,35.52],[116.6154,35.52]],[[116.6154,35.52],[116.6154,35.64]],[[116.7365,35.64],[116.8577,35.64]],[[116.8577,35.64],[116.8577,35.52]],[[116.8577,35.52],[116.7365,35.52]],[[116.9788,35.64],[117.1,35.64]],[[116.9788,35.52],[116.9788,35.64]],[[117.1,35.64],[117.2212,35.64]],[[117.2212,35.64],[117.2212,35.52]],[[117.4635,35.64],[117.5846,35.64]],[[117.4635,35.52],[117.4635,35.64]],[[117.5846,35.64],[117.7058,35.64]],[[117.8269,35.64],[117.8269,35.52]],[[117.9481,35.52],[117.9481,35.64]],[[119.5231,35.64],[119.5231,35.52]],[[119.5231,35.52],[119.4019,35.52]],[[102.4404,35.52],[102.5615,35.52]],[[102.4404,35.4],[102.4404,35.52]],[[102.5615,35.52],[102.6827,35.52]],[[102.6827,35.52],[102.8038,35.52]],[[103.1673,35.52],[103.1673,35.4]],[[103.4096,35.4],[103.4096,35.52]],[[104.1365,35.52],[104.2577,35.52]],[[104.2577,35.52],[104.2577,35.4]],[[104.3788,35.4],[104.3788,35.52]],[[104.9846,35.52],[104.9846,35.4]],[[104.9846,35.4],[104.8635,35.4]],[[105.3481,35.4],[105.3481,35.52]],[[106.075,35.52],[106.1962,35.52]],[[106.1962,35.52],[106.3173,35.52]],[[106.3173,35.52],[106.4385,35.52]],[[106.4385,35.4],[106.3173,35.4]],[[106.5596,35.4],[106.4385,35.4]],[[106.9231,35.52],[107.0442,35.52]],[[107.0442,35.52],[107.0442,35.4]],[[107.0442,35.4],[106.9231,35.4]],[[107.2865,35.4],[107.1654,35.4]],[[107.1654,35.4],[107.1654,35.52]],[[107.4077,35.52],[107.4077,35.4]],[[107.4077,35.4],[107.2865,35.4]],[[107.7712,35.4],[107.65,35.4]],[[107.65,35.4],[107.65,35.52]],[[108.1346,35.4],[108.0135,35.4]],[[108.2558,35.52],[108.2558,35.4]],[[108.3769,35.52],[108.4981,35.52]],[[108.3769,35.4],[108.3769,35.52]],[[108.4981,35.52],[108.6192,35.52]],[[108.9827,35.4],[108.8615,35.4]],[[109.4673,35.52],[109.4673,35.4]],[[109.5885,35.4],[109.5885,35.52]],[[109.8308,35.4],[109.7096,35.4]],[[110.4365,35.4],[110.3154,35.4]],[[110.5577,35.52],[110.5577,35.4]],[[110.8,35.52],[110.8,35.4]],[[110.8,35.4],[110.6788,35.4]],[[110.6788,35.4],[110.6788,35.52]],[[111.0423,35.52],[111.0423,35.4]],[[111.0423,35.4],[110.9212,35.4]],[[110.9212,35.4],[110.9212,35.52]],[[111.1635,35.52],[111.2846,35.52]],[[111.1635,35.4],[111.1635,35.52]],[[111.2846,35.52],[111.4058,35.52]],[[111.4058,35.52],[111.5269,35.52]],[[111.5269,35.52],[111.5269,35.4]],[[111.7692,35.4],[111.6481,35.4]],[[111.6481,35.4],[111.6481,35.52]],[[111.8904,35.52],[111.8904,35.4]],[[112.1327,35.4],[112.0115,35.4]],[[112.0115,35.4],[112.0115,35.52]],[[112.2538,35.4],[112.1327,35.4]],[[112.375,35.52],[112.4962,35.52]],[[112.4962,35.52],[112.4962,35.4]],[[112.6173,35.4],[112.6173,35.52]],[[112.9808,35.52],[113.1019,35.52]],[[113.1019,35.4],[112.9808,35.4]],[[113.2231,35.4],[113.1019,35.4]],[[113.3442,35.52],[113.3442,35.4]],[[113.4654,35.4],[113.4654,35.52]],[[113.7077,35.4],[113.5865,35.4]],[[114.4346,35.52],[114.4346,35.4]],[[114.4346,35.4],[114.3135,35.4]],[[115.1615,35.52],[115.1615,35.4]],[[115.0404,35.4],[115.0404,35.52]],[[115.7673,35.4],[115.6462,35.4]],[[115.6462,35.4],[115.6462,35.52]],[[115.8885,35.4],[115.7673,35.4]],[[116.0096,35.52],[116.0096,35.4]],[[116.0096,35.4],[115.8885,35.4]],[[116.1308,35.52],[116.2519,35.52]],[[116.1308,35.4],[116.1308,35.52]],[[116.3731,35.52],[116.4942,35.52]],[[116.4942,35.52],[116.6154,35.52]],[[116.6154,35.52],[116.6154,35.4]],[[116.8577,35.52],[116.9788,35.52]],[[116.8577,35.4],[116.8577,35.52]],[[117.2212,35.52],[117.2212,35.4]],[[117.4635,35.4],[117.4635,35.52]],[[117.8269,35.52],[117.9481,35.52]],[[118.4327,35.4],[118.3115,35.4]],[[119.1596,35.4],[119.0385,35.4]],[[119.4019,35.52],[119.4019,35.4]],[[102.3192,35.4],[102.4404,35.4]],[[102.3192,35.28],[102.3192,35.4]],[[103.1673,35.4],[103.1673,35.28]],[[103.2885,35.4],[103.4096,35.4]],[[103.2885,35.28],[103.2885,35.4]],[[104.2577,35.4],[104.3788,35.4]],[[104.8635,35.4],[104.8635,35.28]],[[104.9846,35.4],[105.1058,35.4]],[[104.9846,35.28],[104.9846,35.4]],[[105.1058,35.4],[105.2269,35.4]],[[105.2269,35.4],[105.3481,35.4]],[[106.3173,35.4],[106.3173,35.28]],[[106.6808,35.28],[106.5596,35.28]],[[106.5596,35.28],[106.5596,35.4]],[[106.8019,35.28],[106.6808,35.28]],[[106.9231,35.4],[106.9231,35.28]],[[107.5288,35.4],[107.65,35.4]],[[107.65,35.4],[107.65,35.28]],[[107.65,35.28],[107.5288,35.28]],[[107.5288,35.28],[107.5288,35.4]],[[107.7712,35.28],[107.7712,35.4]],[[108.0135,35.4],[108.0135,35.28]],[[108.0135,35.28],[107.8923,35.28]],[[108.1346,35.28],[108.1346,35.4]],[[108.2558,35.4],[108.3769,35.4]],[[108.8615,35.4],[108.8615,35.28]],[[108.9827,35.28],[108.9827,35.4]],[[109.3462,35.28],[109.225,35.28]],[[109.4673,35.28],[109.3462,35.28]],[[109.4673,35.4],[109.5885,35.4]],[[109.7096,35.4],[109.7096,35.28]],[[109.8308,35.28],[109.8308,35.4]],[[110.3154,35.4],[110.3154,35.28]],[[110.5577,35.28],[110.4365,35.28]],[[110.4365,35.28],[110.4365,35.4]],[[110.5577,35.4],[110.6788,35.4]],[[110.6788,35.4],[110.6788,35.28]],[[110.8,35.4],[110.9212,35.4]],[[110.9212,35.4],[110.9212,35.28]],[[110.8,35.28],[110.8,35.4]],[[111.2846,35.28],[111.1635,35.28]],[[111.1635,35.28],[111.1635,35.4]],[[111.4058,35.28],[111.2846,35.28]],[[111.5269,35.4],[111.6481,35.4]],[[111.6481,35.4],[111.6481,35.28]],[[111.7692,35.28],[111.7692,35.4]],[[111.8904,35.4],[112.0115,35.4]],[[112.0115,35.4],[112.0115,35.28]],[[112.2538,35.28],[112.2538,35.4]],[[112.4962,35.4],[112.4962,35.28]],[[112.4962,35.28],[112.375,35.28]],[[112.7385,35.28],[112.6173,35.28]],[[112.6173,35.28],[112.6173,35.4]],[[112.8596,35.28],[112.7385,35.28]],[[112.9808,35.4],[112.9808,35.28]],[[112.9808,35.28],[112.8596,35.28]],[[113.2231,35.28],[113.2231,35.4]],[[113.3442,35.4],[113.4654,35.4]],[[113.5865,35.4],[113.5865,35.28]],[[113.5865,35.28],[113.4654,35.28]],[[113.7077,35.28],[113.7077,35.4]],[[114.0712,35.28],[113.95,35.28]],[[114.3135,35.4],[114.3135,35.28]],[[114.4346,35.4],[114.5558,35.4]],[[114.4346,35.28],[114.4346,35.4]],[[114.5558,35.4],[114.6769,35.4]],[[114.6769,35.4],[114.6769,35.28]],[[115.0404,35.28],[115.0404,35.4]],[[115.1615,35.4],[115.2827,35.4]],[[115.2827,35.4],[115.2827,35.28]],[[116.0096,35.4],[116.1308,35.4]],[[116.0096,35.28],[116.0096,35.4]],[[116.3731,35.28],[116.2519,35.28]],[[116.4942,35.28],[116.3731,35.28]],[[116.6154,35.4],[116.7365,35.4]],[[116.7365,35.28],[116.6154,35.28]],[[116.7365,35.4],[116.8577,35.4]],[[117.2212,35.4],[117.3423,35.4]],[[117.3423,35.4],[117.4635,35.4]],[[118.3115,35.4],[118.3115,35.28]],[[118.4327,35.28],[118.4327,35.4]],[[118.675,35.28],[118.5538,35.28]],[[119.0385,35.4],[119.0385,35.28]],[[119.1596,35.28],[119.1596,35.4]],[[119.4019,35.4],[119.4019,35.28]],[[102.3192,35.16],[102.3192,35.28]],[[103.1673,35.28],[103.2885,35.28]],[[103.4096,35.16],[103.2885,35.16]],[[103.5308,35.16],[103.4096,35.16]],[[104.8635,35.28],[104.9846,35.28]],[[105.5904,35.16],[105.4692,35.16]],[[105.7115,35.16],[105.5904,35.16]],[[106.3173,35.28],[106.4385,35.28]],[[106.4385,35.16],[106.3173,35.16]],[[106.4385,35.28],[106.5596,35.28]],[[106.5596,35.28],[106.5596,35.16]],[[106.8019,35.16],[106.8019,35.28]],[[106.9231,35.28],[107.0442,35.28]],[[107.0442,35.16],[106.9231,35.16]],[[107.0442,35.28],[107.1654,35.28]],[[107.1654,35.28],[107.2865,35.28]],[[107.2865,35.28],[107.2865,35.16]],[[107.8923,35.28],[107.8923,35.16]],[[107.7712,35.16],[107.7712,35.28]],[[108.0135,35.28],[108.1346,35.28]],[[108.0135,35.16],[108.0135,35.28]],[[108.6192,35.16],[108.4981,35.16]],[[108.8615,35.28],[108.9827,35.28]],[[109.225,35.28],[109.225,35.16]],[[109.4673,35.16],[109.4673,35.28]],[[109.7096,35.28],[109.8308,35.28]],[[109.9519,35.16],[109.8308,35.16]],[[110.3154,35.28],[110.3154,35.16]],[[110.5577,35.16],[110.5577,35.28]],[[110.6788,35.28],[110.8,35.28]],[[110.9212,35.28],[110.9212,35.16]],[[111.5269,35.16],[111.4058,35.16]],[[111.4058,35.16],[111.4058,35.28]],[[111.6481,35.28],[111.7692,35.28]],[[112.0115,35.28],[112.1327,35.28]],[[112.1327,35.16],[112.0115,35.16]],[[112.1327,35.28],[112.2538,35.28]],[[112.375,35.28],[112.375,35.16]],[[113.2231,35.16],[113.2231,35.28]],[[113.4654,35.28],[113.4654,35.16]],[[113.5865,35.28],[113.7077,35.28]],[[113.7077,35.16],[113.5865,35.16]],[[113.5865,35.16],[113.5865,35.28]],[[113.8288,35.16],[113.7077,35.16]],[[113.95,35.28],[113.95,35.16]],[[113.95,35.16],[113.8288,35.16]],[[114.1923,35.16],[114.0712,35.16]],[[114.0712,35.16],[114.0712,35.28]],[[114.3135,35.28],[114.3135,35.16]],[[114.4346,35.16],[114.4346,35.28]],[[114.6769,35.16],[114.5558,35.16]],[[114.6769,35.28],[114.7981,35.28]],[[114.7981,35.28],[114.9192,35.28]],[[114.9192,35.28],[114.9192,35.16]],[[114.9192,35.16],[114.7981,35.16]],[[115.0404,35.16],[115.0404,35.28]],[[115.2827,35.28],[115.4038,35.28]],[[115.4038,35.28],[115.525,35.28]],[[115.525,35.16],[115.4038,35.16]],[[115.525,35.28],[115.6462,35.28]],[[115.6462,35.28],[115.7673,35.28]],[[115.7673,35.28],[115.7673,35.16]],[[115.8885,35.28],[116.0096,35.28]],[[115.8885,35.16],[115.8885,35.28]],[[116.2519,35.28],[116.2519,35.16]],[[116.6154,35.28],[116.6154,35.16]],[[116.6154,35.16],[116.4942,35.16]],[[116.4942,35.16],[116.4942,35.28]],[[116.7365,35.16],[116.7365,35.28]],[[117.7058,35.16],[117.5846,35.16]],[[117.8269,35.16],[117.7058,35.16]],[[117.9481,35.16],[117.8269,35.16]],[[118.1904,35.16],[118.0692,35.16]],[[118.3115,35.28],[118.4327,35.28]],[[118.5538,35.28],[118.5538,35.16]],[[118.7962,35.16],[118.675,35.16]],[[118.675,35.16],[118.675,35.28]],[[119.0385,35.28],[119.1596,35.28]],[[119.2808,35.16],[119.1596,35.16]],[[119.4019,35.28],[119.4019,35.16]],[[119.4019,35.16],[119.2808,35.16]],[[102.3192,35.04],[102.3192,35.16]],[[103.2885,35.16],[103.2885,35.04]],[[103.6519,35.04],[103.5308,35.04]],[[103.5308,35.04],[103.5308,35.16]],[[103.7731,35.04],[103.6519,35.04]],[[103.8942,35.04],[103.7731,35.04]],[[105.4692,35.16],[105.4692,35.04]],[[105.4692,35.04],[105.3481,35.04]],[[105.8327,35.04],[105.7115,35.04]],[[105.7115,35.04],[105.7115,35.16]],[[105.9538,35.04],[105.8327,35.04]],[[106.3173,35.16],[106.3173,35.04]],[[106.4385,35.04],[106.4385,35.16]],[[106.5596,35.16],[106.6808,35.16]],[[106.6808,35.16],[106.8019,35.16]],[[106.9231,35.16],[106.9231,35.04]],[[107.1654,35.04],[107.0442,35.04]],[[107.0442,35.04],[107.0442,35.16]],[[107.2865,35.16],[107.4077,35.16]],[[107.4077,35.04],[107.2865,35.04]],[[107.4077,35.16],[107.5288,35.16]],[[107.5288,35.16],[107.65,35.16]],[[107.65,35.16],[107.65,35.04]],[[107.65,35.04],[107.5288,35.04]],[[107.7712,35.04],[107.7712,35.16]],[[107.8923,35.16],[108.0135,35.16]],[[108.4981,35.16],[108.4981,35.04]],[[108.4981,35.04],[108.3769,35.04]],[[108.6192,35.04],[108.6192,35.16]],[[109.1038,35.04],[108.9827,35.04]],[[109.225,35.16],[109.3462,35.16]],[[109.3462,35.16],[109.3462,35.04]],[[109.4673,35.04],[109.4673,35.16]],[[109.8308,35.16],[109.8308,35.04]],[[110.0731,35.04],[109.9519,35.04]],[[109.9519,35.04],[109.9519,35.16]],[[110.1942,35.04],[110.0731,35.04]],[[110.3154,35.16],[110.3154,35.04]],[[110.5577,35.04],[110.5577,35.16]],[[110.9212,35.16],[110.9212,35.04]],[[111.1635,35.16],[111.2846,35.16]],[[111.2846,35.04],[111.1635,35.04]],[[111.1635,35.04],[111.1635,35.16]],[[111.2846,35.16],[111.4058,35.16]],[[111.4058,35.16],[111.4058,35.04]],[[111.4058,35.04],[111.2846,35.04]],[[111.5269,35.04],[111.5269,35.16]],[[111.7692,35.04],[111.6481,35.04]],[[112.0115,35.16],[112.0115,35.04]],[[112.0115,35.04],[111.8904,35.04]],[[112.1327,35.04],[112.1327,35.16]],[[112.375,35.16],[112.4962,35.16]],[[112.4962,35.16],[112.6173,35.16]],[[112.6173,35.16],[112.6173,35.04]],[[112.8596,35.16],[112.9808,35.16]],[[112.9808,35.04],[112.8596,35.04]],[[112.8596,35.04],[112.8596,35.16]],[[112.9808,35.16],[113.1019,35.16]],[[113.1019,35.16],[113.1019,35.04]],[[113.1019,35.04],[112.9808,35.04]],[[113.2231,35.04],[113.2231,35.16]],[[113.4654,35.16],[113.5865,35.16]],[[113.5865,35.16],[113.5865,35.04]],[[114.1923,35.04],[114.1923,35.16]],[[114.3135,35.16],[114.4346,35.16]],[[114.5558,35.16],[114.5558,35.04]],[[114.7981,35.16],[114.7981,35.04]],[[114.7981,35.04],[114.6769,35.04]],[[114.6769,35.04],[114.6769,35.16]],[[114.9192,35.16],[115.0404,35.16]],[[115.0404,35.04],[114.9192,35.04]],[[114.9192,35.04],[114.9192,35.16]],[[115.1615,35.04],[115.0404,35.04]],[[115.2827,35.04],[115.1615,35.04]],[[115.4038,35.16],[115.4038,35.04]],[[115.525,35.04],[115.525,35.16]],[[115.7673,35.16],[115.8885,35.16]],[[116.2519,35.04],[116.1308,35.04]],[[116.2519,35.16],[116.3731,35.16]],[[116.3731,35.16],[116.4942,35.16]],[[116.4942,35.16],[116.4942,35.04]],[[116.6154,35.16],[116.7365,35.16]],[[116.6154,35.04],[116.6154,35.16]],[[117.5846,35.16],[117.5846,35.04]],[[117.5846,35.04],[117.4635,35.04]],[[118.0692,35.16],[118.0692,35.04]],[[117.9481,35.04],[117.9481,35.16]],[[118.1904,35.04],[118.1904,35.16]],[[118.5538,35.16],[118.675,35.16]],[[118.675,35.16],[118.675,35.04]],[[118.9173,35.04],[118.7962,35.04]],[[118.7962,35.04],[118.7962,35.16]],[[119.0385,35.04],[118.9173,35.04]],[[119.1596,35.16],[119.1596,35.04]],[[102.0769,35.04],[102.1981,35.04]],[[102.0769,34.92],[102.0769,35.04]],[[102.1981,35.04],[102.3192,35.04]],[[103.2885,35.04],[103.4096,35.04]],[[103.4096,35.04],[103.4096,34.92]],[[103.4096,34.92],[103.2885,34.92]],[[104.0154,34.92],[103.8942,34.92]],[[103.8942,34.92],[103.8942,35.04]],[[104.1365,34.92],[104.0154,34.92]],[[105.3481,35.04],[105.3481,34.92]],[[105.4692,35.04],[105.5904,35.04]],[[105.5904,34.92],[105.4692,34.92]],[[105.4692,34.92],[105.4692,35.04]],[[105.5904,35.04],[105.7115,35.04]],[[105.7115,35.04],[105.7115,34.92]],[[105.9538,34.92],[105.9538,35.04]],[[106.3173,35.04],[106.3173,34.92]],[[106.5596,34.92],[106.4385,34.92]],[[106.4385,34.92],[106.4385,35.04]],[[106.9231,35.04],[107.0442,35.04]],[[107.0442,35.04],[107.0442,34.92]],[[107.2865,35.04],[107.2865,34.92]],[[107.1654,34.92],[107.1654,35.04]],[[107.5288,35.04],[107.5288,34.92]],[[107.4077,34.92],[107.4077,35.04]],[[107.65,35.04],[107.7712,35.04]],[[107.65,34.92],[107.65,35.04]],[[107.8923,34.92],[107.7712,34.92]],[[108.1346,34.92],[108.0135,34.92]],[[108.2558,34.92],[108.1346,34.92]],[[108.3769,35.04],[108.3769,34.92]],[[108.4981,35.04],[108.6192,35.04]],[[108.4981,34.92],[108.4981,35.04]],[[108.9827,35.04],[108.9827,34.92]],[[109.1038,34.92],[109.1038,35.04]],[[109.3462,35.04],[109.4673,35.04]],[[109.8308,35.04],[109.8308,34.92]],[[110.1942,34.92],[110.1942,35.04]],[[110.3154,35.04],[110.4365,35.04]],[[110.4365,35.04],[110.5577,35.04]],[[110.9212,34.92],[110.8,34.92]],[[110.9212,35.04],[111.0423,35.04]],[[111.0423,35.04],[111.0423,34.92]],[[111.0423,34.92],[110.9212,34.92]],[[111.4058,35.04],[111.5269,35.04]],[[111.5269,34.92],[111.4058,34.92]],[[111.4058,34.92],[111.4058,35.04]],[[111.6481,35.04],[111.6481,34.92]],[[111.6481,34.92],[111.5269,34.92]],[[111.8904,35.04],[111.8904,34.92]],[[111.7692,34.92],[111.7692,35.04]],[[112.2538,34.92],[112.1327,34.92]],[[112.1327,34.92],[112.1327,35.04]],[[112.6173,35.04],[112.6173,34.92]],[[113.3442,34.92],[113.2231,34.92]],[[113.2231,34.92],[113.2231,35.04]],[[113.4654,34.92],[113.3442,34.92]],[[113.5865,35.04],[113.5865,34.92]],[[113.7077,35.04],[113.8288,35.04]],[[113.7077,34.92],[113.7077,35.04]],[[113.8288,35.04],[113.95,35.04]],[[113.95,35.04],[114.0712,35.04]],[[114.0712,35.04],[114.1923,35.04]],[[114.5558,35.04],[114.6769,35.04]],[[114.6769,35.04],[114.6769,34.92]],[[115.2827,34.92],[115.2827,35.04]],[[115.4038,35.04],[115.525,35.04]],[[115.7673,34.92],[115.6462,34.92]],[[115.8885,34.92],[115.7673,34.92]],[[116.1308,35.04],[116.1308,34.92]],[[116.2519,34.92],[116.2519,35.04]],[[116.4942,34.92],[116.3731,34.92]],[[116.4942,35.04],[116.6154,35.04]],[[116.6154,34.92],[116.4942,34.92]],[[117.4635,35.04],[117.4635,34.92]],[[117.5846,35.04],[117.7058,35.04]],[[117.5846,34.92],[117.5846,35.04]],[[117.7058,35.04],[117.8269,35.04]],[[117.8269,35.04],[117.9481,35.04]],[[118.0692,35.04],[118.1904,35.04]],[[118.5538,34.92],[118.4327,34.92]],[[118.675,35.04],[118.7962,35.04]],[[118.7962,35.04],[118.7962,34.92]],[[119.0385,34.92],[119.0385,35.04]],[[119.1596,35.04],[119.2808,35.04]],[[119.2808,35.04],[119.2808,34.92]],[[119.2808,34.92],[119.1596,34.92]],[[101.9558,34.92],[102.0769,34.92]],[[101.9558,34.8],[101.9558,34.92]],[[103.2885,34.92],[103.2885,34.8]],[[103.2885,34.8],[103.1673,34.8]],[[104.1365,34.8],[104.1365,34.92]],[[105.1058,34.8],[104.9846,34.8]],[[105.3481,34.92],[105.4692,34.92]],[[105.4692,34.92],[105.4692,34.8]],[[105.7115,34.8],[105.5904,34.8]],[[105.5904,34.8],[105.5904,34.92]],[[105.7115,34.92],[105.8327,34.92]],[[105.8327,34.92],[105.9538,34.92]],[[106.3173,34.92],[106.4385,34.92]],[[106.4385,34.92],[106.4385,34.8]],[[106.6808,34.8],[106.5596,34.8]],[[106.5596,34.8],[106.5596,34.92]],[[106.8019,34.8],[106.6808,34.8]],[[106.9231,34.8],[106.8019,34.8]],[[107.0442,34.92],[107.0442,34.8]],[[107.2865,34.92],[107.2865,34.8]],[[107.1654,34.8],[107.1654,34.92]],[[107.4077,34.8],[107.4077,34.92]],[[107.5288,34.92],[107.65,34.92]],[[107.7712,34.92],[107.7712,34.8]],[[107.7712,34.8],[107.65,34.8]],[[108.0135,34.92],[108.0135,34.8]],[[108.0135,34.8],[107.8923,34.8]],[[107.8923,34.8],[107.8923,34.92]],[[108.3769,34.8],[108.2558,34.8]],[[108.2558,34.8],[108.2558,34.92]],[[108.3769,34.92],[108.4981,34.92]],[[108.4981,34.8],[108.3769,34.8]],[[108.6192,34.8],[108.4981,34.8]],[[108.7404,34.8],[108.6192,34.8]],[[108.9827,34.92],[109.1038,34.92]],[[109.225,34.8],[109.1038,34.8]],[[109.3462,34.8],[109.225,34.8]],[[109.8308,34.92],[109.9519,34.92]],[[109.9519,34.92],[110.0731,34.92]],[[110.0731,34.92],[110.1942,34.92]],[[110.8,34.92],[110.8,34.8]],[[111.6481,34.92],[111.7692,34.92]],[[111.6481,34.8],[111.6481,34.92]],[[111.8904,34.92],[111.8904,34.8]],[[112.0115,34.92],[112.1327,34.92]],[[112.1327,34.92],[112.1327,34.8]],[[112.0115,34.8],[112.0115,34.92]],[[112.375,34.8],[112.2538,34.8]],[[112.2538,34.8],[112.2538,34.92]],[[112.4962,34.8],[112.375,34.8]],[[112.6173,34.92],[112.6173,34.8]],[[112.6173,34.8],[112.4962,34.8]],[[113.4654,34.8],[113.4654,34.92]],[[113.5865,34.92],[113.7077,34.92]],[[114.6769,34.92],[114.6769,34.8]],[[114.7981,34.92],[114.9192,34.92]],[[114.7981,34.8],[114.7981,34.92]],[[114.9192,34.92],[115.0404,34.92]],[[115.0404,34.92],[115.1615,34.92]],[[115.1615,34.92],[115.1615,34.8]],[[115.2827,34.8],[115.2827,34.92]],[[115.525,34.8],[115.4038,34.8]],[[115.6462,34.92],[115.6462,34.8]],[[115.6462,34.8],[115.525,34.8]],[[115.8885,34.8],[115.8885,34.92]],[[116.1308,34.92],[116.2519,34.92]],[[116.3731,34.92],[116.3731,34.8]],[[116.6154,34.8],[116.6154,34.92]],[[116.8577,34.8],[116.7365,34.8]],[[117.4635,34.92],[117.5846,34.92]],[[118.4327,34.92],[118.4327,34.8]],[[118.675,34.8],[118.5538,34.8]],[[118.5538,34.8],[118.5538,34.92]],[[118.7962,34.92],[118.7962,34.8]],[[118.9173,34.92],[119.0385,34.92]],[[118.9173,34.8],[118.9173,34.92]],[[119.1596,34.92],[119.1596,34.8]],[[101.7135,34.8],[101.8346,34.8]],[[101.8346,34.68],[101.7135,34.68]],[[101.7135,34.68],[101.7135,34.8]],[[101.8346,34.8],[101.9558,34.8]],[[101.9558,34.68],[101.8346,34.68]],[[102.0769,34.68],[101.9558,34.68]],[[102.1981,34.68],[102.0769,34.68]],[[102.3192,34.68],[102.1981,34.68]],[[102.4404,34.68],[102.3192,34.68]],[[102.5615,34.68],[102.4404,34.68]],[[102.6827,34.68],[102.5615,34.68]],[[102.8038,34.68],[102.6827,34.68]],[[102.925,34.68],[102.8038,34.68]],[[103.0462,34.68],[102.925,34.68]],[[103.1673,34.8],[103.1673,34.68]],[[103.1673,34.68],[103.0462,34.68]],[[104.0154,34.8],[104.1365,34.8]],[[104.0154,34.68],[104.0154,34.8]],[[104.9846,34.8],[104.9846,34.68]],[[105.1058,34.68],[105.1058,34.8]],[[105.4692,34.8],[105.5904,34.8]],[[105.5904,34.8],[105.5904,34.68]],[[105.7115,34.68],[105.7115,34.8]],[[106.075,34.68],[105.9538,34.68]],[[106.4385,34.8],[106.5596,34.8]],[[106.5596,34.8],[106.5596,34.68]],[[106.9231,34.68],[106.9231,34.8]],[[107.0442,34.8],[107.1654,34.8]],[[107.2865,34.68],[107.1654,34.68]],[[107.2865,34.8],[107.4077,34.8]],[[107.65,34.8],[107.65,34.68]],[[107.65,34.68],[107.5288,34.68]],[[107.7712,34.8],[107.8923,34.8]],[[107.8923,34.8],[107.8923,34.68]],[[107.7712,34.68],[107.7712,34.8]],[[108.0135,34.8],[108.1346,34.8]],[[108.0135,34.68],[108.0135,34.8]],[[108.1346,34.8],[108.2558,34.8]],[[108.2558,34.8],[108.2558,34.68]],[[108.7404,34.68],[108.7404,34.8]],[[109.1038,34.8],[109.1038,34.68]],[[109.1038,34.68],[108.9827,34.68]],[[109.4673,34.68],[109.3462,34.68]],[[109.3462,34.68],[109.3462,34.8]],[[109.5885,34.68],[109.4673,34.68]],[[109.7096,34.68],[109.5885,34.68]],[[110.3154,34.68],[110.1942,34.68]],[[110.4365,34.68],[110.3154,34.68]],[[110.5577,34.68],[110.4365,34.68]],[[110.8,34.8],[110.8,34.68]],[[110.8,34.68],[110.6788,34.68]],[[111.1635,34.8],[111.2846,34.8]],[[111.1635,34.68],[111.1635,34.8]],[[111.2846,34.8],[111.4058,34.8]],[[111.4058,34.8],[111.5269,34.8]],[[111.5269,34.8],[111.6481,34.8]],[[111.8904,34.8],[112.0115,34.8]],[[112.1327,34.68],[112.0115,34.68]],[[112.1327,34.8],[112.2538,34.8]],[[112.2538,34.8],[112.2538,34.68]],[[112.2538,34.68],[112.1327,34.68]],[[113.1019,34.8],[113.2231,34.8]],[[113.2231,34.68],[113.1019,34.68]],[[113.1019,34.68],[113.1019,34.8]],[[113.2231,34.8],[113.3442,34.8]],[[113.3442,34.8],[113.3442,34.68]],[[113.3442,34.68],[113.2231,34.68]],[[113.5865,34.68],[113.4654,34.68]],[[113.4654,34.68],[113.4654,34.8]],[[113.8288,34.68],[113.7077,34.68]],[[114.1923,34.68],[114.0712,34.68]],[[114.5558,34.68],[114.4346,34.68]],[[114.6769,34.8],[114.6769,34.68]],[[114.6769,34.68],[114.5558,34.68]],[[114.9192,34.68],[114.7981,34.68]],[[114.7981,34.68],[114.7981,34.8]],[[115.1615,34.8],[115.2827,34.8]],[[115.4038,34.8],[115.4038,34.68]],[[115.6462,34.8],[115.7673,34.8]],[[115.7673,34.8],[115.7673,34.68]],[[115.6462,34.68],[115.6462,34.8]],[[115.8885,34.68],[115.8885,34.8]],[[116.3731,34.68],[116.2519,34.68]],[[116.3731,34.8],[116.4942,34.8]],[[116.4942,34.68],[116.3731,34.68]],[[116.4942,34.8],[116.6154,34.8]],[[116.6154,34.68],[116.4942,34.68]],[[116.7365,34.8],[116.7365,34.68]],[[116.8577,34.68],[116.8577,34.8]],[[118.4327,34.8],[118.5538,34.8]],[[118.5538,34.8],[118.5538,34.68]],[[118.675,34.68],[118.675,34.8]],[[118.7962,34.8],[118.9173,34.8]],[[119.1596,34.8],[119.1596,34.68]],[[103.7731,34.68],[103.8942,34.68]],[[103.7731,34.56],[103.7731,34.68]],[[103.8942,34.68],[104.0154,34.68]],[[104.7423,34.56],[104.6212,34.56]],[[104.8635,34.56],[104.7423,34.56]],[[104.9846,34.56],[104.8635,34.56]],[[104.9846,34.68],[105.1058,34.68]],[[105.1058,34.56],[104.9846,34.56]],[[105.5904,34.68],[105.7115,34.68]],[[105.9538,34.68],[105.9538,34.56]],[[106.075,34.56],[106.075,34.68]],[[106.3173,34.56],[106.1962,34.56]],[[106.4385,34.56],[106.3173,34.56]],[[106.5596,34.56],[106.4385,34.56]],[[106.5596,34.68],[106.6808,34.68]],[[106.6808,34.68],[106.8019,34.68]],[[106.8019,34.68],[106.9231,34.68]],[[107.1654,34.68],[107.1654,34.56]],[[107.2865,34.56],[107.2865,34.68]],[[107.5288,34.68],[107.5288,34.56]],[[107.65,34.68],[107.7712,34.68]],[[107.65,34.56],[107.65,34.68]],[[107.8923,34.56],[107.7712,34.56]],[[107.8923,34.68],[108.0135,34.68]],[[108.1346,34.56],[108.0135,34.56]],[[108.2558,34.68],[108.3769,34.68]],[[108.3769,34.68],[108.4981,34.68]],[[108.4981,34.68],[108.4981,34.56]],[[108.8615,34.56],[108.7404,34.56]],[[108.7404,34.56],[108.7404,34.68]],[[108.9827,34.68],[108.9827,34.56]],[[109.1038,34.68],[109.225,34.68]],[[109.225,34.68],[109.225,34.56]],[[109.1038,34.56],[109.1038,34.68]],[[109.7096,34.56],[109.7096,34.68]],[[110.1942,34.68],[110.1942,34.56]],[[110.6788,34.68],[110.6788,34.56]],[[110.6788,34.56],[110.5577,34.56]],[[110.5577,34.56],[110.5577,34.68]],[[111.1635,34.56],[111.1635,34.68]],[[112.0115,34.68],[112.0115,34.56]],[[112.2538,34.68],[112.375,34.68]],[[112.2538,34.56],[112.2538,34.68]],[[112.375,34.68],[112.4962,34.68]],[[112.4962,34.68],[112.6173,34.68]],[[112.6173,34.68],[112.7385,34.68]],[[112.7385,34.68],[112.8596,34.68]],[[112.8596,34.68],[112.9808,34.68]],[[112.9808,34.68],[113.1019,34.68]],[[113.1019,34.68],[113.1019,34.56]],[[113.7077,34.68],[113.7077,34.56]],[[113.5865,34.56],[113.5865,34.68]],[[113.95,34.56],[113.8288,34.56]],[[113.8288,34.56],[113.8288,34.68]],[[114.0712,34.68],[114.0712,34.56]],[[114.0712,34.56],[113.95,34.56]],[[114.3135,34.56],[114.1923,34.56]],[[114.1923,34.56],[114.1923,34.68]],[[114.4346,34.68],[114.4346,34.56]],[[114.6769,34.68],[114.7981,34.68]],[[114.7981,34.68],[114.7981,34.56]],[[114.6769,34.56],[114.6769,34.68]],[[114.9192,34.56],[114.9192,34.68]],[[115.4038,34.68],[115.4038,34.56]],[[115.525,34.68],[115.6462,34.68]],[[115.525,34.56],[115.525,34.68]],[[115.7673,34.68],[115.8885,34.68]],[[116.2519,34.68],[116.2519,34.56]],[[116.2519,34.56],[116.1308,34.56]],[[116.7365,34.68],[116.7365,34.56]],[[116.7365,34.56],[116.6154,34.56]],[[116.6154,34.56],[116.6154,34.68]],[[116.9788,34.56],[116.8577,34.56]],[[116.8577,34.56],[116.8577,34.68]],[[117.1,34.56],[116.9788,34.56]],[[118.5538,34.68],[118.675,34.68]],[[119.1596,34.68],[119.2808,34.68]],[[119.2808,34.68],[119.4019,34.68]],[[119.4019,34.68],[119.5231,34.68]],[[119.5231,34.68],[119.5231,34.56]],[[103.7731,34.44],[103.7731,34.56]],[[104.6212,34.56],[104.6212,34.44]],[[105.1058,34.44],[105.1058,34.56]],[[105.9538,34.56],[106.075,34.56]],[[106.1962,34.56],[106.1962,34.44]],[[106.6808,34.44],[106.5596,34.44]],[[106.5596,34.44],[106.5596,34.56]],[[106.8019,34.44],[106.6808,34.44]],[[107.1654,34.56],[107.1654,34.44]],[[107.2865,34.44],[107.2865,34.56]],[[107.5288,34.44],[107.4077,34.44]],[[107.5288,34.56],[107.65,34.56]],[[107.7712,34.56],[107.7712,34.44]],[[107.7712,34.44],[107.65,34.44]],[[108.0135,34.56],[108.0135,34.44]],[[107.8923,34.44],[107.8923,34.56]],[[108.2558,34.44],[108.1346,34.44]],[[108.1346,34.44],[108.1346,34.56]],[[108.3769,34.44],[108.2558,34.44]],[[108.4981,34.56],[108.6192,34.56]],[[108.6192,34.56],[108.6192,34.44]],[[108.9827,34.56],[108.9827,34.44]],[[108.9827,34.44],[108.8615,34.44]],[[108.8615,34.44],[108.8615,34.56]],[[109.1038,34.44],[109.1038,34.56]],[[109.225,34.56],[109.3462,34.56]],[[109.3462,34.56],[109.3462,34.44]],[[109.4673,34.56],[109.5885,34.56]],[[109.4673,34.44],[109.4673,34.56]],[[109.5885,34.56],[109.7096,34.56]],[[110.0731,34.44],[109.9519,34.44]],[[110.1942,34.44],[110.0731,34.44]],[[110.1942,34.56],[110.3154,34.56]],[[110.3154,34.44],[110.1942,34.44]],[[110.3154,34.56],[110.4365,34.56]],[[110.4365,34.44],[110.3154,34.44]],[[110.4365,34.56],[110.5577,34.56]],[[110.5577,34.56],[110.5577,34.44]],[[110.6788,34.56],[110.8,34.56]],[[110.8,34.56],[110.8,34.44]],[[110.6788,34.44],[110.6788,34.56]],[[111.1635,34.44],[111.1635,34.56]],[[112.0115,34.56],[112.1327,34.56]],[[112.1327,34.56],[112.2538,34.56]],[[113.1019,34.56],[113.2231,34.56]],[[113.2231,34.56],[113.3442,34.56]],[[113.3442,34.56],[113.4654,34.56]],[[113.4654,34.44],[113.3442,34.44]],[[113.4654,34.56],[113.5865,34.56]],[[113.7077,34.56],[113.8288,34.56]],[[113.8288,34.56],[113.8288,34.44]],[[114.0712,34.56],[114.1923,34.56]],[[114.1923,34.56],[114.1923,34.44]],[[114.0712,34.44],[114.0712,34.56]],[[114.4346,34.44],[114.3135,34.44]],[[114.3135,34.44],[114.3135,34.56]],[[114.4346,34.56],[114.5558,34.56]],[[114.5558,34.56],[114.5558,34.44]],[[114.6769,34.44],[114.6769,34.56]],[[114.7981,34.56],[114.9192,34.56]],[[115.2827,34.44],[115.1615,34.44]],[[115.4038,34.56],[115.525,34.56]],[[116.1308,34.56],[116.1308,34.44]],[[116.2519,34.56],[116.3731,34.56]],[[116.2519,34.44],[116.2519,34.56]],[[116.3731,34.56],[116.4942,34.56]],[[116.4942,34.56],[116.4942,34.44]],[[116.7365,34.56],[116.8577,34.56]],[[116.8577,34.56],[116.8577,34.44]],[[116.7365,34.44],[116.7365,34.56]],[[117.1,34.44],[117.1,34.56]],[[119.0385,34.44],[118.9173,34.44]],[[119.5231,34.56],[119.6442,34.56]],[[119.6442,34.56],[119.7654,34.56]],[[119.7654,34.56],[119.7654,34.44]],[[103.7731,34.32],[103.7731,34.44]],[[104.6212,34.44],[104.7423,34.44]],[[104.7423,34.44],[104.8635,34.44]],[[104.8635,34.44],[104.9846,34.44]],[[104.9846,34.44],[105.1058,34.44]],[[106.1962,34.44],[106.3173,34.44]],[[106.3173,34.44],[106.4385,34.44]],[[106.4385,34.44],[106.5596,34.44]],[[106.5596,34.44],[106.5596,34.32]],[[106.9231,34.32],[106.8019,34.32]],[[106.8019,34.32],[106.8019,34.44]],[[107.0442,34.32],[106.9231,34.32]],[[107.1654,34.44],[107.2865,34.44]],[[107.4077,34.44],[107.4077,34.32]],[[107.65,34.44],[107.65,34.32]],[[107.5288,34.32],[107.5288,34.44]],[[107.7712,34.44],[107.8923,34.44]],[[107.7712,34.32],[107.7712,34.44]],[[108.0135,34.44],[108.0135,34.32]],[[108.4981,34.32],[108.3769,34.32]],[[108.3769,34.32],[108.3769,34.44]],[[108.6192,34.32],[108.4981,34.32]],[[108.6192,34.44],[108.7404,34.44]],[[108.7404,34.44],[108.8615,34.44]],[[108.8615,34.44],[108.8615,34.32]],[[108.8615,34.32],[108.7404,34.32]],[[109.1038,34.32],[109.1038,34.44]],[[109.3462,34.32],[109.225,34.32]],[[109.3462,34.44],[109.4673,34.44]],[[109.4673,34.32],[109.3462,34.32]],[[109.5885,34.32],[109.4673,34.32]],[[109.7096,34.32],[109.5885,34.32]],[[109.9519,34.44],[109.9519,34.32]],[[110.5577,34.44],[110.5577,34.32]],[[110.5577,34.32],[110.4365,34.32]],[[110.4365,34.32],[110.4365,34.44]],[[110.6788,34.32],[110.6788,34.44]],[[110.8,34.44],[110.9212,34.44]],[[110.9212,34.44],[111.0423,34.44]],[[111.0423,34.44],[111.0423,34.32]],[[111.1635,34.32],[111.1635,34.44]],[[111.8904,34.32],[111.7692,34.32]],[[112.0115,34.32],[111.8904,34.32]],[[113.3442,34.44],[113.3442,34.32]],[[113.4654,34.32],[113.4654,34.44]],[[113.7077,34.32],[113.5865,34.32]],[[113.8288,34.44],[113.8288,34.32]],[[113.95,34.44],[114.0712,34.44]],[[114.0712,34.32],[113.95,34.32]],[[113.95,34.32],[113.95,34.44]],[[114.1923,34.32],[114.0712,34.32]],[[114.1923,34.44],[114.3135,34.44]],[[114.3135,34.44],[114.3135,34.32]],[[114.3135,34.32],[114.1923,34.32]],[[114.4346,34.32],[114.4346,34.44]],[[114.5558,34.44],[114.6769,34.44]],[[114.7981,34.32],[114.6769,34.32]],[[114.9192,34.32],[114.7981,34.32]],[[115.1615,34.44],[115.1615,34.32]],[[115.4038,34.32],[115.2827,34.32]],[[115.2827,34.32],[115.2827,34.44]],[[116.1308,34.44],[116.1308,34.32]],[[116.2519,34.32],[116.2519,34.44]],[[116.4942,34.44],[116.4942,34.32]],[[116.4942,34.32],[116.3731,34.32]],[[116.6154,34.44],[116.7365,34.44]],[[116.6154,34.32],[116.6154,34.44]],[[116.8577,34.44],[116.9788,34.44]],[[116.9788,34.44],[117.1,34.44]],[[118.675,34.32],[118.5538,34.32]],[[118.7962,34.32],[118.675,34.32]],[[118.9173,34.44],[118.9173,34.32]],[[119.1596,34.32],[119.0385,34.32]],[[119.0385,34.32],[119.0385,34.44]],[[119.7654,34.44],[119.7654,34.32]],[[119.7654,34.32],[119.6442,34.32]],[[103.8942,34.2],[103.7731,34.2]],[[103.7731,34.2],[103.7731,34.32]],[[104.0154,34.2],[103.8942,34.2]],[[104.7423,34.2],[104.6212,34.2]],[[105.3481,34.2],[105.2269,34.2]],[[106.5596,34.32],[106.6808,34.32]],[[106.6808,34.32],[106.6808,34.2]],[[107.0442,34.2],[107.0442,34.32]],[[107.2865,34.2],[107.1654,34.2]],[[107.4077,34.2],[107.2865,34.2]],[[107.4077,34.32],[107.5288,34.32]],[[107.5288,34.2],[107.4077,34.2]],[[107.65,34.2],[107.5288,34.2]],[[107.65,34.32],[107.7712,34.32]],[[108.0135,34.32],[108.0135,34.2]],[[108.7404,34.32],[108.7404,34.2]],[[108.6192,34.2],[108.6192,34.32]],[[108.8615,34.32],[108.9827,34.32]],[[108.8615,34.2],[108.8615,34.32]],[[108.9827,34.32],[109.1038,34.32]],[[109.225,34.32],[109.225,34.2]],[[109.7096,34.2],[109.7096,34.32]],[[109.9519,34.32],[110.0731,34.32]],[[110.0731,34.32],[110.1942,34.32]],[[110.1942,34.32],[110.3154,34.32]],[[110.3154,34.32],[110.4365,34.32]],[[110.4365,34.32],[110.4365,34.2]],[[110.6788,34.2],[110.6788,34.32]],[[111.0423,34.32],[111.1635,34.32]],[[111.4058,34.2],[111.2846,34.2]],[[111.5269,34.2],[111.4058,34.2]],[[111.7692,34.32],[111.7692,34.2]],[[112.0115,34.2],[112.0115,34.32]],[[113.2231,34.2],[113.1019,34.2]],[[113.3442,34.2],[113.2231,34.2]],[[113.3442,34.32],[113.4654,34.32]],[[113.5865,34.32],[113.5865,34.2]],[[113.8288,34.2],[113.7077,34.2]],[[113.7077,34.2],[113.7077,34.32]],[[113.8288,34.32],[113.95,34.32]],[[113.95,34.32],[113.95,34.2]],[[113.95,34.2],[113.8288,34.2]],[[114.4346,34.2],[114.4346,34.32]],[[114.6769,34.32],[114.6769,34.2]],[[114.9192,34.2],[114.9192,34.32]],[[115.1615,34.32],[115.1615,34.2]],[[115.1615,34.2],[115.0404,34.2]],[[115.4038,34.2],[115.4038,34.32]],[[115.6462,34.2],[115.525,34.2]],[[115.8885,34.2],[115.7673,34.2]],[[116.1308,34.32],[116.2519,34.32]],[[116.2519,34.2],[116.1308,34.2]],[[116.3731,34.32],[116.3731,34.2]],[[116.4942,34.32],[116.6154,34.32]],[[116.4942,34.2],[116.4942,34.32]],[[117.9481,34.2],[117.8269,34.2]],[[118.0692,34.2],[117.9481,34.2]],[[118.1904,34.2],[118.0692,34.2]],[[118.3115,34.2],[118.1904,34.2]],[[118.4327,34.2],[118.3115,34.2]],[[118.5538,34.32],[118.5538,34.2]],[[118.5538,34.2],[118.4327,34.2]],[[118.7962,34.2],[118.7962,34.32]],[[118.9173,34.32],[119.0385,34.32]],[[119.0385,34.32],[119.0385,34.2]],[[119.2808,34.2],[119.1596,34.2]],[[119.1596,34.2],[119.1596,34.32]],[[119.6442,34.32],[119.6442,34.2]],[[104.0154,34.08],[104.0154,34.2]],[[104.6212,34.2],[104.6212,34.08]],[[104.7423,34.08],[104.7423,34.2]],[[105.1058,34.08],[104.9846,34.08]],[[105.2269,34.2],[105.2269,34.08]],[[105.2269,34.08],[105.1058,34.08]],[[105.3481,34.08],[105.3481,34.2]],[[105.7115,34.08],[105.5904,34.08]],[[106.6808,34.2],[106.8019,34.2]],[[106.8019,34.2],[106.9231,34.2]],[[106.9231,34.2],[107.0442,34.2]],[[107.1654,34.2],[107.1654,34.08]],[[107.7712,34.08],[107.65,34.08]],[[107.65,34.08],[107.65,34.2]],[[107.8923,34.08],[107.7712,34.08]],[[108.0135,34.2],[108.1346,34.2]],[[108.1346,34.2],[108.2558,34.2]],[[108.2558,34.2],[108.3769,34.2]],[[108.3769,34.2],[108.4981,34.2]],[[108.4981,34.2],[108.4981,34.08]],[[108.6192,34.08],[108.6192,34.2]],[[108.7404,34.2],[108.8615,34.2]],[[109.1038,34.08],[108.9827,34.08]],[[109.225,34.2],[109.3462,34.2]],[[109.3462,34.08],[109.225,34.08]],[[109.3462,34.2],[109.4673,34.2]],[[109.4673,34.2],[109.5885,34.2]],[[109.5885,34.2],[109.7096,34.2]],[[110.4365,34.2],[110.5577,34.2]],[[110.5577,34.2],[110.5577,34.08]],[[110.6788,34.08],[110.6788,34.2]],[[111.2846,34.2],[111.2846,34.08]],[[111.5269,34.08],[111.5269,34.2]],[[111.7692,34.2],[111.8904,34.2]],[[111.8904,34.2],[112.0115,34.2]],[[113.1019,34.2],[113.1019,34.08]],[[113.1019,34.08],[112.9808,34.08]],[[113.4654,34.08],[113.3442,34.08]],[[113.3442,34.08],[113.3442,34.2]],[[113.5865,34.2],[113.5865,34.08]],[[113.5865,34.08],[113.4654,34.08]],[[114.1923,34.2],[114.3135,34.2]],[[114.1923,34.08],[114.1923,34.2]],[[114.3135,34.2],[114.4346,34.2]],[[114.6769,34.2],[114.7981,34.2]],[[114.7981,34.2],[114.9192,34.2]],[[115.0404,34.2],[115.0404,34.08]],[[115.1615,34.2],[115.2827,34.2]],[[115.1615,34.08],[115.1615,34.2]],[[115.2827,34.2],[115.4038,34.2]],[[115.4038,34.08],[115.2827,34.08]],[[115.525,34.2],[115.525,34.08]],[[115.7673,34.2],[115.7673,34.08]],[[115.6462,34.08],[115.6462,34.2]],[[116.0096,34.08],[115.8885,34.08]],[[115.8885,34.08],[115.8885,34.2]],[[116.1308,34.2],[116.1308,34.08]],[[116.2519,34.08],[116.2519,34.2]],[[116.3731,34.2],[116.4942,34.2]],[[116.8577,34.08],[116.7365,34.08]],[[117.1,34.08],[116.9788,34.08]],[[117.2212,34.08],[117.1,34.08]],[[117.4635,34.08],[117.3423,34.08]],[[117.5846,34.08],[117.4635,34.08]],[[117.8269,34.2],[117.8269,34.08]],[[118.5538,34.2],[118.675,34.2]],[[118.675,34.08],[118.5538,34.08]],[[118.5538,34.08],[118.5538,34.2]],[[118.675,34.2],[118.7962,34.2]],[[119.0385,34.2],[119.0385,34.08]],[[119.2808,34.08],[119.2808,34.2]],[[119.5231,34.08],[119.4019,34.08]],[[119.6442,34.2],[119.6442,34.08]],[[119.6442,34.08],[119.5231,34.08]],[[104.0154,33.96],[104.0154,34.08]],[[104.3788,33.96],[104.2577,33.96]],[[104.6212,34.08],[104.6212,33.96]],[[104.8635,33.96],[104.7423,33.96]],[[104.7423,33.96],[104.7423,34.08]],[[104.9846,34.08],[104.9846,33.96]],[[105.2269,34.08],[105.3481,34.08]],[[105.2269,33.96],[105.2269,34.08]],[[105.5904,34.08],[105.5904,33.96]],[[105.7115,33.96],[105.7115,34.08]],[[107.1654,34.08],[107.2865,34.08]],[[107.2865,34.08],[107.4077,34.08]],[[107.4077,34.08],[107.5288,34.08]],[[107.5288,34.08],[107.65,34.08]],[[107.65,34.08],[107.65,33.96]],[[107.8923,33.96],[107.8923,34.08]],[[108.4981,34.08],[108.6192,34.08]],[[108.9827,34.08],[108.9827,33.96]],[[109.225,34.08],[109.225,33.96]],[[109.1038,33.96],[109.1038,34.08]],[[109.3462,33.96],[109.3462,34.08]],[[109.5885,33.96],[109.4673,33.96]],[[110.3154,33.96],[110.1942,33.96]],[[110.5577,34.08],[110.5577,33.96]],[[110.5577,33.96],[110.4365,33.96]],[[110.6788,33.96],[110.6788,34.08]],[[111.2846,34.08],[111.4058,34.08]],[[111.4058,34.08],[111.5269,34.08]],[[112.6173,33.96],[112.4962,33.96]],[[112.9808,34.08],[112.9808,33.96]],[[113.1019,34.08],[113.2231,34.08]],[[113.1019,33.96],[113.1019,34.08]],[[113.2231,34.08],[113.3442,34.08]],[[113.3442,34.08],[113.3442,33.96]],[[113.5865,34.08],[113.7077,34.08]],[[113.7077,33.96],[113.5865,33.96]],[[113.5865,33.96],[113.5865,34.08]],[[113.7077,34.08],[113.8288,34.08]],[[113.8288,33.96],[113.7077,33.96]],[[113.8288,34.08],[113.95,34.08]],[[113.95,34.08],[113.95,33.96]],[[114.0712,34.08],[114.1923,34.08]],[[114.1923,33.96],[114.0712,33.96]],[[114.0712,33.96],[114.0712,34.08]],[[114.9192,33.96],[114.7981,33.96]],[[115.0404,33.96],[114.9192,33.96]],[[115.0404,34.08],[115.1615,34.08]],[[115.2827,34.08],[115.2827,33.96]],[[115.4038,33.96],[115.4038,34.08]],[[115.525,34.08],[115.6462,34.08]],[[115.7673,34.08],[115.8885,34.08]],[[115.8885,34.08],[115.8885,33.96]],[[116.0096,33.96],[116.0096,34.08]],[[116.1308,34.08],[116.2519,34.08]],[[116.7365,34.08],[116.7365,33.96]],[[116.9788,34.08],[116.9788,33.96]],[[116.8577,33.96],[116.8577,34.08]],[[117.3423,34.08],[117.3423,33.96]],[[117.2212,33.96],[117.2212,34.08]],[[117.5846,33.96],[117.5846,34.08]],[[117.8269,34.08],[117.9481,34.08]],[[117.9481,34.08],[118.0692,34.08]],[[118.0692,34.08],[118.1904,34.08]],[[118.1904,34.08],[118.3115,34.08]],[[118.3115,34.08],[118.4327,34.08]],[[118.4327,34.08],[118.4327,33.96]],[[118.675,33.96],[118.675,34.08]],[[119.0385,34.08],[119.0385,33.96]],[[119.1596,34.08],[119.2808,34.08]],[[119.1596,33.96],[119.1596,34.08]],[[119.4019,34.08],[119.4019,33.96]],[[103.8942,33.96],[104.0154,33.96]],[[104.0154,33.84],[103.8942,33.84]],[[103.8942,33.84],[103.8942,33.96]],[[104.2577,33.96],[104.2577,33.84]],[[104.5,33.84],[104.3788,33.84]],[[104.3788,33.84],[104.3788,33.96]],[[104.6212,33.96],[104.6212,33.84]],[[104.8635,33.84],[104.8635,33.96]],[[104.9846,33.96],[105.1058,33.96]],[[105.1058,33.96],[105.1058,33.84]],[[105.2269,33.84],[105.2269,33.96]],[[105.4692,33.84],[105.3481,33.84]],[[105.5904,33.96],[105.7115,33.96]],[[106.4385,33.84],[106.3173,33.84]],[[107.65,33.96],[107.65,33.84]],[[107.65,33.84],[107.5288,33.84]],[[107.7712,33.96],[107.8923,33.96]],[[107.7712,33.84],[107.7712,33.96]],[[108.2558,33.84],[108.1346,33.84]],[[108.3769,33.84],[108.2558,33.84]],[[108.9827,33.84],[108.8615,33.84]],[[108.9827,33.96],[109.1038,33.96]],[[109.225,33.96],[109.225,33.84]],[[109.4673,33.96],[109.4673,33.84]],[[109.3462,33.84],[109.3462,33.96]],[[109.5885,33.84],[109.5885,33.96]],[[110.1942,33.96],[110.1942,33.84]],[[110.4365,33.96],[110.4365,33.84]],[[110.3154,33.84],[110.3154,33.96]],[[110.5577,33.96],[110.6788,33.96]],[[110.6788,33.84],[110.5577,33.84]],[[110.5577,33.84],[110.5577,33.96]],[[112.0115,33.84],[111.8904,33.84]],[[112.375,33.84],[112.2538,33.84]],[[112.4962,33.96],[112.4962,33.84]],[[112.6173,33.84],[112.6173,33.96]],[[112.9808,33.96],[113.1019,33.96]],[[113.3442,33.96],[113.3442,33.84]],[[113.4654,33.96],[113.5865,33.96]],[[113.5865,33.96],[113.5865,33.84]],[[113.4654,33.84],[113.4654,33.96]],[[113.8288,33.84],[113.8288,33.96]],[[113.95,33.96],[114.0712,33.96]],[[114.0712,33.96],[114.0712,33.84]],[[114.1923,33.84],[114.1923,33.96]],[[114.7981,33.96],[114.7981,33.84]],[[115.0404,33.84],[115.0404,33.96]],[[115.2827,33.84],[115.1615,33.84]],[[115.2827,33.96],[115.4038,33.96]],[[115.8885,33.96],[116.0096,33.96]],[[116.0096,33.84],[115.8885,33.84]],[[116.1308,33.84],[116.0096,33.84]],[[116.2519,33.84],[116.1308,33.84]],[[116.3731,33.84],[116.2519,33.84]],[[116.7365,33.96],[116.8577,33.96]],[[116.9788,33.96],[116.9788,33.84]],[[117.1,33.96],[117.2212,33.96]],[[117.1,33.84],[117.1,33.96]],[[117.3423,33.96],[117.3423,33.84]],[[117.4635,33.96],[117.5846,33.96]],[[117.4635,33.84],[117.4635,33.96]],[[118.4327,33.96],[118.5538,33.96]],[[118.5538,33.96],[118.675,33.96]],[[118.9173,33.84],[118.7962,33.84]],[[119.0385,33.96],[119.1596,33.96]],[[119.4019,33.96],[119.5231,33.96]],[[119.5231,33.96],[119.5231,33.84]],[[119.5231,33.84],[119.4019,33.84]],[[119.6442,33.96],[119.7654,33.96]],[[119.7654,33.96],[119.7654,33.84]],[[119.6442,33.84],[119.6442,33.96]],[[104.0154,33.72],[104.0154,33.84]],[[104.2577,33.84],[104.3788,33.84]],[[104.3788,33.84],[104.3788,33.72]],[[104.6212,33.72],[104.5,33.72]],[[104.5,33.72],[104.5,33.84]],[[104.6212,33.84],[104.7423,33.84]],[[104.7423,33.84],[104.8635,33.84]],[[104.8635,33.72],[104.7423,33.72]],[[105.1058,33.84],[105.2269,33.84]],[[105.2269,33.72],[105.1058,33.72]],[[105.3481,33.84],[105.3481,33.72]],[[105.3481,33.72],[105.2269,33.72]],[[105.4692,33.72],[105.4692,33.84]],[[106.3173,33.84],[106.3173,33.72]],[[106.4385,33.72],[106.4385,33.84]],[[106.6808,33.72],[106.5596,33.72]],[[107.5288,33.84],[107.5288,33.72]],[[107.7712,33.72],[107.7712,33.84]],[[108.1346,33.84],[108.1346,33.72]],[[108.3769,33.72],[108.3769,33.84]],[[108.8615,33.84],[108.8615,33.72]],[[108.9827,33.72],[108.9827,33.84]],[[109.225,33.84],[109.3462,33.84]],[[109.4673,33.84],[109.5885,33.84]],[[110.1942,33.84],[110.3154,33.84]],[[110.4365,33.84],[110.5577,33.84]],[[110.5577,33.84],[110.5577,33.72]],[[110.8,33.72],[110.6788,33.72]],[[110.6788,33.72],[110.6788,33.84]],[[111.1635,33.72],[111.0423,33.72]],[[111.6481,33.72],[111.5269,33.72]],[[111.7692,33.72],[111.6481,33.72]],[[111.8904,33.84],[111.8904,33.72]],[[111.8904,33.72],[111.7692,33.72]],[[112.1327,33.72],[112.0115,33.72]],[[112.0115,33.72],[112.0115,33.84]],[[112.2538,33.84],[112.2538,33.72]],[[112.375,33.72],[112.375,33.84]],[[112.4962,33.84],[112.6173,33.84]],[[113.2231,33.72],[113.1019,33.72]],[[113.3442,33.84],[113.3442,33.72]],[[113.3442,33.72],[113.2231,33.72]],[[113.4654,33.72],[113.4654,33.84]],[[113.5865,33.84],[113.7077,33.84]],[[113.7077,33.84],[113.8288,33.84]],[[114.0712,33.84],[114.0712,33.72]],[[114.3135,33.72],[114.1923,33.72]],[[114.1923,33.72],[114.1923,33.84]],[[114.5558,33.72],[114.4346,33.72]],[[114.6769,33.72],[114.5558,33.72]],[[114.7981,33.84],[114.9192,33.84]],[[114.9192,33.84],[115.0404,33.84]],[[115.1615,33.84],[115.1615,33.72]],[[115.2827,33.72],[115.2827,33.84]],[[115.6462,33.72],[115.525,33.72]],[[115.8885,33.84],[115.8885,33.72]],[[116.3731,33.72],[116.3731,33.84]],[[116.9788,33.84],[117.1,33.84]],[[117.3423,33.84],[117.4635,33.84]],[[118.1904,33.72],[118.0692,33.72]],[[118.7962,33.84],[118.7962,33.72]],[[118.9173,33.72],[118.9173,33.84]],[[119.4019,33.84],[119.4019,33.72]],[[119.5231,33.84],[119.6442,33.84]],[[119.5231,33.72],[119.5231,33.84]],[[119.7654,33.84],[119.8865,33.84]],[[119.8865,33.84],[120.0077,33.84]],[[120.0077,33.84],[120.0077,33.72]],[[104.1365,33.6],[104.0154,33.6]],[[104.0154,33.6],[104.0154,33.72]],[[104.3788,33.72],[104.5,33.72]],[[104.5,33.72],[104.5,33.6]],[[104.7423,33.72],[104.7423,33.6]],[[104.6212,33.6],[104.6212,33.72]],[[104.8635,33.6],[104.8635,33.72]],[[105.1058,33.72],[105.1058,33.6]],[[105.4692,33.6],[105.4692,33.72]],[[105.9538,33.6],[105.8327,33.6]],[[106.3173,33.72],[106.4385,33.72]],[[106.5596,33.72],[106.5596,33.6]],[[106.5596,33.6],[106.4385,33.6]],[[106.6808,33.6],[106.6808,33.72]],[[107.5288,33.72],[107.65,33.72]],[[107.65,33.72],[107.7712,33.72]],[[108.1346,33.72],[108.2558,33.72]],[[108.2558,33.72],[108.3769,33.72]],[[108.8615,33.72],[108.9827,33.72]],[[110.3154,33.6],[110.1942,33.6]],[[110.5577,33.72],[110.6788,33.72]],[[110.6788,33.72],[110.6788,33.6]],[[110.8,33.6],[110.8,33.72]],[[111.0423,33.72],[111.0423,33.6]],[[111.0423,33.6],[110.9212,33.6]],[[111.1635,33.6],[111.1635,33.72]],[[111.5269,33.72],[111.5269,33.6]],[[111.8904,33.72],[112.0115,33.72]],[[112.0115,33.72],[112.0115,33.6]],[[112.0115,33.6],[111.8904,33.6]],[[111.8904,33.6],[111.8904,33.72]],[[112.1327,33.6],[112.1327,33.72]],[[112.2538,33.72],[112.375,33.72]],[[113.1019,33.72],[113.1019,33.6]],[[113.1019,33.6],[112.9808,33.6]],[[113.3442,33.72],[113.4654,33.72]],[[113.3442,33.6],[113.3442,33.72]],[[114.0712,33.72],[114.1923,33.72]],[[114.1923,33.72],[114.1923,33.6]],[[114.4346,33.72],[114.4346,33.6]],[[114.3135,33.6],[114.3135,33.72]],[[114.6769,33.6],[114.6769,33.72]],[[115.1615,33.72],[115.2827,33.72]],[[115.525,33.72],[115.525,33.6]],[[115.6462,33.6],[115.6462,33.72]],[[115.8885,33.72],[115.8885,33.6]],[[116.0096,33.72],[116.1308,33.72]],[[116.0096,33.6],[116.0096,33.72]],[[116.1308,33.72],[116.2519,33.72]],[[116.2519,33.72],[116.3731,33.72]],[[117.3423,33.6],[117.2212,33.6]],[[118.0692,33.72],[118.0692,33.6]],[[118.1904,33.6],[118.1904,33.72]],[[118.7962,33.72],[118.7962,33.6]],[[118.9173,33.6],[118.9173,33.72]],[[119.4019,33.72],[119.4019,33.6]],[[119.5231,33.6],[119.5231,33.72]],[[120.0077,33.72],[120.0077,33.6]],[[104.2577,33.48],[104.1365,33.48]],[[104.1365,33.48],[104.1365,33.6]],[[104.5,33.6],[104.6212,33.6]],[[104.7423,33.6],[104.8635,33.6]],[[105.1058,33.6],[105.2269,33.6]],[[105.2269,33.6],[105.3481,33.6]],[[105.3481,33.6],[105.4692,33.6]],[[105.8327,33.6],[105.8327,33.48]],[[105.9538,33.48],[105.9538,33.6]],[[106.4385,33.6],[106.4385,33.48]],[[106.5596,33.6],[106.6808,33.6]],[[106.5596,33.48],[106.5596,33.6]],[[110.1942,33.6],[110.1942,33.48]],[[110.4365,33.48],[110.3154,33.48]],[[110.3154,33.48],[110.3154,33.6]],[[110.6788,33.6],[110.8,33.6]],[[110.9212,33.6],[110.9212,33.48]],[[111.0423,33.6],[111.1635,33.6]],[[111.0423,33.48],[111.0423,33.6]],[[111.5269,33.6],[111.6481,33.6]],[[111.6481,33.6],[111.7692,33.6]],[[111.7692,33.6],[111.7692,33.48]],[[112.0115,33.6],[112.1327,33.6]],[[112.0115,33.48],[112.0115,33.6]],[[112.9808,33.6],[112.9808,33.48]],[[113.1019,33.6],[113.2231,33.6]],[[113.1019,33.48],[113.1019,33.6]],[[113.2231,33.6],[113.3442,33.6]],[[113.8288,33.48],[113.7077,33.48]],[[113.95,33.48],[113.8288,33.48]],[[114.0712,33.48],[113.95,33.48]],[[114.1923,33.6],[114.3135,33.6]],[[114.4346,33.6],[114.5558,33.6]],[[114.5558,33.6],[114.6769,33.6]],[[115.525,33.6],[115.6462,33.6]],[[115.8885,33.48],[115.7673,33.48]],[[115.8885,33.6],[116.0096,33.6]],[[117.1,33.48],[116.9788,33.48]],[[117.2212,33.6],[117.2212,33.48]],[[117.2212,33.48],[117.1,33.48]],[[117.4635,33.48],[117.3423,33.48]],[[117.3423,33.48],[117.3423,33.6]],[[118.0692,33.6],[118.0692,33.48]],[[118.1904,33.48],[118.1904,33.6]],[[118.7962,33.6],[118.9173,33.6]],[[119.4019,33.48],[119.2808,33.48]],[[119.4019,33.6],[119.5231,33.6]],[[119.5231,33.48],[119.4019,33.48]],[[120.0077,33.6],[120.0077,33.48]],[[104.3788,33.36],[104.2577,33.36]],[[104.2577,33.36],[104.2577,33.48]],[[105.8327,33.48],[105.9538,33.48]],[[106.4385,33.48],[106.4385,33.36]],[[106.5596,33.36],[106.5596,33.48]],[[106.9231,33.36],[106.8019,33.36]],[[109.5885,33.36],[109.4673,33.36]],[[110.1942,33.48],[110.3154,33.48]],[[110.3154,33.48],[110.3154,33.36]],[[110.5577,33.36],[110.4365,33.36]],[[110.4365,33.36],[110.4365,33.48]],[[110.9212,33.48],[110.9212,33.36]],[[110.9212,33.36],[110.8,33.36]],[[111.1635,33.36],[111.0423,33.36]],[[111.0423,33.36],[111.0423,33.48]],[[111.2846,33.36],[111.1635,33.36]],[[111.7692,33.48],[111.8904,33.48]],[[111.8904,33.48],[112.0115,33.48]],[[112.9808,33.48],[113.1019,33.48]],[[113.7077,33.48],[113.7077,33.36]],[[113.7077,33.36],[113.5865,33.36]],[[114.0712,33.36],[114.0712,33.48]],[[114.7981,33.36],[114.6769,33.36]],[[115.7673,33.48],[115.7673,33.36]],[[116.0096,33.36],[115.8885,33.36]],[[115.8885,33.36],[115.8885,33.48]],[[116.1308,33.36],[116.0096,33.36]],[[116.9788,33.48],[116.9788,33.36]],[[116.9788,33.36],[116.8577,33.36]],[[117.2212,33.48],[117.3423,33.48]],[[117.3423,33.48],[117.3423,33.36]],[[117.2212,33.36],[117.2212,33.48]],[[117.5846,33.36],[117.4635,33.36]],[[117.4635,33.36],[117.4635,33.48]],[[118.0692,33.48],[118.1904,33.48]],[[119.1596,33.36],[119.0385,33.36]],[[119.2808,33.48],[119.2808,33.36]],[[119.5231,33.36],[119.5231,33.48]],[[120.0077,33.48],[120.1288,33.48]],[[120.1288,33.48],[120.25,33.48]],[[120.25,33.48],[120.25,33.36]],[[104.3788,33.24],[104.3788,33.36]],[[105.9538,33.24],[105.8327,33.24]],[[106.4385,33.36],[106.5596,33.36]],[[106.8019,33.36],[106.8019,33.24]],[[106.9231,33.24],[106.9231,33.36]],[[108.6192,33.24],[108.4981,33.24]],[[108.7404,33.24],[108.6192,33.24]],[[108.9827,33.24],[108.8615,33.24]],[[109.1038,33.24],[108.9827,33.24]],[[109.225,33.24],[109.1038,33.24]],[[109.4673,33.36],[109.4673,33.24]],[[109.7096,33.24],[109.5885,33.24]],[[109.5885,33.24],[109.5885,33.36]],[[109.8308,33.24],[109.7096,33.24]],[[109.9519,33.24],[109.8308,33.24]],[[110.0731,33.24],[109.9519,33.24]],[[110.1942,33.24],[110.0731,33.24]],[[110.3154,33.24],[110.1942,33.24]],[[110.3154,33.36],[110.4365,33.36]],[[110.4365,33.36],[110.4365,33.24]],[[110.4365,33.24],[110.3154,33.24]],[[110.5577,33.24],[110.5577,33.36]],[[110.8,33.36],[110.8,33.24]],[[111.2846,33.24],[111.2846,33.36]],[[111.7692,33.24],[111.6481,33.24]],[[112.1327,33.24],[112.0115,33.24]],[[112.7385,33.24],[112.6173,33.24]],[[113.5865,33.36],[113.5865,33.24]],[[113.7077,33.36],[113.8288,33.36]],[[113.8288,33.24],[113.7077,33.24]],[[113.7077,33.24],[113.7077,33.36]],[[113.8288,33.36],[113.95,33.36]],[[113.95,33.24],[113.8288,33.24]],[[113.95,33.36],[114.0712,33.36]],[[114.3135,33.24],[114.1923,33.24]],[[114.4346,33.24],[114.3135,33.24]],[[114.5558,33.24],[114.4346,33.24]],[[114.6769,33.36],[114.6769,33.24]],[[114.6769,33.24],[114.5558,33.24]],[[114.7981,33.24],[114.7981,33.36]],[[115.7673,33.36],[115.8885,33.36]],[[115.8885,33.36],[115.8885,33.24]],[[116.1308,33.24],[116.1308,33.36]],[[116.8577,33.36],[116.8577,33.24]],[[117.1,33.36],[117.2212,33.36]],[[117.2212,33.24],[117.1,33.24]],[[117.1,33.24],[117.1,33.36]],[[117.3423,33.36],[117.4635,33.36]],[[117.4635,33.36],[117.4635,33.24]],[[117.5846,33.24],[117.5846,33.36]],[[118.4327,33.24],[118.3115,33.24]],[[118.5538,33.24],[118.4327,33.24]],[[119.0385,33.36],[119.0385,33.24]],[[119.2808,33.24],[119.1596,33.24]],[[119.1596,33.24],[119.1596,33.36]],[[119.2808,33.36],[119.4019,33.36]],[[119.4019,33.36],[119.5231,33.36]],[[119.7654,33.24],[119.6442,33.24]],[[120.1288,33.24],[120.0077,33.24]],[[120.25,33.24],[120.1288,33.24]],[[120.25,33.36],[120.3712,33.36]],[[120.3712,33.36],[120.3712,33.24]],[[120.3712,33.24],[120.25,33.24]],[[104.3788,33.12],[104.3788,33.24]],[[105.8327,33.24],[105.8327,33.12]],[[105.9538,33.12],[105.9538,33.24]],[[106.8019,33.24],[106.9231,33.24]],[[107.5288,33.12],[107.4077,33.12]],[[107.65,33.12],[107.5288,33.12]],[[108.4981,33.24],[108.4981,33.12]],[[108.4981,33.12],[108.3769,33.12]],[[108.8615,33.24],[108.8615,33.12]],[[108.7404,33.12],[108.7404,33.24]],[[109.225,33.12],[109.225,33.24]],[[109.4673,33.24],[109.4673,33.12]],[[109.4673,33.12],[109.3462,33.12]],[[110.5577,33.12],[110.5577,33.24]],[[110.8,33.24],[110.9212,33.24]],[[110.9212,33.24],[111.0423,33.24]],[[111.0423,33.24],[111.1635,33.24]],[[111.1635,33.24],[111.2846,33.24]],[[111.6481,33.24],[111.6481,33.12]],[[111.7692,33.12],[111.7692,33.24]],[[112.0115,33.24],[112.0115,33.12]],[[112.0115,33.12],[111.8904,33.12]],[[112.1327,33.12],[112.1327,33.24]],[[112.6173,33.24],[112.6173,33.12]],[[112.8596,33.12],[112.7385,33.12]],[[112.7385,33.12],[112.7385,33.24]],[[113.3442,33.12],[113.2231,33.12]],[[113.5865,33.24],[113.5865,33.12]],[[113.95,33.12],[113.95,33.24]],[[114.1923,33.24],[114.1923,33.12]],[[114.1923,33.12],[114.0712,33.12]],[[114.6769,33.24],[114.7981,33.24]],[[114.6769,33.12],[114.6769,33.24]],[[115.8885,33.24],[116.0096,33.24]],[[116.0096,33.24],[116.1308,33.24]],[[116.8577,33.24],[116.9788,33.24]],[[116.9788,33.24],[117.1,33.24]],[[117.1,33.24],[117.1,33.12]],[[117.2212,33.12],[117.2212,33.24]],[[117.4635,33.24],[117.5846,33.24]],[[118.3115,33.24],[118.3115,33.12]],[[118.5538,33.12],[118.5538,33.24]],[[118.9173,33.12],[118.7962,33.12]],[[119.0385,33.24],[119.1596,33.24]],[[119.1596,33.24],[119.1596,33.12]],[[119.4019,33.12],[119.2808,33.12]],[[119.2808,33.12],[119.2808,33.24]],[[119.6442,33.24],[119.6442,33.12]],[[119.7654,33.12],[119.7654,33.24]],[[120.0077,33.24],[120.0077,33.12]],[[104.3788,33.0],[104.3788,33.12]],[[105.8327,33.12],[105.9538,33.12]],[[106.6808,33.0],[106.5596,33.0]],[[107.2865,33.0],[107.1654,33.0]],[[107.4077,33.12],[107.4077,33.0]],[[107.65,33.0],[107.65,33.12]],[[108.3769,33.12],[108.3769,33.0]],[[108.3769,33.0],[108.2558,33.0]],[[108.6192,33.12],[108.7404,33.12]],[[108.6192,33.0],[108.6192,33.12]],[[108.8615,33.12],[108.9827,33.12]],[[108.9827,33.12],[109.1038,33.12]],[[109.1038,33.12],[109.225,33.12]],[[109.3462,33.12],[109.3462,33.0]],[[109.5885,33.12],[109.7096,33.12]],[[109.5885,33.0],[109.5885,33.12]],[[109.7096,33.12],[109.8308,33.12]],[[109.8308,33.0],[109.7096,33.0]],[[109.8308,33.12],[109.9519,33.12]],[[109.9519,33.12],[110.0731,33.12]],[[110.0731,33.12],[110.1942,33.12]],[[110.1942,33.12],[110.3154,33.12]],[[110.3154,33.12],[110.4365,33.12]],[[110.4365,33.12],[110.5577,33.12]],[[111.6481,33.12],[111.7692,33.12]],[[111.8904,33.12],[111.8904,33.0]],[[112.0115,33.12],[112.1327,33.12]],[[112.0115,33.0],[112.0115,33.12]],[[112.6173,33.12],[112.7385,33.12]],[[112.7385,33.12],[112.7385,33.0]],[[112.9808,33.0],[112.8596,33.0]],[[112.8596,33.0],[112.8596,33.12]],[[113.2231,33.12],[113.2231,33.0]],[[113.3442,33.0],[113.3442,33.12]],[[113.5865,33.12],[113.7077,33.12]],[[113.7077,33.12],[113.7077,33.0]],[[113.8288,33.12],[113.95,33.12]],[[113.8288,33.0],[113.8288,33.12]],[[114.0712,33.12],[114.0712,33.0]],[[114.1923,33.12],[114.3135,33.12]],[[114.1923,33.0],[114.1923,33.12]],[[114.3135,33.12],[114.4346,33.12]],[[114.4346,33.12],[114.5558,33.12]],[[114.5558,33.12],[114.6769,33.12]],[[115.0404,33.0],[114.9192,33.0]],[[116.3731,33.0],[116.2519,33.0]],[[116.6154,33.0],[116.4942,33.0]],[[116.7365,33.0],[116.6154,33.0]],[[117.1,33.12],[117.2212,33.12]],[[118.0692,33.0],[117.9481,33.0]],[[118.1904,33.0],[118.0692,33.0]],[[118.3115,33.12],[118.4327,33.12]],[[118.4327,33.12],[118.5538,33.12]],[[118.7962,33.12],[118.7962,33.0]],[[119.0385,33.0],[118.9173,33.0]],[[118.9173,33.0],[118.9173,33.12]],[[119.1596,33.12],[119.2808,33.12]],[[119.2808,33.12],[119.2808,33.0]],[[119.4019,33.0],[119.4019,33.12]],[[119.6442,33.12],[119.7654,33.12]],[[120.0077,33.12],[120.1288,33.12]],[[120.1288,33.12],[120.25,33.12]],[[120.25,33.12],[120.25,33.0]],[[104.3788,32.88],[104.3788,33.0]],[[105.4692,32.88],[105.3481,32.88]],[[105.9538,32.88],[105.8327,32.88]],[[106.075,32.88],[105.9538,32.88]],[[106.5596,33.0],[106.5596,32.88]],[[106.6808,32.88],[106.6808,33.0]],[[107.1654,33.0],[107.1654,32.88]],[[107.2865,32.88],[107.2865,33.0]],[[107.4077,33.0],[107.5288,33.0]],[[107.5288,33.0],[107.65,33.0]],[[108.2558,33.0],[108.2558,32.88]],[[108.2558,32.88],[108.1346,32.88]],[[108.3769,33.0],[108.4981,33.0]],[[108.3769,32.88],[108.3769,33.0]],[[108.4981,33.0],[108.6192,33.0]],[[109.3462,33.0],[109.4673,33.0]],[[109.4673,33.0],[109.5885,33.0]],[[109.7096,33.0],[109.7096,32.88]],[[109.8308,32.88],[109.8308,33.0]],[[111.1635,32.88],[111.0423,32.88]],[[111.8904,33.0],[111.8904,32.88]],[[111.8904,32.88],[111.7692,32.88]],[[112.0115,32.88],[112.0115,33.0]],[[112.7385,33.0],[112.7385,32.88]],[[112.7385,32.88],[112.6173,32.88]],[[113.1019,32.88],[112.9808,32.88]],[[112.9808,32.88],[112.9808,33.0]],[[113.2231,33.0],[113.3442,33.0]],[[113.7077,33.0],[113.7077,32.88]],[[113.8288,32.88],[113.8288,33.0]],[[114.0712,33.0],[114.1923,33.0]],[[114.9192,33.0],[114.9192,32.88]],[[115.1615,32.88],[115.0404,32.88]],[[115.0404,32.88],[115.0404,33.0]],[[116.2519,33.0],[116.2519,32.88]],[[116.4942,33.0],[116.4942,32.88]],[[116.4942,32.88],[116.3731,32.88]],[[116.3731,32.88],[116.3731,33.0]],[[116.7365,32.88],[116.7365,33.0]],[[117.9481,33.0],[117.9481,32.88]],[[118.3115,32.88],[118.1904,32.88]],[[118.1904,32.88],[118.1904,33.0]],[[118.4327,32.88],[118.3115,32.88]],[[118.7962,33.0],[118.7962,32.88]],[[119.1596,32.88],[119.0385,32.88]],[[119.0385,32.88],[119.0385,33.0]],[[119.2808,33.0],[119.2808,32.88]],[[119.4019,32.88],[119.4019,33.0]],[[120.25,33.0],[120.25,32.88]],[[120.4923,33.0],[120.6135,33.0]],[[120.4923,32.88],[120.4923,33.0]],[[120.6135,33.0],[120.7346,33.0]],[[120.7346,33.0],[120.8558,33.0]],[[120.8558,33.0],[120.8558,32.88]],[[104.0154,32.88],[104.1365,32.88]],[[104.1365,32.76],[104.0154,32.76]],[[104.0154,32.76],[104.0154,32.88]],[[104.1365,32.88],[104.2577,32.88]],[[104.2577,32.88],[104.2577,32.76]],[[104.3788,32.76],[104.3788,32.88]],[[105.3481,32.88],[105.3481,32.76]],[[105.5904,32.76],[105.4692,32.76]],[[105.4692,32.76],[105.4692,32.88]],[[105.7115,32.76],[105.5904,32.76]],[[105.8327,32.88],[105.8327,32.76]],[[106.075,32.76],[106.075,32.88]],[[106.5596,32.76],[106.4385,32.76]],[[106.5596,32.88],[106.6808,32.88]],[[107.0442,32.76],[106.9231,32.76]],[[107.1654,32.88],[107.1654,32.76]],[[107.4077,32.76],[107.2865,32.76]],[[107.2865,32.76],[107.2865,32.88]],[[108.1346,32.88],[108.1346,32.76]],[[108.2558,32.88],[108.3769,32.88]],[[108.3769,32.76],[108.2558,32.76]],[[108.2558,32.76],[108.2558,32.88]],[[108.4981,32.76],[108.3769,32.76]],[[109.7096,32.88],[109.8308,32.88]],[[110.1942,32.76],[110.0731,32.76]],[[111.0423,32.88],[111.0423,32.76]],[[111.1635,32.76],[111.1635,32.88]],[[111.7692,32.88],[111.7692,32.76]],[[111.8904,32.88],[112.0115,32.88]],[[111.8904,32.76],[111.8904,32.88]],[[112.4962,32.76],[112.375,32.76]],[[112.6173,32.88],[112.6173,32.76]],[[112.7385,32.88],[112.8596,32.88]],[[112.7385,32.76],[112.7385,32.88]],[[112.8596,32.88],[112.9808,32.88]],[[112.9808,32.88],[112.9808,32.76]],[[113.1019,32.76],[113.1019,32.88]],[[113.7077,32.88],[113.8288,32.88]],[[114.4346,32.76],[114.3135,32.76]],[[114.9192,32.88],[115.0404,32.88]],[[115.0404,32.88],[115.0404,32.76]],[[115.2827,32.76],[115.1615,32.76]],[[115.1615,32.76],[115.1615,32.88]],[[116.0096,32.76],[115.8885,32.76]],[[116.2519,32.88],[116.3731,32.88]],[[116.3731,32.88],[116.3731,32.76]],[[116.4942,32.88],[116.6154,32.88]],[[116.4942,32.76],[116.4942,32.88]],[[116.6154,32.88],[116.7365,32.88]],[[117.2212,32.76],[117.1,32.76]],[[117.3423,32.76],[117.2212,32.76]],[[117.4635,32.76],[117.3423,32.76]],[[117.5846,32.76],[117.4635,32.76]],[[117.9481,32.88],[118.0692,32.88]],[[118.0692,32.88],[118.1904,32.88]],[[118.1904,32.88],[118.1904,32.76]],[[118.5538,32.76],[118.4327,32.76]],[[118.4327,32.76],[118.4327,32.88]],[[118.675,32.76],[118.5538,32.76]],[[118.7962,32.76],[118.675,32.76]],[[118.7962,32.88],[118.9173,32.88]],[[118.9173,32.88],[119.0385,32.88]],[[119.0385,32.88],[119.0385,32.76]],[[119.1596,32.76],[119.1596,32.88]],[[119.2808,32.88],[119.4019,32.88]],[[119.6442,32.76],[119.5231,32.76]],[[120.1288,32.76],[120.0077,32.76]],[[120.25,32.88],[120.3712,32.88]],[[120.3712,32.88],[120.4923,32.88]],[[120.8558,32.88],[120.8558,32.76]],[[120.8558,32.76],[120.7346,32.76]],[[104.1365,32.64],[104.1365,32.76]],[[104.2577,32.76],[104.3788,32.76]],[[105.3481,32.76],[105.3481,32.64]],[[105.7115,32.64],[105.7115,32.76]],[[105.8327,32.76],[105.9538,32.76]],[[105.9538,32.76],[106.075,32.76]],[[106.4385,32.76],[106.4385,32.64]],[[106.6808,32.64],[106.5596,32.64]],[[106.5596,32.64],[106.5596,32.76]],[[106.9231,32.76],[106.9231,32.64]],[[107.1654,32.64],[107.0442,32.64]],[[107.0442,32.64],[107.0442,32.76]],[[107.1654,32.76],[107.2865,32.76]],[[107.2865,32.76],[107.2865,32.64]],[[107.4077,32.64],[107.4077,32.76]],[[108.1346,32.76],[108.1346,32.64]],[[108.4981,32.64],[108.4981,32.76]],[[109.5885,32.64],[109.4673,32.64]],[[109.7096,32.64],[109.5885,32.64]],[[110.0731,32.76],[110.0731,32.64]],[[110.3154,32.64],[110.1942,32.64]],[[110.1942,32.64],[110.1942,32.76]],[[111.0423,32.76],[111.1635,32.76]],[[111.6481,32.64],[111.5269,32.64]],[[111.7692,32.76],[111.8904,32.76]],[[112.375,32.76],[112.375,32.64]],[[112.6173,32.64],[112.4962,32.64]],[[112.4962,32.64],[112.4962,32.76]],[[112.6173,32.76],[112.7385,32.76]],[[112.9808,32.64],[112.8596,32.64]],[[112.9808,32.76],[113.1019,32.76]],[[114.3135,32.76],[114.3135,32.64]],[[114.3135,32.64],[114.1923,32.64]],[[114.4346,32.64],[114.4346,32.76]],[[114.9192,32.64],[114.7981,32.64]],[[115.0404,32.76],[115.1615,32.76]],[[115.1615,32.76],[115.1615,32.64]],[[115.1615,32.64],[115.0404,32.64]],[[115.2827,32.64],[115.2827,32.76]],[[115.8885,32.76],[115.8885,32.64]],[[115.8885,32.64],[115.7673,32.64]],[[116.1308,32.64],[116.0096,32.64]],[[116.0096,32.64],[116.0096,32.76]],[[116.3731,32.76],[116.4942,32.76]],[[116.7365,32.64],[116.6154,32.64]],[[116.8577,32.64],[116.7365,32.64]],[[116.9788,32.64],[116.8577,32.64]],[[117.1,32.76],[117.1,32.64]],[[117.1,32.64],[116.9788,32.64]],[[117.5846,32.64],[117.5846,32.76]],[[118.1904,32.76],[118.3115,32.76]],[[118.3115,32.64],[118.1904,32.64]],[[118.3115,32.76],[118.4327,32.76]],[[118.4327,32.76],[118.4327,32.64]],[[118.9173,32.64],[118.7962,32.64]],[[118.7962,32.64],[118.7962,32.76]],[[119.0385,32.76],[119.1596,32.76]],[[119.2808,32.64],[119.1596,32.64]],[[119.4019,32.64],[119.2808,32.64]],[[119.5231,32.76],[119.5231,32.64]],[[119.6442,32.64],[119.6442,32.76]],[[120.0077,32.76],[120.0077,32.64]],[[120.1288,32.64],[120.1288,32.76]],[[120.7346,32.76],[120.7346,32.64]],[[104.1365,32.52],[104.1365,32.64]],[[105.3481,32.64],[105.4692,32.64]],[[105.4692,32.64],[105.4692,32.52]],[[105.5904,32.64],[105.7115,32.64]],[[105.5904,32.52],[105.5904,32.64]],[[106.4385,32.64],[106.5596,32.64]],[[106.5596,32.64],[106.5596,32.52]],[[106.6808,32.52],[106.6808,32.64]],[[106.9231,32.64],[107.0442,32.64]],[[107.0442,32.64],[107.0442,32.52]],[[107.2865,32.64],[107.2865,32.52]],[[107.1654,32.52],[107.1654,32.64]],[[107.5288,32.52],[107.4077,32.52]],[[107.4077,32.52],[107.4077,32.64]],[[108.1346,32.64],[108.1346,32.52]],[[108.3769,32.64],[108.4981,32.64]],[[108.3769,32.52],[108.3769,32.64]],[[109.4673,32.64],[109.4673,32.52]],[[109.7096,32.52],[109.7096,32.64]],[[110.0731,32.64],[110.1942,32.64]],[[110.1942,32.64],[110.1942,32.52]],[[110.3154,32.52],[110.3154,32.64]],[[111.5269,32.64],[111.5269,32.52]],[[111.5269,32.52],[111.4058,32.52]],[[111.6481,32.52],[111.6481,32.64]],[[112.375,32.64],[112.375,32.52]],[[112.6173,32.52],[112.6173,32.64]],[[112.8596,32.64],[112.8596,32.52]],[[112.9808,32.52],[112.9808,32.64]],[[114.1923,32.64],[114.1923,32.52]],[[114.3135,32.64],[114.4346,32.64]],[[114.3135,32.52],[114.3135,32.64]],[[114.7981,32.64],[114.7981,32.52]],[[114.7981,32.52],[114.6769,32.52]],[[115.0404,32.64],[115.0404,32.52]],[[114.9192,32.52],[114.9192,32.64]],[[115.1615,32.64],[115.2827,32.64]],[[115.1615,32.52],[115.1615,32.64]],[[115.525,32.52],[115.4038,32.52]],[[115.7673,32.64],[115.7673,32.52]],[[115.7673,32.52],[115.6462,32.52]],[[116.1308,32.52],[116.1308,32.64]],[[116.4942,32.52],[116.3731,32.52]],[[116.6154,32.64],[116.6154,32.52]],[[116.6154,32.52],[116.4942,32.52]],[[117.2212,32.64],[117.3423,32.64]],[[117.2212,32.52],[117.2212,32.64]],[[117.3423,32.64],[117.4635,32.64]],[[117.4635,32.64],[117.5846,32.64]],[[118.1904,32.64],[118.1904,32.52]],[[118.1904,32.52],[118.0692,32.52]],[[118.3115,32.52],[118.3115,32.64]],[[118.4327,32.64],[118.5538,32.64]],[[118.5538,32.64],[118.675,32.64]],[[118.675,32.64],[118.675,32.52]],[[118.9173,32.52],[118.9173,32.64]],[[119.1596,32.64],[119.1596,32.52]],[[119.4019,32.52],[119.4019,32.64]],[[119.5231,32.64],[119.6442,32.64]],[[120.0077,32.64],[120.1288,32.64]],[[120.7346,32.64],[120.7346,32.52]],[[120.8558,32.64],[120.9769,32.64]],[[120.9769,32.64],[120.9769,32.52]],[[120.8558,32.52],[120.8558,32.64]],[[103.8942,32.52],[104.0154,32.52]],[[103.8942,32.4],[103.8942,32.52]],[[104.0154,32.52],[104.1365,32.52]],[[105.4692,32.52],[105.5904,32.52]],[[106.075,32.4],[105.9538,32.4]],[[106.5596,32.52],[106.6808,32.52]],[[106.8019,32.4],[106.6808,32.4]],[[107.0442,32.52],[107.0442,32.4]],[[107.1654,32.4],[107.1654,32.52]],[[107.2865,32.52],[107.4077,32.52]],[[107.4077,32.52],[107.4077,32.4]],[[107.65,32.4],[107.5288,32.4]],[[107.5288,32.4],[107.5288,32.52]],[[108.1346,32.52],[108.1346,32.4]],[[108.2558,32.52],[108.3769,32.52]],[[108.2558,32.4],[108.2558,32.52]],[[109.4673,32.52],[109.5885,32.52]],[[109.5885,32.52],[109.7096,32.52]],[[110.1942,32.52],[110.3154,32.52]],[[111.2846,32.4],[111.1635,32.4]],[[111.4058,32.52],[111.4058,32.4]],[[111.4058,32.4],[111.2846,32.4]],[[111.5269,32.52],[111.6481,32.52]],[[111.5269,32.4],[111.5269,32.52]],[[112.0115,32.4],[111.8904,32.4]],[[112.1327,32.4],[112.0115,32.4]],[[112.375,32.52],[112.4962,32.52]],[[112.4962,32.52],[112.6173,32.52]],[[112.8596,32.52],[112.9808,32.52]],[[113.5865,32.4],[113.4654,32.4]],[[114.1923,32.52],[114.3135,32.52]],[[114.4346,32.4],[114.3135,32.4]],[[114.6769,32.52],[114.6769,32.4]],[[114.6769,32.4],[114.5558,32.4]],[[115.0404,32.52],[115.0404,32.4]],[[115.0404,32.4],[114.9192,32.4]],[[114.9192,32.4],[114.9192,32.52]],[[115.2827,32.4],[115.1615,32.4]],[[115.1615,32.4],[115.1615,32.52]],[[115.4038,32.52],[115.4038,32.4]],[[115.6462,32.52],[115.6462,32.4]],[[115.6462,32.4],[115.525,32.4]],[[115.525,32.4],[115.525,32.52]],[[115.7673,32.52],[115.8885,32.52]],[[115.8885,32.52],[115.8885,32.4]],[[115.7673,32.4],[115.7673,32.52]],[[116.0096,32.52],[116.1308,32.52]],[[116.0096,32.4],[116.0096,32.52]],[[116.3731,32.52],[116.3731,32.4]],[[116.6154,32.52],[116.7365,32.52]],[[116.6154,32.4],[116.6154,32.52]],[[116.7365,32.52],[116.8577,32.52]],[[116.8577,32.52],[116.9788,32.52]],[[116.9788,32.52],[117.1,32.52]],[[117.1,32.52],[117.2212,32.52]],[[118.0692,32.52],[118.0692,32.4]],[[118.1904,32.52],[118.3115,32.52]],[[118.1904,32.4],[118.1904,32.52]],[[118.675,32.52],[118.7962,32.52]],[[118.7962,32.52],[118.9173,32.52]],[[119.1596,32.52],[119.2808,32.52]],[[119.2808,32.52],[119.2808,32.4]],[[119.4019,32.4],[119.4019,32.52]],[[119.8865,32.4],[119.7654,32.4]],[[120.0077,32.4],[119.8865,32.4]],[[120.1288,32.4],[120.0077,32.4]],[[120.7346,32.52],[120.7346,32.4]],[[120.8558,32.4],[120.8558,32.52]],[[120.9769,32.52],[121.0981,32.52]],[[121.0981,32.52],[121.0981,32.4]],[[104.0154,32.28],[103.8942,32.28]],[[103.8942,32.28],[103.8942,32.4]],[[104.1365,32.28],[104.0154,32.28]],[[104.2577,32.28],[104.1365,32.28]],[[105.1058,32.28],[104.9846,32.28]],[[105.3481,32.28],[105.2269,32.28]],[[105.4692,32.28],[105.3481,32.28]],[[105.5904,32.28],[105.4692,32.28]],[[105.8327,32.28],[105.7115,32.28]],[[105.9538,32.4],[105.9538,32.28]],[[106.075,32.28],[106.075,32.4]],[[106.6808,32.4],[106.6808,32.28]],[[106.8019,32.28],[106.8019,32.4]],[[107.0442,32.4],[107.1654,32.4]],[[107.4077,32.4],[107.5288,32.4]],[[107.5288,32.4],[107.5288,32.28]],[[107.65,32.28],[107.65,32.4]],[[108.1346,32.4],[108.1346,32.28]],[[108.3769,32.28],[108.2558,32.28]],[[108.2558,32.28],[108.2558,32.4]],[[110.4365,32.28],[110.3154,32.28]],[[111.1635,32.4],[111.1635,32.28]],[[111.4058,32.4],[111.5269,32.4]],[[111.4058,32.28],[111.4058,32.4]],[[111.8904,32.4],[111.8904,32.28]],[[111.8904,32.28],[111.7692,32.28]],[[112.1327,32.28],[112.1327,32.4]],[[113.1019,32.28],[112.9808,32.28]],[[113.4654,32.4],[113.4654,32.28]],[[113.5865,32.28],[113.5865,32.4]],[[114.3135,32.4],[114.3135,32.28]],[[114.5558,32.4],[114.5558,32.28]],[[114.4346,32.28],[114.4346,32.4]],[[114.6769,32.4],[114.7981,32.4]],[[114.6769,32.28],[114.6769,32.4]],[[114.7981,32.4],[114.9192,32.4]],[[114.9192,32.4],[114.9192,32.28]],[[114.9192,32.28],[114.7981,32.28]],[[115.4038,32.28],[115.2827,32.28]],[[115.2827,32.28],[115.2827,32.4]],[[115.4038,32.4],[115.525,32.4]],[[115.525,32.4],[115.525,32.28]],[[115.525,32.28],[115.4038,32.28]],[[115.6462,32.4],[115.7673,32.4]],[[115.6462,32.28],[115.6462,32.4]],[[115.8885,32.4],[115.8885,32.28]],[[116.0096,32.28],[116.0096,32.4]],[[116.3731,32.4],[116.4942,32.4]],[[116.4942,32.4],[116.6154,32.4]],[[116.6154,32.28],[116.4942,32.28]],[[118.0692,32.4],[118.1904,32.4]],[[118.5538,32.28],[118.4327,32.28]],[[119.2808,32.4],[119.4019,32.4]],[[119.7654,32.4],[119.7654,32.28]],[[120.1288,32.28],[120.1288,32.4]],[[120.4923,32.28],[120.3712,32.28]],[[120.7346,32.4],[120.8558,32.4]],[[121.0981,32.4],[121.2192,32.4]],[[121.2192,32.4],[121.2192,32.28]],[[104.2577,32.16],[104.2577,32.28]],[[104.5,32.16],[104.3788,32.16]],[[104.6212,32.16],[104.5,32.16]],[[104.7423,32.16],[104.6212,32.16]],[[104.9846,32.28],[104.9846,32.16]],[[104.9846,32.16],[104.8635,32.16]],[[105.2269,32.28],[105.2269,32.16]],[[105.2269,32.16],[105.1058,32.16]],[[105.1058,32.16],[105.1058,32.28]],[[105.7115,32.28],[105.7115,32.16]],[[105.5904,32.16],[105.5904,32.28]],[[105.9538,32.28],[105.9538,32.16]],[[105.9538,32.16],[105.8327,32.16]],[[105.8327,32.16],[105.8327,32.28]],[[106.075,32.16],[106.075,32.28]],[[106.6808,32.28],[106.8019,32.28]],[[107.5288,32.28],[107.65,32.28]],[[108.1346,32.28],[108.1346,32.16]],[[108.3769,32.16],[108.3769,32.28]],[[110.3154,32.28],[110.3154,32.16]],[[110.4365,32.16],[110.4365,32.28]],[[111.1635,32.28],[111.1635,32.16]],[[111.2846,32.28],[111.4058,32.28]],[[111.2846,32.16],[111.2846,32.28]],[[111.7692,32.28],[111.7692,32.16]],[[111.8904,32.28],[112.0115,32.28]],[[111.8904,32.16],[111.8904,32.28]],[[112.0115,32.28],[112.1327,32.28]],[[112.6173,32.16],[112.4962,32.16]],[[112.9808,32.28],[112.9808,32.16]],[[113.1019,32.16],[113.1019,32.28]],[[113.4654,32.28],[113.5865,32.28]],[[114.3135,32.28],[114.4346,32.28]],[[114.5558,32.28],[114.6769,32.28]],[[114.7981,32.28],[114.7981,32.16]],[[114.9192,32.28],[115.0404,32.28]],[[115.0404,32.16],[114.9192,32.16]],[[114.9192,32.16],[114.9192,32.28]],[[115.0404,32.28],[115.1615,32.28]],[[115.1615,32.28],[115.2827,32.28]],[[115.2827,32.28],[115.2827,32.16]],[[115.525,32.28],[115.6462,32.28]],[[115.525,32.16],[115.525,32.28]],[[115.8885,32.28],[116.0096,32.28]],[[116.4942,32.28],[116.4942,32.16]],[[116.6154,32.16],[116.6154,32.28]],[[117.5846,32.16],[117.4635,32.16]],[[118.4327,32.28],[118.4327,32.16]],[[118.675,32.16],[118.5538,32.16]],[[118.5538,32.16],[118.5538,32.28]],[[119.7654,32.28],[119.8865,32.28]],[[119.8865,32.28],[120.0077,32.28]],[[120.0077,32.28],[120.1288,32.28]],[[120.3712,32.28],[120.3712,32.16]],[[120.3712,32.16],[120.25,32.16]],[[120.4923,32.16],[120.4923,32.28]],[[121.2192,32.28],[121.3404,32.28]],[[121.3404,32.28],[121.3404,32.16]],[[103.5308,32.16],[103.6519,32.16]],[[103.6519,32.16],[103.6519,32.04]],[[103.5308,32.04],[103.5308,32.16]],[[103.7731,32.16],[103.8942,32.16]],[[103.7731,32.04],[103.7731,32.16]],[[103.8942,32.16],[104.0154,32.16]],[[104.0154,32.16],[104.1365,32.16]],[[104.1365,32.16],[104.2577,32.16]],[[104.3788,32.16],[104.3788,32.04]],[[104.8635,32.16],[104.8635,32.04]],[[104.8635,32.04],[104.7423,32.04]],[[104.7423,32.04],[104.7423,32.16]],[[104.9846,32.16],[105.1058,32.16]],[[105.1058,32.16],[105.1058,32.04]],[[104.9846,32.04],[104.9846,32.16]],[[105.2269,32.16],[105.3481,32.16]],[[105.2269,32.04],[105.2269,32.16]],[[105.3481,32.16],[105.4692,32.16]],[[105.4692,32.16],[105.5904,32.16]],[[105.7115,32.16],[105.8327,32.16]],[[105.8327,32.16],[105.8327,32.04]],[[106.075,32.04],[106.075,32.16]],[[106.6808,32.04],[106.5596,32.04]],[[106.8019,32.04],[106.6808,32.04]],[[108.1346,32.16],[108.2558,32.16]],[[108.2558,32.16],[108.3769,32.16]],[[110.3154,32.04],[110.1942,32.04]],[[110.3154,32.16],[110.4365,32.16]],[[111.1635,32.16],[111.2846,32.16]],[[111.7692,32.16],[111.8904,32.16]],[[111.8904,32.04],[111.7692,32.04]],[[112.0115,32.04],[111.8904,32.04]],[[112.4962,32.16],[112.4962,32.04]],[[112.6173,32.04],[112.6173,32.16]],[[112.9808,32.16],[112.9808,32.04]],[[112.9808,32.04],[112.8596,32.04]],[[113.1019,32.04],[113.1019,32.16]],[[114.7981,32.16],[114.9192,32.16]],[[114.9192,32.16],[114.9192,32.04]],[[115.1615,32.04],[115.0404,32.04]],[[115.0404,32.04],[115.0404,32.16]],[[115.2827,32.16],[115.2827,32.04]],[[115.4038,32.16],[115.525,32.16]],[[115.4038,32.04],[115.4038,32.16]],[[116.4942,32.16],[116.4942,32.04]],[[116.6154,32.04],[116.6154,32.16]],[[116.9788,32.04],[116.8577,32.04]],[[117.1,32.04],[116.9788,32.04]],[[117.4635,32.16],[117.4635,32.04]],[[117.7058,32.04],[117.5846,32.04]],[[117.5846,32.04],[117.5846,32.16]],[[117.8269,32.04],[117.7058,32.04]],[[118.3115,32.04],[118.1904,32.04]],[[118.4327,32.16],[118.5538,32.16]],[[118.5538,32.16],[118.5538,32.04]],[[118.5538,32.04],[118.4327,32.04]],[[118.675,32.04],[118.675,32.16]],[[120.0077,32.04],[119.8865,32.04]],[[120.25,32.16],[120.25,32.04]],[[120.3712,32.16],[120.4923,32.16]],[[120.4923,32.04],[120.3712,32.04]],[[120.3712,32.04],[120.3712,32.16]],[[120.6135,32.04],[120.4923,32.04]],[[121.3404,32.16],[121.3404,32.04]],[[121.4615,32.16],[121.5827,32.16]],[[121.5827,32.16],[121.5827,32.04]],[[121.4615,32.04],[121.4615,32.16]],[[103.5308,31.92],[103.5308,32.04]],[[103.6519,32.04],[103.7731,32.04]],[[104.3788,32.04],[104.5,32.04]],[[104.5,32.04],[104.6212,32.04]],[[104.6212,32.04],[104.6212,31.92]],[[104.8635,32.04],[104.9846,32.04]],[[104.8635,31.92],[104.8635,32.04]],[[105.1058,32.04],[105.1058,31.92]],[[105.1058,31.92],[104.9846,31.92]],[[105.2269,31.92],[105.2269,32.04]],[[105.8327,31.92],[105.7115,31.92]],[[105.8327,32.04],[105.9538,32.04]],[[105.9538,32.04],[106.075,32.04]],[[106.5596,32.04],[106.5596,31.92]],[[106.8019,31.92],[106.8019,32.04]],[[110.1942,32.04],[110.1942,31.92]],[[110.3154,31.92],[110.3154,32.04]],[[111.5269,31.92],[111.4058,31.92]],[[111.7692,32.04],[111.7692,31.92]],[[112.1327,31.92],[112.0115,31.92]],[[112.0115,31.92],[112.0115,32.04]],[[112.2538,31.92],[112.1327,31.92]],[[112.4962,32.04],[112.4962,31.92]],[[112.4962,31.92],[112.375,31.92]],[[112.6173,31.92],[112.6173,32.04]],[[112.8596,32.04],[112.8596,31.92]],[[112.9808,32.04],[113.1019,32.04]],[[113.1019,31.92],[112.9808,31.92]],[[112.9808,31.92],[112.9808,32.04]],[[114.9192,32.04],[115.0404,32.04]],[[115.0404,32.04],[115.0404,31.92]],[[115.1615,31.92],[115.1615,32.04]],[[115.2827,32.04],[115.4038,32.04]],[[116.4942,32.04],[116.6154,32.04]],[[116.7365,31.92],[116.6154,31.92]],[[116.8577,32.04],[116.8577,31.92]],[[116.8577,31.92],[116.7365,31.92]],[[117.1,31.92],[117.1,32.04]],[[117.4635,32.04],[117.5846,32.04]],[[117.5846,32.04],[117.5846,31.92]],[[117.8269,31.92],[117.8269,32.04]],[[118.1904,32.04],[118.1904,31.92]],[[118.4327,32.04],[118.4327,31.92]],[[118.3115,31.92],[118.3115,32.04]],[[118.5538,32.04],[118.675,32.04]],[[118.5538,31.92],[118.5538,32.04]],[[119.4019,31.92],[119.2808,31.92]],[[119.8865,32.04],[119.8865,31.92]],[[119.8865,31.92],[119.7654,31.92]],[[120.0077,31.92],[120.0077,32.04]],[[120.25,32.04],[120.3712,32.04]],[[120.3712,32.04],[120.3712,31.92]],[[120.6135,31.92],[120.6135,32.04]],[[120.8558,31.92],[120.7346,31.92]],[[120.9769,31.92],[120.8558,31.92]],[[121.0981,31.92],[120.9769,31.92]],[[121.2192,31.92],[121.0981,31.92]],[[121.3404,31.92],[121.2192,31.92]],[[121.3404,32.04],[121.4615,32.04]],[[121.5827,32.04],[121.5827,31.92]],[[102.925,31.92],[103.0462,31.92]],[[102.925,31.8],[102.925,31.92]],[[103.0462,31.92],[103.1673,31.92]],[[103.1673,31.92],[103.2885,31.92]],[[103.2885,31.8],[103.1673,31.8]],[[103.2885,31.92],[103.4096,31.92]],[[103.4096,31.8],[103.2885,31.8]],[[103.4096,31.92],[103.5308,31.92]],[[104.6212,31.92],[104.7423,31.92]],[[104.7423,31.92],[104.8635,31.92]],[[104.9846,31.92],[104.9846,31.8]],[[105.2269,31.8],[105.2269,31.92]],[[105.7115,31.92],[105.7115,31.8]],[[105.7115,31.8],[105.5904,31.8]],[[105.9538,31.8],[105.8327,31.8]],[[105.8327,31.8],[105.8327,31.92]],[[106.075,31.8],[105.9538,31.8]],[[106.4385,31.8],[106.3173,31.8]],[[106.5596,31.92],[106.6808,31.92]],[[106.6808,31.92],[106.8019,31.92]],[[107.1654,31.8],[107.0442,31.8]],[[107.2865,31.8],[107.1654,31.8]],[[109.4673,31.8],[109.3462,31.8]],[[109.5885,31.8],[109.4673,31.8]],[[110.1942,31.8],[110.0731,31.8]],[[110.1942,31.92],[110.3154,31.92]],[[111.4058,31.92],[111.4058,31.8]],[[111.5269,31.8],[111.5269,31.92]],[[111.7692,31.92],[111.8904,31.92]],[[111.8904,31.92],[112.0115,31.92]],[[112.0115,31.92],[112.0115,31.8]],[[112.375,31.92],[112.375,31.8]],[[112.2538,31.8],[112.2538,31.92]],[[112.7385,31.8],[112.6173,31.8]],[[112.6173,31.8],[112.6173,31.92]],[[112.8596,31.92],[112.8596,31.8]],[[112.8596,31.8],[112.7385,31.8]],[[113.1019,31.8],[113.1019,31.92]],[[114.1923,31.8],[114.0712,31.8]],[[115.0404,31.92],[115.0404,31.8]],[[115.1615,31.8],[115.1615,31.92]],[[116.6154,31.92],[116.6154,31.8]],[[116.9788,31.92],[117.1,31.92]],[[116.9788,31.8],[116.9788,31.92]],[[117.5846,31.8],[117.4635,31.8]],[[117.5846,31.92],[117.7058,31.92]],[[117.7058,31.92],[117.8269,31.92]],[[118.1904,31.92],[118.1904,31.8]],[[118.4327,31.92],[118.4327,31.8]],[[118.3115,31.8],[118.3115,31.92]],[[118.5538,31.8],[118.5538,31.92]],[[119.0385,31.8],[118.9173,31.8]],[[119.2808,31.92],[119.2808,31.8]],[[119.4019,31.8],[119.4019,31.92]],[[119.7654,31.92],[119.7654,31.8]],[[119.8865,31.92],[120.0077,31.92]],[[119.8865,31.8],[119.8865,31.92]],[[120.3712,31.92],[120.4923,31.92]],[[120.4923,31.8],[120.3712,31.8]],[[120.4923,31.92],[120.6135,31.92]],[[120.7346,31.92],[120.7346,31.8]],[[121.4615,31.8],[121.3404,31.8]],[[121.3404,31.8],[121.3404,31.92]],[[121.5827,31.8],[121.4615,31.8]],[[121.5827,31.92],[121.7038,31.92]],[[121.7038,31.92],[121.7038,31.8]],[[121.7038,31.8],[121.5827,31.8]],[[102.6827,31.8],[102.8038,31.8]],[[102.6827,31.68],[102.6827,31.8]],[[102.8038,31.8],[102.925,31.8]],[[103.1673,31.8],[103.1673,31.68]],[[103.5308,31.68],[103.4096,31.68]],[[103.4096,31.68],[103.4096,31.8]],[[104.1365,31.68],[104.0154,31.68]],[[104.9846,31.8],[104.9846,31.68]],[[105.1058,31.8],[105.2269,31.8]],[[105.1058,31.68],[105.1058,31.8]],[[105.5904,31.8],[105.5904,31.68]],[[105.7115,31.8],[105.8327,31.8]],[[105.8327,31.8],[105.8327,31.68]],[[105.7115,31.68],[105.7115,31.8]],[[106.075,31.68],[106.075,31.8]],[[106.3173,31.8],[106.3173,31.68]],[[106.4385,31.68],[106.4385,31.8]],[[106.8019,31.68],[106.6808,31.68]],[[107.0442,31.8],[107.0442,31.68]],[[107.2865,31.68],[107.2865,31.8]],[[107.5288,31.68],[107.4077,31.68]],[[108.9827,31.68],[108.8615,31.68]],[[109.1038,31.68],[108.9827,31.68]],[[109.3462,31.8],[109.3462,31.68]],[[109.7096,31.68],[109.5885,31.68]],[[109.5885,31.68],[109.5885,31.8]],[[109.8308,31.68],[109.7096,31.68]],[[110.0731,31.8],[110.0731,31.68]],[[110.1942,31.68],[110.1942,31.8]],[[111.4058,31.8],[111.5269,31.8]],[[112.0115,31.8],[112.0115,31.68]],[[112.1327,31.8],[112.2538,31.8]],[[112.1327,31.68],[112.1327,31.8]],[[112.375,31.8],[112.4962,31.8]],[[112.4962,31.8],[112.4962,31.68]],[[112.8596,31.8],[112.9808,31.8]],[[112.8596,31.68],[112.8596,31.8]],[[112.9808,31.8],[113.1019,31.8]],[[114.0712,31.8],[114.0712,31.68]],[[114.1923,31.68],[114.1923,31.8]],[[115.0404,31.8],[115.1615,31.8]],[[116.6154,31.8],[116.7365,31.8]],[[116.7365,31.8],[116.8577,31.8]],[[116.8577,31.8],[116.9788,31.8]],[[117.4635,31.8],[117.4635,31.68]],[[117.4635,31.68],[117.3423,31.68]],[[117.5846,31.68],[117.5846,31.8]],[[118.1904,31.8],[118.3115,31.8]],[[118.4327,31.68],[118.3115,31.68]],[[118.4327,31.8],[118.5538,31.8]],[[118.7962,31.68],[118.675,31.68]],[[118.9173,31.8],[118.9173,31.68]],[[118.9173,31.68],[118.7962,31.68]],[[119.0385,31.68],[119.0385,31.8]],[[119.2808,31.8],[119.2808,31.68]],[[119.2808,31.68],[119.1596,31.68]],[[119.4019,31.68],[119.4019,31.8]],[[119.7654,31.8],[119.8865,31.8]],[[120.0077,31.68],[119.8865,31.68]],[[120.3712,31.8],[120.3712,31.68]],[[120.4923,31.68],[120.4923,31.8]],[[120.7346,31.8],[120.8558,31.8]],[[120.8558,31.8],[120.9769,31.8]],[[120.9769,31.8],[120.9769,31.68]],[[102.3192,31.68],[102.4404,31.68]],[[102.4404,31.68],[102.4404,31.56]],[[102.3192,31.56],[102.3192,31.68]],[[102.8038,31.56],[102.6827,31.56]],[[102.6827,31.56],[102.6827,31.68]],[[103.1673,31.68],[103.2885,31.68]],[[103.2885,31.68],[103.2885,31.56]],[[103.5308,31.56],[103.5308,31.68]],[[104.0154,31.68],[104.0154,31.56]],[[104.2577,31.56],[104.1365,31.56]],[[104.1365,31.56],[104.1365,31.68]],[[104.6212,31.56],[104.5,31.56]],[[104.9846,31.68],[104.9846,31.56]],[[105.1058,31.56],[105.1058,31.68]],[[105.4692,31.56],[105.3481,31.56]],[[105.5904,31.68],[105.5904,31.56]],[[105.8327,31.56],[105.7115,31.56]],[[105.7115,31.56],[105.7115,31.68]],[[105.8327,31.68],[105.9538,31.68]],[[105.9538,31.68],[106.075,31.68]],[[106.3173,31.68],[106.3173,31.56]],[[106.4385,31.56],[106.4385,31.68]],[[106.6808,31.68],[106.6808,31.56]],[[106.6808,31.56],[106.5596,31.56]],[[106.8019,31.56],[106.8019,31.68]],[[107.0442,31.68],[107.1654,31.68]],[[107.1654,31.68],[107.2865,31.68]],[[107.4077,31.68],[107.4077,31.56]],[[107.5288,31.56],[107.5288,31.68]],[[108.8615,31.68],[108.8615,31.56]],[[108.8615,31.56],[108.7404,31.56]],[[109.1038,31.56],[109.1038,31.68]],[[109.3462,31.68],[109.4673,31.68]],[[109.4673,31.68],[109.5885,31.68]],[[109.5885,31.68],[109.5885,31.56]],[[109.8308,31.56],[109.8308,31.68]],[[110.0731,31.56],[109.9519,31.56]],[[110.0731,31.68],[110.1942,31.68]],[[112.0115,31.68],[112.1327,31.68]],[[112.4962,31.68],[112.6173,31.68]],[[112.6173,31.68],[112.7385,31.68]],[[112.7385,31.68],[112.7385,31.56]],[[112.9808,31.56],[112.8596,31.56]],[[112.8596,31.56],[112.8596,31.68]],[[114.0712,31.56],[113.95,31.56]],[[114.0712,31.68],[114.1923,31.68]],[[115.525,31.56],[115.4038,31.56]],[[117.3423,31.68],[117.3423,31.56]],[[117.3423,31.56],[117.2212,31.56]],[[117.4635,31.68],[117.5846,31.68]],[[117.4635,31.56],[117.4635,31.68]],[[118.0692,31.56],[117.9481,31.56]],[[118.3115,31.68],[118.3115,31.56]],[[118.3115,31.56],[118.1904,31.56]],[[118.4327,31.56],[118.4327,31.68]],[[118.675,31.68],[118.675,31.56]],[[119.1596,31.68],[119.1596,31.56]],[[119.0385,31.56],[119.0385,31.68]],[[119.2808,31.68],[119.4019,31.68]],[[119.2808,31.56],[119.2808,31.68]],[[119.8865,31.68],[119.8865,31.56]],[[120.0077,31.56],[120.0077,31.68]],[[120.3712,31.68],[120.4923,31.68]],[[120.6135,31.56],[120.4923,31.56]],[[120.9769,31.68],[121.0981,31.68]],[[121.0981,31.68],[121.2192,31.68]],[[121.2192,31.68],[121.2192,31.56]],[[102.3192,31.44],[102.3192,31.56]],[[102.4404,31.56],[102.5615,31.56]],[[102.5615,31.56],[102.5615,31.44]],[[102.8038,31.44],[102.8038,31.56]],[[103.2885,31.56],[103.4096,31.56]],[[103.4096,31.56],[103.5308,31.56]],[[103.6519,31.44],[103.5308,31.44]],[[103.7731,31.44],[103.6519,31.44]],[[104.0154,31.56],[104.1365,31.56]],[[104.1365,31.56],[104.1365,31.44]],[[104.1365,31.44],[104.0154,31.44]],[[104.2577,31.44],[104.2577,31.56]],[[104.5,31.56],[104.5,31.44]],[[104.5,31.44],[104.3788,31.44]],[[104.7423,31.44],[104.6212,31.44]],[[104.6212,31.44],[104.6212,31.56]],[[104.9846,31.56],[105.1058,31.56]],[[105.1058,31.44],[104.9846,31.44]],[[105.2269,31.44],[105.1058,31.44]],[[105.3481,31.56],[105.3481,31.44]],[[105.5904,31.44],[105.4692,31.44]],[[105.4692,31.44],[105.4692,31.56]],[[105.5904,31.56],[105.7115,31.56]],[[105.7115,31.56],[105.7115,31.44]],[[105.7115,31.44],[105.5904,31.44]],[[105.8327,31.44],[105.8327,31.56]],[[106.1962,31.44],[106.075,31.44]],[[106.3173,31.44],[106.1962,31.44]],[[106.3173,31.56],[106.4385,31.56]],[[106.5596,31.56],[106.5596,31.44]],[[106.8019,31.44],[106.8019,31.56]],[[107.4077,31.56],[107.5288,31.56]],[[107.5288,31.44],[107.4077,31.44]],[[108.1346,31.44],[108.0135,31.44]],[[108.7404,31.56],[108.7404,31.44]],[[108.8615,31.56],[108.9827,31.56]],[[108.9827,31.44],[108.8615,31.44]],[[108.8615,31.44],[108.8615,31.56]],[[108.9827,31.56],[109.1038,31.56]],[[109.5885,31.56],[109.7096,31.56]],[[109.7096,31.56],[109.8308,31.56]],[[109.8308,31.44],[109.7096,31.44]],[[109.9519,31.56],[109.9519,31.44]],[[109.9519,31.44],[109.8308,31.44]],[[110.0731,31.44],[110.0731,31.56]],[[110.4365,31.44],[110.3154,31.44]],[[110.5577,31.44],[110.4365,31.44]],[[111.1635,31.44],[111.0423,31.44]],[[112.0115,31.44],[111.8904,31.44]],[[112.7385,31.56],[112.8596,31.56]],[[112.8596,31.56],[112.8596,31.44]],[[112.9808,31.44],[112.9808,31.56]],[[113.2231,31.44],[113.1019,31.44]],[[113.95,31.56],[113.95,31.44]],[[114.0712,31.44],[114.0712,31.56]],[[115.4038,31.56],[115.4038,31.44]],[[115.525,31.44],[115.525,31.56]],[[117.2212,31.56],[117.2212,31.44]],[[117.4635,31.44],[117.4635,31.56]],[[117.9481,31.56],[117.9481,31.44]],[[118.1904,31.56],[118.1904,31.44]],[[118.0692,31.44],[118.0692,31.56]],[[118.5538,31.44],[118.4327,31.44]],[[118.4327,31.44],[118.4327,31.56]],[[118.675,31.56],[118.7962,31.56]],[[118.7962,31.56],[118.7962,31.44]],[[118.9173,31.56],[119.0385,31.56]],[[118.9173,31.44],[118.9173,31.56]],[[119.1596,31.56],[119.2808,31.56]],[[119.2808,31.44],[119.1596,31.44]],[[119.6442,31.44],[119.5231,31.44]],[[119.8865,31.56],[119.8865,31.44]],[[120.1288,31.44],[120.0077,31.44]],[[120.0077,31.44],[120.0077,31.56]],[[120.4923,31.56],[120.4923,31.44]],[[120.6135,31.44],[120.6135,31.56]],[[121.2192,31.56],[121.3404,31.56]],[[121.3404,31.56],[121.3404,31.44]],[[102.1981,31.44],[102.3192,31.44]],[[102.1981,31.32],[102.1981,31.44]],[[102.5615,31.44],[102.6827,31.44]],[[102.6827,31.44],[102.6827,31.32]],[[102.8038,31.32],[102.8038,31.44]],[[103.5308,31.44],[103.5308,31.32]],[[103.7731,31.32],[103.7731,31.44]],[[104.0154,31.44],[104.0154,31.32]],[[104.0154,31.32],[103.8942,31.32]],[[104.1365,31.44],[104.2577,31.44]],[[104.1365,31.32],[104.1365,31.44]],[[104.3788,31.44],[104.3788,31.32]],[[104.5,31.44],[104.6212,31.44]],[[104.6212,31.44],[104.6212,31.32]],[[104.5,31.32],[104.5,31.44]],[[104.7423,31.32],[104.7423,31.44]],[[104.9846,31.44],[104.9846,31.32]],[[104.9846,31.32],[104.8635,31.32]],[[105.3481,31.44],[105.3481,31.32]],[[105.3481,31.32],[105.2269,31.32]],[[105.2269,31.32],[105.2269,31.44]],[[105.9538,31.32],[105.8327,31.32]],[[105.8327,31.32],[105.8327,31.44]],[[106.075,31.44],[106.075,31.32]],[[106.3173,31.32],[106.3173,31.44]],[[106.5596,31.44],[106.6808,31.44]],[[106.6808,31.44],[106.8019,31.44]],[[107.0442,31.32],[106.9231,31.32]],[[107.4077,31.44],[107.4077,31.32]],[[107.4077,31.32],[107.2865,31.32]],[[107.5288,31.32],[107.5288,31.44]],[[107.8923,31.32],[107.7712,31.32]],[[108.0135,31.44],[108.0135,31.32]],[[108.0135,31.32],[107.8923,31.32]],[[108.1346,31.32],[108.1346,31.44]],[[108.7404,31.44],[108.8615,31.44]],[[108.8615,31.44],[108.8615,31.32]],[[109.1038,31.32],[108.9827,31.32]],[[108.9827,31.32],[108.9827,31.44]],[[109.5885,31.32],[109.4673,31.32]],[[109.7096,31.44],[109.7096,31.32]],[[110.1942,31.32],[110.0731,31.32]],[[110.0731,31.32],[110.0731,31.44]],[[110.3154,31.44],[110.3154,31.32]],[[110.5577,31.32],[110.5577,31.44]],[[111.0423,31.44],[111.0423,31.32]],[[111.1635,31.32],[111.1635,31.44]],[[111.4058,31.32],[111.2846,31.32]],[[111.8904,31.44],[111.8904,31.32]],[[111.8904,31.32],[111.7692,31.32]],[[112.0115,31.32],[112.0115,31.44]],[[112.8596,31.44],[112.9808,31.44]],[[113.1019,31.44],[113.1019,31.32]],[[113.2231,31.32],[113.2231,31.44]],[[113.4654,31.32],[113.3442,31.32]],[[113.95,31.44],[114.0712,31.44]],[[115.4038,31.44],[115.525,31.44]],[[115.6462,31.32],[115.525,31.32]],[[116.9788,31.32],[116.8577,31.32]],[[117.2212,31.44],[117.3423,31.44]],[[117.3423,31.44],[117.4635,31.44]],[[117.5846,31.32],[117.4635,31.32]],[[117.9481,31.44],[118.0692,31.44]],[[118.1904,31.44],[118.3115,31.44]],[[118.3115,31.44],[118.3115,31.32]],[[118.3115,31.32],[118.1904,31.32]],[[118.675,31.32],[118.5538,31.32]],[[118.5538,31.32],[118.5538,31.44]],[[118.7962,31.44],[118.9173,31.44]],[[119.1596,31.44],[119.1596,31.32]],[[119.1596,31.32],[119.0385,31.32]],[[119.2808,31.32],[119.2808,31.44]],[[119.5231,31.44],[119.5231,31.32]],[[119.6442,31.32],[119.6442,31.44]],[[119.8865,31.44],[120.0077,31.44]],[[120.0077,31.44],[120.0077,31.32]],[[120.1288,31.32],[120.1288,31.44]],[[120.4923,31.44],[120.6135,31.44]],[[121.3404,31.44],[121.4615,31.44]],[[121.4615,31.44],[121.4615,31.32]],[[102.1981,31.2],[102.1981,31.32]],[[102.6827,31.32],[102.8038,31.32]],[[103.5308,31.32],[103.5308,31.2]],[[103.8942,31.32],[103.8942,31.2]],[[103.7731,31.2],[103.7731,31.32]],[[104.0154,31.32],[104.1365,31.32]],[[104.1365,31.2],[104.0154,31.2]],[[104.0154,31.2],[104.0154,31.32]],[[104.2577,31.2],[104.1365,31.2]],[[104.3788,31.2],[104.2577,31.2]],[[104.3788,31.32],[104.5,31.32]],[[104.6212,31.32],[104.7423,31.32]],[[104.8635,31.32],[104.8635,31.2]],[[104.9846,31.32],[105.1058,31.32]],[[104.9846,31.2],[104.9846,31.32]],[[105.1058,31.32],[105.2269,31.32]],[[105.2269,31.32],[105.2269,31.2]],[[105.3481,31.32],[105.4692,31.32]],[[105.4692,31.2],[105.3481,31.2]],[[105.3481,31.2],[105.3481,31.32]],[[105.4692,31.32],[105.5904,31.32]],[[105.5904,31.32],[105.5904,31.2]],[[106.075,31.2],[105.9538,31.2]],[[105.9538,31.2],[105.9538,31.32]],[[106.075,31.32],[106.1962,31.32]],[[106.1962,31.32],[106.3173,31.32]],[[106.5596,31.2],[106.4385,31.2]],[[106.9231,31.32],[106.9231,31.2]],[[107.0442,31.2],[107.0442,31.32]],[[107.2865,31.32],[107.2865,31.2]],[[107.4077,31.32],[107.5288,31.32]],[[107.4077,31.2],[107.4077,31.32]],[[107.7712,31.32],[107.7712,31.2]],[[108.0135,31.32],[108.1346,31.32]],[[108.0135,31.2],[108.0135,31.32]],[[108.2558,31.2],[108.1346,31.2]],[[108.8615,31.32],[108.9827,31.32]],[[108.9827,31.32],[108.9827,31.2]],[[109.225,31.2],[109.1038,31.2]],[[109.1038,31.2],[109.1038,31.32]],[[109.4673,31.32],[109.4673,31.2]],[[109.5885,31.2],[109.5885,31.32]],[[109.7096,31.32],[109.8308,31.32]],[[109.8308,31.32],[109.9519,31.32]],[[109.9519,31.32],[110.0731,31.32]],[[110.0731,31.32],[110.0731,31.2]],[[110.3154,31.32],[110.3154,31.2]],[[110.1942,31.2],[110.1942,31.32]],[[110.5577,31.2],[110.5577,31.32]],[[111.0423,31.32],[111.1635,31.32]],[[111.2846,31.32],[111.2846,31.2]],[[111.5269,31.2],[111.4058,31.2]],[[111.4058,31.2],[111.4058,31.32]],[[111.7692,31.32],[111.7692,31.2]],[[111.8904,31.32],[112.0115,31.32]],[[111.8904,31.2],[111.8904,31.32]],[[112.375,31.2],[112.2538,31.2]],[[113.1019,31.32],[113.2231,31.32]],[[113.3442,31.32],[113.3442,31.2]],[[113.5865,31.2],[113.4654,31.2]],[[113.4654,31.2],[113.4654,31.32]],[[115.525,31.32],[115.525,31.2]],[[115.6462,31.2],[115.6462,31.32]],[[115.8885,31.2],[115.7673,31.2]],[[116.8577,31.32],[116.8577,31.2]],[[116.8577,31.2],[116.7365,31.2]],[[116.9788,31.2],[116.9788,31.32]],[[117.2212,31.2],[117.1,31.2]],[[117.4635,31.32],[117.4635,31.2]],[[117.5846,31.2],[117.5846,31.32]],[[118.1904,31.32],[118.1904,31.2]],[[118.3115,31.32],[118.4327,31.32]],[[118.3115,31.2],[118.3115,31.32]],[[118.4327,31.32],[118.5538,31.32]],[[118.5538,31.32],[118.5538,31.2]],[[118.675,31.2],[118.675,31.32]],[[119.0385,31.32],[119.0385,31.2]],[[119.2808,31.2],[119.2808,31.32]],[[119.5231,31.32],[119.6442,31.32]],[[119.8865,31.2],[119.7654,31.2]],[[120.0077,31.2],[119.8865,31.2]],[[120.0077,31.32],[120.1288,31.32]],[[120.8558,31.2],[120.7346,31.2]],[[121.4615,31.32],[121.5827,31.32]],[[121.5827,31.32],[121.5827,31.2]],[[102.1981,31.08],[102.1981,31.2]],[[103.5308,31.2],[103.6519,31.2]],[[103.6519,31.2],[103.7731,31.2]],[[103.8942,31.2],[104.0154,31.2]],[[104.0154,31.2],[104.0154,31.08]],[[104.5,31.08],[104.3788,31.08]],[[104.3788,31.08],[104.3788,31.2]],[[104.8635,31.08],[104.7423,31.08]],[[104.8635,31.2],[104.9846,31.2]],[[105.2269,31.2],[105.2269,31.08]],[[105.5904,31.2],[105.5904,31.08]],[[105.4692,31.08],[105.4692,31.2]],[[105.7115,31.2],[105.8327,31.2]],[[105.7115,31.08],[105.7115,31.2]],[[105.8327,31.2],[105.9538,31.2]],[[105.9538,31.2],[105.9538,31.08]],[[106.075,31.08],[106.075,31.2]],[[106.4385,31.2],[106.4385,31.08]],[[106.4385,31.08],[106.3173,31.08]],[[106.5596,31.08],[106.5596,31.2]],[[106.9231,31.2],[107.0442,31.2]],[[107.2865,31.2],[107.4077,31.2]],[[107.4077,31.08],[107.2865,31.08]],[[107.7712,31.2],[107.8923,31.2]],[[107.8923,31.2],[108.0135,31.2]],[[108.1346,31.2],[108.1346,31.08]],[[108.2558,31.08],[108.2558,31.2]],[[108.9827,31.2],[109.1038,31.2]],[[109.1038,31.2],[109.1038,31.08]],[[109.225,31.08],[109.225,31.2]],[[109.4673,31.2],[109.5885,31.2]],[[110.0731,31.2],[110.0731,31.08]],[[110.1942,31.08],[110.1942,31.2]],[[110.3154,31.2],[110.4365,31.2]],[[110.4365,31.2],[110.4365,31.08]],[[110.5577,31.08],[110.5577,31.2]],[[111.2846,31.2],[111.4058,31.2]],[[111.4058,31.2],[111.4058,31.08]],[[111.5269,31.08],[111.5269,31.2]],[[111.7692,31.2],[111.7692,31.08]],[[112.0115,31.08],[111.8904,31.08]],[[111.8904,31.08],[111.8904,31.2]],[[112.2538,31.2],[112.2538,31.08]],[[112.375,31.08],[112.375,31.2]],[[113.3442,31.2],[113.3442,31.08]],[[113.3442,31.08],[113.2231,31.08]],[[113.5865,31.08],[113.5865,31.2]],[[115.525,31.2],[115.6462,31.2]],[[115.7673,31.2],[115.7673,31.08]],[[115.8885,31.08],[115.8885,31.2]],[[116.6154,31.08],[116.4942,31.08]],[[116.7365,31.2],[116.7365,31.08]],[[116.7365,31.08],[116.6154,31.08]],[[116.8577,31.2],[116.9788,31.2]],[[116.8577,31.08],[116.8577,31.2]],[[117.1,31.2],[117.1,31.08]],[[117.3423,31.08],[117.2212,31.08]],[[117.2212,31.08],[117.2212,31.2]],[[117.4635,31.2],[117.4635,31.08]],[[117.7058,31.08],[117.5846,31.08]],[[117.5846,31.08],[117.5846,31.2]],[[117.9481,31.08],[117.8269,31.08]],[[118.0692,31.08],[117.9481,31.08]],[[118.1904,31.08],[118.0692,31.08]],[[118.1904,31.2],[118.3115,31.2]],[[118.5538,31.2],[118.675,31.2]],[[119.0385,31.2],[119.1596,31.2]],[[119.1596,31.2],[119.2808,31.2]],[[119.2808,31.08],[119.1596,31.08]],[[119.6442,31.08],[119.5231,31.08]],[[119.7654,31.2],[119.7654,31.08]],[[120.1288,31.08],[120.0077,31.08]],[[120.0077,31.08],[120.0077,31.2]],[[120.7346,31.2],[120.7346,31.08]],[[120.8558,31.08],[120.8558,31.2]],[[121.5827,31.2],[121.7038,31.2]],[[121.7038,31.2],[121.7038,31.08]],[[102.1981,30.96],[102.1981,31.08]],[[103.8942,30.96],[103.7731,30.96]],[[104.0154,30.96],[103.8942,30.96]],[[104.0154,31.08],[104.1365,31.08]],[[104.1365,31.08],[104.1365,30.96]],[[104.1365,30.96],[104.0154,30.96]],[[104.2577,31.08],[104.3788,31.08]],[[104.3788,31.08],[104.3788,30.96]],[[104.2577,30.96],[104.2577,31.08]],[[104.6212,30.96],[104.5,30.96]],[[104.5,30.96],[104.5,31.08]],[[104.7423,31.08],[104.7423,30.96]],[[104.9846,30.96],[104.8635,30.96]],[[104.8635,30.96],[104.8635,31.08]],[[105.2269,31.08],[105.2269,30.96]],[[105.3481,31.08],[105.4692,31.08]],[[105.3481,30.96],[105.3481,31.08]],[[105.5904,31.08],[105.7115,31.08]],[[105.7115,30.96],[105.5904,30.96]],[[105.9538,31.08],[106.075,31.08]],[[106.3173,31.08],[106.3173,30.96]],[[106.6808,30.96],[106.5596,30.96]],[[106.5596,30.96],[106.5596,31.08]],[[107.2865,31.08],[107.2865,30.96]],[[107.4077,30.96],[107.4077,31.08]],[[107.7712,30.96],[107.65,30.96]],[[108.0135,30.96],[107.8923,30.96]],[[108.1346,30.96],[108.0135,30.96]],[[108.1346,31.08],[108.2558,31.08]],[[108.2558,30.96],[108.1346,30.96]],[[109.1038,31.08],[109.225,31.08]],[[109.7096,30.96],[109.5885,30.96]],[[110.0731,31.08],[110.1942,31.08]],[[110.4365,31.08],[110.5577,31.08]],[[111.4058,31.08],[111.4058,30.96]],[[111.5269,30.96],[111.5269,31.08]],[[111.7692,31.08],[111.8904,31.08]],[[111.8904,31.08],[111.8904,30.96]],[[112.0115,30.96],[112.0115,31.08]],[[112.2538,31.08],[112.2538,30.96]],[[112.4962,30.96],[112.375,30.96]],[[112.375,30.96],[112.375,31.08]],[[112.8596,30.96],[112.7385,30.96]],[[113.2231,31.08],[113.2231,30.96]],[[113.2231,30.96],[113.1019,30.96]],[[113.4654,31.08],[113.5865,31.08]],[[113.4654,30.96],[113.4654,31.08]],[[113.8288,30.96],[113.7077,30.96]],[[115.0404,30.96],[114.9192,30.96]],[[115.1615,30.96],[115.0404,30.96]],[[115.2827,30.96],[115.1615,30.96]],[[115.7673,31.08],[115.8885,31.08]],[[116.4942,31.08],[116.4942,30.96]],[[116.8577,30.96],[116.8577,31.08]],[[117.1,31.08],[117.2212,31.08]],[[117.2212,31.08],[117.2212,30.96]],[[117.3423,30.96],[117.3423,31.08]],[[117.4635,31.08],[117.5846,31.08]],[[117.5846,31.08],[117.5846,30.96]],[[117.8269,31.08],[117.8269,30.96]],[[117.7058,30.96],[117.7058,31.08]],[[118.1904,30.96],[118.1904,31.08]],[[119.1596,31.08],[119.1596,30.96]],[[119.2808,30.96],[119.2808,31.08]],[[119.5231,31.08],[119.5231,30.96]],[[119.6442,30.96],[119.6442,31.08]],[[119.7654,31.08],[119.8865,31.08]],[[119.8865,31.08],[120.0077,31.08]],[[120.0077,31.08],[120.0077,30.96]],[[120.1288,30.96],[120.1288,31.08]],[[120.3712,30.96],[120.25,30.96]],[[120.7346,30.96],[120.6135,30.96]],[[120.7346,31.08],[120.8558,31.08]],[[121.7038,31.08],[121.7038,30.96]],[[102.0769,30.96],[102.1981,30.96]],[[102.0769,30.84],[102.0769,30.96]],[[103.1673,30.84],[103.0462,30.84]],[[103.6519,30.84],[103.5308,30.84]],[[103.7731,30.96],[103.7731,30.84]],[[104.2577,30.84],[104.2577,30.96]],[[104.3788,30.96],[104.5,30.96]],[[104.5,30.96],[104.5,30.84]],[[104.6212,30.84],[104.6212,30.96]],[[104.7423,30.96],[104.8635,30.96]],[[104.8635,30.96],[104.8635,30.84]],[[105.1058,30.84],[104.9846,30.84]],[[104.9846,30.84],[104.9846,30.96]],[[105.2269,30.96],[105.3481,30.96]],[[105.5904,30.96],[105.5904,30.84]],[[105.8327,30.84],[105.7115,30.84]],[[105.7115,30.84],[105.7115,30.96]],[[106.3173,30.96],[106.4385,30.96]],[[106.4385,30.96],[106.5596,30.96]],[[106.5596,30.96],[106.5596,30.84]],[[106.5596,30.84],[106.4385,30.84]],[[106.8019,30.84],[106.6808,30.84]],[[106.6808,30.84],[106.6808,30.96]],[[107.2865,30.96],[107.4077,30.96]],[[107.65,30.96],[107.65,30.84]],[[107.8923,30.96],[107.8923,30.84]],[[107.8923,30.84],[107.7712,30.84]],[[107.7712,30.84],[107.7712,30.96]],[[108.2558,30.84],[108.2558,30.96]],[[109.5885,30.96],[109.5885,30.84]],[[109.7096,30.84],[109.7096,30.96]],[[111.4058,30.96],[111.5269,30.96]],[[111.8904,30.96],[111.8904,30.84]],[[112.0115,30.84],[112.0115,30.96]],[[112.2538,30.96],[112.375,30.96]],[[112.375,30.96],[112.375,30.84]],[[112.4962,30.84],[112.4962,30.96]],[[112.7385,30.96],[112.7385,30.84]],[[112.7385,30.84],[112.6173,30.84]],[[112.8596,30.84],[112.8596,30.96]],[[113.1019,30.96],[113.1019,30.84]],[[113.3442,30.96],[113.4654,30.96]],[[113.3442,30.84],[113.3442,30.96]],[[113.7077,30.96],[113.7077,30.84]],[[113.95,30.84],[113.8288,30.84]],[[113.8288,30.84],[113.8288,30.96]],[[114.9192,30.96],[114.9192,30.84]],[[115.2827,30.84],[115.2827,30.96]],[[116.4942,30.96],[116.6154,30.96]],[[116.6154,30.96],[116.7365,30.96]],[[116.7365,30.96],[116.8577,30.96]],[[116.9788,30.84],[116.8577,30.84]],[[117.2212,30.96],[117.3423,30.96]],[[117.5846,30.96],[117.7058,30.96]],[[117.7058,30.84],[117.5846,30.84]],[[117.8269,30.84],[117.7058,30.84]],[[117.8269,30.96],[117.9481,30.96]],[[117.9481,30.84],[117.8269,30.84]],[[117.9481,30.96],[118.0692,30.96]],[[118.0692,30.84],[117.9481,30.84]],[[118.0692,30.96],[118.1904,30.96]],[[118.5538,30.84],[118.4327,30.84]],[[119.1596,30.96],[119.2808,30.96]],[[119.5231,30.96],[119.6442,30.96]],[[119.6442,30.84],[119.5231,30.84]],[[120.0077,30.96],[120.0077,30.84]],[[120.25,30.96],[120.25,30.84]],[[120.1288,30.84],[120.1288,30.96]],[[120.4923,30.84],[120.3712,30.84]],[[120.3712,30.84],[120.3712,30.96]],[[120.6135,30.96],[120.6135,30.84]],[[120.7346,30.84],[120.7346,30.96]],[[121.0981,30.84],[120.9769,30.84]],[[121.7038,30.84],[121.5827,30.84]],[[121.7038,30.96],[121.825,30.96]],[[121.825,30.96],[121.825,30.84]],[[121.825,30.84],[121.7038,30.84]],[[102.0769,30.72],[102.0769,30.84]],[[103.0462,30.84],[103.0462,30.72]],[[103.1673,30.72],[103.1673,30.84]],[[103.5308,30.84],[103.5308,30.72]],[[103.5308,30.72],[103.4096,30.72]],[[103.7731,30.84],[103.7731,30.72]],[[103.7731,30.72],[103.6519,30.72]],[[103.6519,30.72],[103.6519,30.84]],[[103.8942,30.84],[104.0154,30.84]],[[104.0154,30.84],[104.0154,30.72]],[[104.0154,30.72],[103.8942,30.72]],[[103.8942,30.72],[103.8942,30.84]],[[104.2577,30.72],[104.2577,30.84]],[[104.5,30.84],[104.6212,30.84]],[[104.6212,30.72],[104.5,30.72]],[[104.8635,30.72],[104.7423,30.72]],[[104.8635,30.84],[104.9846,30.84]],[[104.9846,30.84],[104.9846,30.72]],[[105.2269,30.72],[105.1058,30.72]],[[105.1058,30.72],[105.1058,30.84]],[[105.3481,30.72],[105.2269,30.72]],[[105.5904,30.84],[105.7115,30.84]],[[105.7115,30.84],[105.7115,30.72]],[[105.9538,30.72],[105.8327,30.72]],[[105.8327,30.72],[105.8327,30.84]],[[106.075,30.72],[105.9538,30.72]],[[106.1962,30.72],[106.075,30.72]],[[106.3173,30.72],[106.1962,30.72]],[[106.4385,30.84],[106.4385,30.72]],[[106.5596,30.84],[106.6808,30.84]],[[106.6808,30.84],[106.6808,30.72]],[[106.6808,30.72],[106.5596,30.72]],[[106.5596,30.72],[106.5596,30.84]],[[106.8019,30.72],[106.8019,30.84]],[[107.65,30.84],[107.7712,30.84]],[[107.7712,30.84],[107.7712,30.72]],[[107.8923,30.84],[108.0135,30.84]],[[107.8923,30.72],[107.8923,30.84]],[[108.0135,30.84],[108.1346,30.84]],[[108.1346,30.84],[108.1346,30.72]],[[108.2558,30.72],[108.2558,30.84]],[[109.1038,30.72],[108.9827,30.72]],[[109.5885,30.84],[109.5885,30.72]],[[109.5885,30.72],[109.4673,30.72]],[[109.7096,30.72],[109.7096,30.84]],[[110.5577,30.72],[110.4365,30.72]],[[111.0423,30.72],[110.9212,30.72]],[[111.1635,30.72],[111.0423,30.72]],[[111.2846,30.72],[111.1635,30.72]],[[111.4058,30.72],[111.2846,30.72]],[[111.8904,30.84],[112.0115,30.84]],[[112.1327,30.72],[112.0115,30.72]],[[112.375,30.84],[112.4962,30.84]],[[112.6173,30.84],[112.6173,30.72]],[[112.8596,30.72],[112.8596,30.84]],[[113.1019,30.84],[113.2231,30.84]],[[113.2231,30.84],[113.3442,30.84]],[[113.4654,30.72],[113.3442,30.72]],[[113.7077,30.84],[113.7077,30.72]],[[113.95,30.72],[113.95,30.84]],[[114.3135,30.72],[114.1923,30.72]],[[114.4346,30.72],[114.3135,30.72]],[[114.5558,30.72],[114.4346,30.72]],[[114.9192,30.84],[115.0404,30.84]],[[115.0404,30.84],[115.1615,30.84]],[[115.1615,30.84],[115.2827,30.84]],[[115.7673,30.72],[115.6462,30.72]],[[115.8885,30.72],[115.7673,30.72]],[[116.2519,30.72],[116.1308,30.72]],[[116.8577,30.84],[116.8577,30.72]],[[116.9788,30.72],[116.9788,30.84]],[[117.5846,30.84],[117.5846,30.72]],[[118.0692,30.72],[118.0692,30.84]],[[118.4327,30.84],[118.4327,30.72]],[[118.5538,30.72],[118.5538,30.84]],[[119.5231,30.84],[119.5231,30.72]],[[119.5231,30.72],[119.4019,30.72]],[[119.6442,30.72],[119.6442,30.84]],[[119.8865,30.72],[119.7654,30.72]],[[120.0077,30.84],[120.1288,30.84]],[[120.25,30.72],[120.1288,30.72]],[[120.25,30.84],[120.3712,30.84]],[[120.3712,30.84],[120.3712,30.72]],[[120.3712,30.72],[120.25,30.72]],[[120.4923,30.72],[120.4923,30.84]],[[120.6135,30.84],[120.7346,30.84]],[[120.8558,30.72],[120.7346,30.72]],[[120.9769,30.84],[120.9769,30.72]],[[120.9769,30.72],[120.8558,30.72]],[[121.0981,30.72],[121.0981,30.84]],[[121.3404,30.72],[121.2192,30.72]],[[121.4615,30.72],[121.3404,30.72]],[[121.5827,30.84],[121.5827,30.72]],[[121.5827,30.72],[121.4615,30.72]],[[102.0769,30.6],[102.0769,30.72]],[[103.0462,30.72],[103.1673,30.72]],[[103.4096,30.72],[103.4096,30.6]],[[103.5308,30.72],[103.6519,30.72]],[[103.6519,30.72],[103.6519,30.6]],[[103.5308,30.6],[103.5308,30.72]],[[104.0154,30.72],[104.1365,30.72]],[[104.1365,30.6],[104.0154,30.6]],[[104.0154,30.6],[104.0154,30.72]],[[104.1365,30.72],[104.2577,30.72]],[[104.2577,30.6],[104.1365,30.6]],[[104.5,30.72],[104.5,30.6]],[[104.7423,30.72],[104.7423,30.6]],[[104.7423,30.6],[104.6212,30.6]],[[104.6212,30.6],[104.6212,30.72]],[[104.9846,30.72],[104.9846,30.6]],[[104.8635,30.6],[104.8635,30.72]],[[105.3481,30.6],[105.3481,30.72]],[[105.7115,30.72],[105.7115,30.6]],[[106.4385,30.72],[106.4385,30.6]],[[106.3173,30.6],[106.3173,30.72]],[[106.6808,30.72],[106.8019,30.72]],[[106.6808,30.6],[106.6808,30.72]],[[107.0442,30.6],[106.9231,30.6]],[[107.7712,30.72],[107.8923,30.72]],[[108.0135,30.6],[107.8923,30.6]],[[108.1346,30.6],[108.0135,30.6]],[[108.1346,30.72],[108.2558,30.72]],[[108.9827,30.72],[108.9827,30.6]],[[109.225,30.6],[109.1038,30.6]],[[109.1038,30.6],[109.1038,30.72]],[[109.3462,30.6],[109.225,30.6]],[[109.4673,30.72],[109.4673,30.6]],[[109.5885,30.72],[109.7096,30.72]],[[109.5885,30.6],[109.5885,30.72]],[[110.4365,30.72],[110.4365,30.6]],[[110.5577,30.6],[110.5577,30.72]],[[110.9212,30.72],[110.9212,30.6]],[[111.4058,30.6],[111.4058,30.72]],[[111.8904,30.6],[111.7692,30.6]],[[112.0115,30.72],[112.0115,30.6]],[[112.1327,30.6],[112.1327,30.72]],[[112.6173,30.72],[112.6173,30.6]],[[112.7385,30.72],[112.8596,30.72]],[[112.7385,30.6],[112.7385,30.72]],[[112.9808,30.6],[112.8596,30.6]],[[113.1019,30.6],[112.9808,30.6]],[[113.3442,30.72],[113.3442,30.6]],[[113.4654,30.6],[113.4654,30.72]],[[113.7077,30.72],[113.8288,30.72]],[[113.8288,30.72],[113.95,30.72]],[[114.1923,30.72],[114.1923,30.6]],[[114.5558,30.6],[114.5558,30.72]],[[115.6462,30.72],[115.6462,30.6]],[[115.6462,30.6],[115.525,30.6]],[[115.8885,30.6],[115.8885,30.72]],[[116.1308,30.72],[116.1308,30.6]],[[116.2519,30.6],[116.2519,30.72]],[[116.8577,30.72],[116.9788,30.72]],[[117.5846,30.72],[117.7058,30.72]],[[117.7058,30.72],[117.8269,30.72]],[[117.8269,30.6],[117.7058,30.6]],[[117.8269,30.72],[117.9481,30.72]],[[117.9481,30.72],[118.0692,30.72]],[[118.4327,30.72],[118.5538,30.72]],[[118.675,30.6],[118.5538,30.6]],[[119.4019,30.72],[119.4019,30.6]],[[119.5231,30.72],[119.6442,30.72]],[[119.5231,30.6],[119.5231,30.72]],[[119.7654,30.72],[119.7654,30.6]],[[119.8865,30.6],[119.8865,30.72]],[[120.1288,30.72],[120.1288,30.6]],[[120.1288,30.6],[120.0077,30.6]],[[120.3712,30.72],[120.4923,30.72]],[[120.3712,30.6],[120.3712,30.72]],[[120.7346,30.72],[120.7346,30.6]],[[120.9769,30.72],[121.0981,30.72]],[[120.9769,30.6],[120.9769,30.72]],[[121.2192,30.72],[121.2192,30.6]],[[121.2192,30.6],[121.0981,30.6]],[[101.9558,30.6],[102.0769,30.6]],[[101.9558,30.48],[101.9558,30.6]],[[103.4096,30.6],[103.5308,30.6]],[[103.5308,30.48],[103.4096,30.48]],[[103.6519,30.6],[103.6519,30.48]],[[103.6519,30.48],[103.5308,30.48]],[[104.2577,30.48],[104.2577,30.6]],[[104.5,30.6],[104.5,30.48]],[[104.9846,30.6],[104.9846,30.48]],[[104.8635,30.48],[104.8635,30.6]],[[105.2269,30.6],[105.3481,30.6]],[[105.2269,30.48],[105.2269,30.6]],[[105.7115,30.6],[105.8327,30.6]],[[105.8327,30.6],[105.9538,30.6]],[[105.9538,30.6],[106.075,30.6]],[[106.075,30.48],[105.9538,30.48]],[[106.075,30.6],[106.1962,30.6]],[[106.1962,30.48],[106.075,30.48]],[[106.1962,30.6],[106.3173,30.6]],[[106.3173,30.48],[106.1962,30.48]],[[106.4385,30.6],[106.4385,30.48]],[[106.6808,30.48],[106.6808,30.6]],[[106.9231,30.6],[106.9231,30.48]],[[107.0442,30.48],[107.0442,30.6]],[[107.4077,30.48],[107.2865,30.48]],[[107.7712,30.48],[107.65,30.48]],[[107.8923,30.6],[107.8923,30.48]],[[108.2558,30.48],[108.1346,30.48]],[[108.1346,30.48],[108.1346,30.6]],[[108.4981,30.48],[108.3769,30.48]],[[108.9827,30.6],[109.1038,30.6]],[[109.1038,30.6],[109.1038,30.48]],[[109.3462,30.48],[109.3462,30.6]],[[109.4673,30.6],[109.5885,30.6]],[[110.4365,30.48],[110.3154,30.48]],[[110.4365,30.6],[110.5577,30.6]],[[110.9212,30.6],[111.0423,30.6]],[[111.0423,30.6],[111.1635,30.6]],[[111.1635,30.6],[111.2846,30.6]],[[111.2846,30.6],[111.2846,30.48]],[[111.2846,30.48],[111.1635,30.48]],[[111.4058,30.48],[111.4058,30.6]],[[111.7692,30.6],[111.7692,30.48]],[[112.0115,30.48],[111.8904,30.48]],[[111.8904,30.48],[111.8904,30.6]],[[112.0115,30.6],[112.1327,30.6]],[[112.6173,30.6],[112.7385,30.6]],[[112.8596,30.6],[112.8596,30.48]],[[113.1019,30.48],[113.1019,30.6]],[[113.3442,30.6],[113.4654,30.6]],[[114.1923,30.6],[114.3135,30.6]],[[114.3135,30.6],[114.4346,30.6]],[[114.4346,30.48],[114.3135,30.48]],[[114.4346,30.6],[114.5558,30.6]],[[115.525,30.6],[115.525,30.48]],[[115.525,30.48],[115.4038,30.48]],[[115.7673,30.6],[115.8885,30.6]],[[115.7673,30.48],[115.7673,30.6]],[[116.0096,30.48],[115.8885,30.48]],[[116.1308,30.6],[116.2519,30.6]],[[116.4942,30.48],[116.3731,30.48]],[[116.8577,30.48],[116.7365,30.48]],[[116.9788,30.48],[116.8577,30.48]],[[117.1,30.48],[116.9788,30.48]],[[117.7058,30.6],[117.7058,30.48]],[[117.9481,30.48],[117.8269,30.48]],[[117.8269,30.48],[117.8269,30.6]],[[118.3115,30.48],[118.1904,30.48]],[[118.4327,30.48],[118.3115,30.48]],[[118.5538,30.6],[118.5538,30.48]],[[118.675,30.48],[118.675,30.6]],[[119.4019,30.6],[119.5231,30.6]],[[119.5231,30.48],[119.4019,30.48]],[[119.6442,30.48],[119.5231,30.48]],[[119.7654,30.6],[119.8865,30.6]],[[120.0077,30.6],[120.0077,30.48]],[[120.1288,30.6],[120.25,30.6]],[[120.1288,30.48],[120.1288,30.6]],[[120.25,30.6],[120.3712,30.6]],[[120.3712,30.48],[120.25,30.48]],[[120.4923,30.48],[120.3712,30.48]],[[120.6135,30.48],[120.4923,30.48]],[[120.7346,30.6],[120.8558,30.6]],[[120.8558,30.6],[120.9769,30.6]],[[121.0981,30.6],[121.0981,30.48]],[[121.0981,30.48],[120.9769,30.48]],[[101.8346,30.48],[101.9558,30.48]],[[101.8346,30.36],[101.8346,30.48]],[[102.6827,30.36],[102.5615,30.36]],[[103.4096,30.48],[103.4096,30.36]],[[104.0154,30.48],[104.1365,30.48]],[[104.1365,30.48],[104.1365,30.36]],[[104.1365,30.36],[104.0154,30.36]],[[104.0154,30.36],[104.0154,30.48]],[[104.2577,30.36],[104.2577,30.48]],[[104.5,30.36],[104.3788,30.36]],[[104.5,30.48],[104.6212,30.48]],[[104.6212,30.48],[104.7423,30.48]],[[104.7423,30.48],[104.7423,30.36]],[[104.8635,30.36],[104.8635,30.48]],[[104.9846,30.48],[105.1058,30.48]],[[105.1058,30.48],[105.2269,30.48]],[[105.2269,30.36],[105.1058,30.36]],[[105.8327,30.36],[105.7115,30.36]],[[105.9538,30.48],[105.9538,30.36]],[[106.4385,30.48],[106.4385,30.36]],[[106.3173,30.36],[106.3173,30.48]],[[106.6808,30.36],[106.6808,30.48]],[[106.9231,30.48],[106.9231,30.36]],[[106.9231,30.36],[106.8019,30.36]],[[107.0442,30.36],[107.0442,30.48]],[[107.2865,30.48],[107.2865,30.36]],[[107.2865,30.36],[107.1654,30.36]],[[107.4077,30.36],[107.4077,30.48]],[[107.65,30.48],[107.65,30.36]],[[107.7712,30.36],[107.7712,30.48]],[[107.8923,30.48],[108.0135,30.48]],[[108.0135,30.48],[108.1346,30.48]],[[108.1346,30.48],[108.1346,30.36]],[[108.3769,30.48],[108.3769,30.36]],[[108.2558,30.36],[108.2558,30.48]],[[108.4981,30.36],[108.4981,30.48]],[[109.1038,30.48],[109.225,30.48]],[[109.225,30.48],[109.3462,30.48]],[[110.3154,30.48],[110.3154,30.36]],[[110.4365,30.36],[110.4365,30.48]],[[111.1635,30.48],[111.1635,30.36]],[[111.2846,30.48],[111.4058,30.48]],[[111.2846,30.36],[111.2846,30.48]],[[111.7692,30.48],[111.8904,30.48]],[[111.8904,30.48],[111.8904,30.36]],[[112.0115,30.36],[112.0115,30.48]],[[112.8596,30.48],[112.9808,30.48]],[[112.9808,30.48],[113.1019,30.48]],[[114.1923,30.36],[114.0712,30.36]],[[114.3135,30.48],[114.3135,30.36]],[[114.4346,30.36],[114.4346,30.48]],[[114.9192,30.36],[114.7981,30.36]],[[115.0404,30.36],[114.9192,30.36]],[[115.1615,30.36],[115.0404,30.36]],[[115.4038,30.48],[115.4038,30.36]],[[115.4038,30.36],[115.2827,30.36]],[[115.6462,30.48],[115.7673,30.48]],[[115.6462,30.36],[115.6462,30.48]],[[115.8885,30.48],[115.8885,30.36]],[[116.0096,30.36],[116.0096,30.48]],[[116.3731,30.48],[116.3731,30.36]],[[116.4942,30.36],[116.4942,30.48]],[[116.7365,30.48],[116.7365,30.36]],[[117.1,30.36],[117.1,30.48]],[[117.7058,30.48],[117.7058,30.36]],[[117.9481,30.36],[117.9481,30.48]],[[118.1904,30.48],[118.1904,30.36]],[[118.5538,30.48],[118.5538,30.36]],[[118.4327,30.36],[118.4327,30.48]],[[118.675,30.36],[118.675,30.48]],[[118.9173,30.36],[118.7962,30.36]],[[119.2808,30.36],[119.1596,30.36]],[[119.4019,30.48],[119.4019,30.36]],[[119.6442,30.36],[119.6442,30.48]],[[120.0077,30.48],[120.1288,30.48]],[[120.25,30.48],[120.25,30.36]],[[120.7346,30.36],[120.6135,30.36]],[[120.6135,30.36],[120.6135,30.48]],[[120.8558,30.36],[120.7346,30.36]],[[120.9769,30.48],[120.9769,30.36]],[[120.9769,30.36],[120.8558,30.36]],[[101.35,30.36],[101.4712,30.36]],[[101.35,30.24],[101.35,30.36]],[[101.4712,30.36],[101.5923,30.36]],[[101.5923,30.36],[101.7135,30.36]],[[101.7135,30.36],[101.8346,30.36]],[[102.4404,30.24],[102.3192,30.24]],[[102.5615,30.36],[102.5615,30.24]],[[102.8038,30.24],[102.6827,30.24]],[[102.6827,30.24],[102.6827,30.36]],[[103.4096,30.24],[103.2885,30.24]],[[103.4096,30.36],[103.5308,30.36]],[[103.5308,30.36],[103.6519,30.36]],[[103.6519,30.36],[103.6519,30.24]],[[103.6519,30.24],[103.5308,30.24]],[[103.7731,30.36],[103.8942,30.36]],[[103.8942,30.36],[103.8942,30.24]],[[103.8942,30.24],[103.7731,30.24]],[[103.7731,30.24],[103.7731,30.36]],[[104.1365,30.36],[104.2577,30.36]],[[104.1365,30.24],[104.1365,30.36]],[[104.3788,30.36],[104.3788,30.24]],[[104.3788,30.24],[104.2577,30.24]],[[104.6212,30.24],[104.5,30.24]],[[104.5,30.24],[104.5,30.36]],[[104.7423,30.36],[104.8635,30.36]],[[105.1058,30.36],[105.1058,30.24]],[[105.2269,30.24],[105.2269,30.36]],[[105.5904,30.24],[105.4692,30.24]],[[105.7115,30.36],[105.7115,30.24]],[[105.8327,30.24],[105.8327,30.36]],[[105.9538,30.36],[106.075,30.36]],[[106.075,30.24],[105.9538,30.24]],[[106.075,30.36],[106.1962,30.36]],[[106.1962,30.36],[106.3173,30.36]],[[106.4385,30.36],[106.5596,30.36]],[[106.5596,30.36],[106.6808,30.36]],[[106.8019,30.36],[106.8019,30.24]],[[106.8019,30.24],[106.6808,30.24]],[[106.9231,30.36],[107.0442,30.36]],[[106.9231,30.24],[106.9231,30.36]],[[107.1654,30.36],[107.1654,30.24]],[[107.2865,30.36],[107.4077,30.36]],[[107.2865,30.24],[107.2865,30.36]],[[107.65,30.24],[107.5288,30.24]],[[107.65,30.36],[107.7712,30.36]],[[108.1346,30.36],[108.2558,30.36]],[[108.3769,30.36],[108.4981,30.36]],[[110.3154,30.36],[110.4365,30.36]],[[111.1635,30.36],[111.2846,30.36]],[[111.2846,30.24],[111.1635,30.24]],[[111.8904,30.36],[112.0115,30.36]],[[112.1327,30.24],[112.0115,30.24]],[[112.6173,30.24],[112.4962,30.24]],[[114.0712,30.36],[114.0712,30.24]],[[114.0712,30.24],[113.95,30.24]],[[114.1923,30.24],[114.1923,30.36]],[[114.3135,30.36],[114.4346,30.36]],[[114.6769,30.24],[114.5558,30.24]],[[114.7981,30.36],[114.7981,30.24]],[[115.2827,30.36],[115.2827,30.24]],[[115.2827,30.24],[115.1615,30.24]],[[115.1615,30.24],[115.1615,30.36]],[[115.4038,30.36],[115.525,30.36]],[[115.4038,30.24],[115.4038,30.36]],[[115.525,30.36],[115.6462,30.36]],[[115.8885,30.36],[115.8885,30.24]],[[116.0096,30.24],[116.0096,30.36]],[[116.3731,30.24],[116.2519,30.24]],[[116.3731,30.36],[116.4942,30.36]],[[116.7365,30.36],[116.8577,30.36]],[[116.8577,30.36],[116.8577,30.24]],[[116.9788,30.36],[117.1,30.36]],[[116.9788,30.24],[116.9788,30.36]],[[117.7058,30.24],[117.5846,30.24]],[[117.7058,30.36],[117.8269,30.36]],[[117.8269,30.24],[117.7058,30.24]],[[117.8269,30.36],[117.9481,30.36]],[[118.1904,30.36],[118.3115,30.36]],[[118.3115,30.36],[118.4327,30.36]],[[118.5538,30.36],[118.675,30.36]],[[118.7962,30.36],[118.7962,30.24]],[[118.9173,30.24],[118.9173,30.36]],[[119.1596,30.36],[119.1596,30.24]],[[119.2808,30.24],[119.2808,30.36]],[[119.4019,30.36],[119.5231,30.36]],[[119.5231,30.36],[119.6442,30.36]],[[119.8865,30.24],[119.7654,30.24]],[[120.1288,30.24],[120.0077,30.24]],[[120.25,30.36],[120.25,30.24]],[[120.25,30.24],[120.1288,30.24]],[[101.4712,30.12],[101.35,30.12]],[[101.35,30.12],[101.35,30.24]],[[102.3192,30.24],[102.3192,30.12]],[[102.4404,30.12],[102.4404,30.24]],[[102.5615,30.24],[102.6827,30.24]],[[102.6827,30.24],[102.6827,30.12]],[[102.925,30.12],[102.8038,30.12]],[[102.8038,30.12],[102.8038,30.24]],[[103.2885,30.24],[103.2885,30.12]],[[103.5308,30.24],[103.5308,30.12]],[[103.4096,30.12],[103.4096,30.24]],[[104.2577,30.24],[104.2577,30.12]],[[104.1365,30.12],[104.1365,30.24]],[[104.6212,30.12],[104.6212,30.24]],[[105.1058,30.24],[105.2269,30.24]],[[105.4692,30.24],[105.4692,30.12]],[[105.5904,30.12],[105.5904,30.24]],[[105.7115,30.24],[105.8327,30.24]],[[105.9538,30.24],[105.9538,30.12]],[[106.1962,30.12],[106.075,30.12]],[[106.075,30.12],[106.075,30.24]],[[106.6808,30.24],[106.6808,30.12]],[[106.8019,30.24],[106.9231,30.24]],[[106.9231,30.12],[106.8019,30.12]],[[106.8019,30.12],[106.8019,30.24]],[[107.1654,30.24],[107.2865,30.24]],[[107.5288,30.24],[107.5288,30.12]],[[107.65,30.12],[107.65,30.24]],[[111.1635,30.24],[111.1635,30.12]],[[111.1635,30.12],[111.0423,30.12]],[[111.2846,30.12],[111.2846,30.24]],[[112.0115,30.24],[112.0115,30.12]],[[112.0115,30.12],[111.8904,30.12]],[[112.1327,30.12],[112.1327,30.24]],[[112.4962,30.24],[112.4962,30.12]],[[112.7385,30.12],[112.6173,30.12]],[[112.6173,30.12],[112.6173,30.24]],[[112.8596,30.12],[112.7385,30.12]],[[113.95,30.24],[113.95,30.12]],[[114.0712,30.24],[114.1923,30.24]],[[114.0712,30.12],[114.0712,30.24]],[[114.3135,30.12],[114.1923,30.12]],[[114.5558,30.24],[114.5558,30.12]],[[114.6769,30.12],[114.6769,30.24]],[[114.7981,30.24],[114.9192,30.24]],[[114.9192,30.24],[115.0404,30.24]],[[115.0404,30.24],[115.1615,30.24]],[[115.1615,30.24],[115.1615,30.12]],[[115.2827,30.24],[115.4038,30.24]],[[115.2827,30.12],[115.2827,30.24]],[[115.8885,30.24],[116.0096,30.24]],[[116.2519,30.24],[116.2519,30.12]],[[116.4942,30.12],[116.3731,30.12]],[[116.3731,30.12],[116.3731,30.24]],[[116.6154,30.12],[116.4942,30.12]],[[116.7365,30.12],[116.6154,30.12]],[[116.8577,30.12],[116.7365,30.12]],[[116.8577,30.24],[116.9788,30.24]],[[117.3423,30.12],[117.2212,30.12]],[[117.5846,30.24],[117.5846,30.12]],[[117.8269,30.12],[117.8269,30.24]],[[118.7962,30.24],[118.9173,30.24]],[[119.1596,30.24],[119.2808,30.24]],[[119.5231,30.12],[119.4019,30.12]],[[119.7654,30.24],[119.7654,30.12]],[[120.0077,30.24],[120.0077,30.12]],[[119.8865,30.12],[119.8865,30.24]],[[120.3712,30.24],[120.4923,30.24]],[[120.3712,30.12],[120.3712,30.24]],[[120.4923,30.24],[120.6135,30.24]],[[120.6135,30.24],[120.6135,30.12]],[[101.4712,30.0],[101.4712,30.12]],[[102.3192,30.12],[102.3192,30.0]],[[102.4404,30.0],[102.4404,30.12]],[[102.6827,30.12],[102.8038,30.12]],[[102.8038,30.12],[102.8038,30.0]],[[102.925,30.0],[102.925,30.12]],[[103.2885,30.12],[103.2885,30.0]],[[103.4096,30.0],[103.4096,30.12]],[[103.5308,30.12],[103.6519,30.12]],[[103.6519,30.12],[103.7731,30.12]],[[103.7731,30.12],[103.8942,30.12]],[[103.8942,30.12],[104.0154,30.12]],[[104.0154,30.0],[103.8942,30.0]],[[104.0154,30.12],[104.1365,30.12]],[[104.2577,30.12],[104.3788,30.12]],[[104.3788,30.12],[104.3788,30.0]],[[104.5,30.12],[104.6212,30.12]],[[104.5,30.0],[104.5,30.12]],[[105.4692,30.12],[105.5904,30.12]],[[105.9538,30.12],[105.9538,30.0]],[[106.1962,30.0],[106.1962,30.12]],[[106.6808,30.12],[106.6808,30.0]],[[106.9231,30.0],[106.9231,30.12]],[[107.5288,30.0],[107.4077,30.0]],[[107.5288,30.12],[107.65,30.12]],[[108.8615,30.0],[108.7404,30.0]],[[111.0423,30.12],[111.0423,30.0]],[[111.4058,30.0],[111.2846,30.0]],[[111.2846,30.0],[111.2846,30.12]],[[111.5269,30.0],[111.4058,30.0]],[[111.6481,30.0],[111.5269,30.0]],[[111.8904,30.12],[111.8904,30.0]],[[112.0115,30.12],[112.1327,30.12]],[[112.0115,30.0],[112.0115,30.12]],[[112.375,30.0],[112.2538,30.0]],[[112.4962,30.0],[112.375,30.0]],[[112.4962,30.12],[112.6173,30.12]],[[112.6173,30.12],[112.6173,30.0]],[[112.8596,30.0],[112.8596,30.12]],[[113.95,30.12],[114.0712,30.12]],[[114.1923,30.12],[114.1923,30.0]],[[114.4346,30.0],[114.3135,30.0]],[[114.3135,30.0],[114.3135,30.12]],[[114.5558,30.0],[114.4346,30.0]],[[114.5558,30.12],[114.6769,30.12]],[[115.1615,30.12],[115.2827,30.12]],[[115.525,30.0],[115.4038,30.0]],[[116.2519,30.12],[116.3731,30.12]],[[116.3731,30.12],[116.3731,30.0]],[[116.8577,30.0],[116.8577,30.12]],[[117.2212,30.12],[117.2212,30.0]],[[117.2212,30.0],[117.1,30.0]],[[117.3423,30.0],[117.3423,30.12]],[[117.5846,30.12],[117.7058,30.12]],[[117.7058,30.12],[117.8269,30.12]],[[118.9173,30.0],[118.7962,30.0]],[[119.2808,30.0],[119.1596,30.0]],[[119.4019,30.12],[119.4019,30.0]],[[119.4019,30.0],[119.2808,30.0]],[[119.6442,30.0],[119.5231,30.0]],[[119.5231,30.0],[119.5231,30.12]],[[119.7654,30.0],[119.6442,30.0]],[[119.7654,30.12],[119.8865,30.12]],[[120.0077,30.12],[120.0077,30.0]],[[120.1288,30.12],[120.25,30.12]],[[120.1288,30.0],[120.1288,30.12]],[[120.25,30.12],[120.3712,30.12]],[[120.6135,30.12],[120.7346,30.12]],[[120.7346,30.12],[120.8558,30.12]],[[120.8558,30.12],[120.9769,30.12]],[[120.9769,30.12],[121.0981,30.12]],[[121.0981,30.12],[121.2192,30.12]],[[121.2192,30.12],[121.3404,30.12]],[[121.3404,30.12],[121.3404,30.0]],[[122.0673,30.12],[122.1885,30.12]],[[122.1885,30.12],[122.1885,30.0]],[[122.1885,30.0],[122.0673,30.0]],[[122.0673,30.0],[122.0673,30.12]],[[101.4712,29.88],[101.4712,30.0]],[[102.3192,30.0],[102.4404,30.0]],[[102.8038,30.0],[102.925,30.0]],[[103.2885,30.0],[103.4096,30.0]],[[103.5308,29.88],[103.4096,29.88]],[[103.6519,29.88],[103.5308,29.88]],[[103.8942,30.0],[103.8942,29.88]],[[103.8942,29.88],[103.7731,29.88]],[[104.0154,29.88],[104.0154,30.0]],[[104.3788,30.0],[104.3788,29.88]],[[104.6212,29.88],[104.5,29.88]],[[104.5,29.88],[104.5,30.0]],[[104.7423,29.88],[104.6212,29.88]],[[105.2269,29.88],[105.1058,29.88]],[[105.9538,29.88],[105.8327,29.88]],[[105.9538,30.0],[106.075,30.0]],[[106.075,30.0],[106.1962,30.0]],[[106.3173,29.88],[106.1962,29.88]],[[106.6808,30.0],[106.8019,30.0]],[[106.8019,30.0],[106.8019,29.88]],[[106.9231,29.88],[106.9231,30.0]],[[107.2865,29.88],[107.1654,29.88]],[[107.4077,30.0],[107.4077,29.88]],[[107.4077,29.88],[107.2865,29.88]],[[107.5288,29.88],[107.5288,30.0]],[[108.7404,30.0],[108.7404,29.88]],[[108.8615,29.88],[108.8615,30.0]],[[109.1038,29.88],[108.9827,29.88]],[[111.0423,30.0],[111.1635,30.0]],[[111.1635,30.0],[111.2846,30.0]],[[111.2846,30.0],[111.2846,29.88]],[[111.7692,29.88],[111.6481,29.88]],[[111.6481,29.88],[111.6481,30.0]],[[111.8904,29.88],[111.7692,29.88]],[[111.8904,30.0],[112.0115,30.0]],[[112.0115,29.88],[111.8904,29.88]],[[112.2538,30.0],[112.2538,29.88]],[[112.4962,29.88],[112.4962,30.0]],[[112.6173,30.0],[112.7385,30.0]],[[112.7385,29.88],[112.6173,29.88]],[[112.7385,30.0],[112.8596,30.0]],[[112.8596,29.88],[112.7385,29.88]],[[114.1923,30.0],[114.3135,30.0]],[[114.3135,30.0],[114.3135,29.88]],[[114.6769,29.88],[114.5558,29.88]],[[114.5558,29.88],[114.5558,30.0]],[[115.4038,30.0],[115.4038,29.88]],[[115.6462,29.88],[115.525,29.88]],[[115.525,29.88],[115.525,30.0]],[[116.1308,29.88],[116.0096,29.88]],[[116.2519,29.88],[116.1308,29.88]],[[116.3731,29.88],[116.2519,29.88]],[[116.3731,30.0],[116.4942,30.0]],[[116.4942,30.0],[116.6154,30.0]],[[116.6154,30.0],[116.7365,30.0]],[[116.7365,30.0],[116.8577,30.0]],[[117.1,30.0],[117.1,29.88]],[[117.1,29.88],[116.9788,29.88]],[[117.2212,30.0],[117.3423,30.0]],[[117.2212,29.88],[117.2212,30.0]],[[118.7962,30.0],[118.7962,29.88]],[[118.7962,29.88],[118.675,29.88]],[[118.9173,29.88],[118.9173,30.0]],[[119.1596,30.0],[119.1596,29.88]],[[119.8865,29.88],[119.7654,29.88]],[[119.7654,29.88],[119.7654,30.0]],[[120.0077,29.88],[119.8865,29.88]],[[120.0077,30.0],[120.1288,30.0]],[[120.4923,29.88],[120.3712,29.88]],[[120.6135,29.88],[120.4923,29.88]],[[121.3404,30.0],[121.4615,30.0]],[[121.4615,30.0],[121.4615,29.88]],[[101.35,29.88],[101.4712,29.88]],[[101.35,29.76],[101.35,29.88]],[[102.4404,29.76],[102.3192,29.76]],[[102.5615,29.76],[102.4404,29.76]],[[103.0462,29.76],[102.925,29.76]],[[103.4096,29.88],[103.4096,29.76]],[[103.7731,29.88],[103.7731,29.76]],[[103.7731,29.76],[103.6519,29.76]],[[103.6519,29.76],[103.6519,29.88]],[[104.0154,29.76],[104.0154,29.88]],[[104.3788,29.88],[104.5,29.88]],[[104.5,29.88],[104.5,29.76]],[[104.7423,29.76],[104.7423,29.88]],[[105.1058,29.88],[105.1058,29.76]],[[105.1058,29.76],[104.9846,29.76]],[[105.2269,29.76],[105.2269,29.88]],[[105.4692,29.76],[105.3481,29.76]],[[105.8327,29.88],[105.8327,29.76]],[[106.075,29.76],[105.9538,29.76]],[[105.9538,29.76],[105.9538,29.88]],[[106.1962,29.88],[106.1962,29.76]],[[106.1962,29.76],[106.075,29.76]],[[106.3173,29.76],[106.3173,29.88]],[[106.8019,29.88],[106.9231,29.88]],[[107.0442,29.76],[106.9231,29.76]],[[107.1654,29.88],[107.1654,29.76]],[[107.1654,29.76],[107.0442,29.76]],[[107.4077,29.88],[107.5288,29.88]],[[107.4077,29.76],[107.4077,29.88]],[[107.8923,29.76],[107.7712,29.76]],[[108.4981,29.76],[108.3769,29.76]],[[108.7404,29.88],[108.8615,29.88]],[[108.9827,29.88],[108.9827,29.76]],[[109.1038,29.76],[109.1038,29.88]],[[109.8308,29.76],[109.7096,29.76]],[[109.9519,29.76],[109.8308,29.76]],[[110.0731,29.76],[109.9519,29.76]],[[110.6788,29.76],[110.5577,29.76]],[[110.8,29.76],[110.6788,29.76]],[[111.2846,29.88],[111.4058,29.88]],[[111.4058,29.88],[111.5269,29.88]],[[111.5269,29.88],[111.6481,29.88]],[[111.6481,29.88],[111.6481,29.76]],[[112.0115,29.76],[112.0115,29.88]],[[112.2538,29.88],[112.2538,29.76]],[[112.2538,29.76],[112.1327,29.76]],[[112.375,29.88],[112.4962,29.88]],[[112.375,29.76],[112.375,29.88]],[[112.6173,29.88],[112.6173,29.76]],[[112.8596,29.76],[112.8596,29.88]],[[114.3135,29.88],[114.4346,29.88]],[[114.4346,29.76],[114.3135,29.76]],[[114.4346,29.88],[114.5558,29.88]],[[114.5558,29.88],[114.5558,29.76]],[[114.6769,29.76],[114.6769,29.88]],[[114.9192,29.76],[114.7981,29.76]],[[115.4038,29.88],[115.525,29.88]],[[115.525,29.88],[115.525,29.76]],[[115.6462,29.76],[115.6462,29.88]],[[116.0096,29.88],[116.0096,29.76]],[[116.4942,29.76],[116.3731,29.76]],[[116.3731,29.76],[116.3731,29.88]],[[116.9788,29.88],[116.9788,29.76]],[[116.9788,29.76],[116.8577,29.76]],[[117.2212,29.76],[117.2212,29.88]],[[118.4327,29.76],[118.3115,29.76]],[[118.675,29.88],[118.675,29.76]],[[118.675,29.76],[118.5538,29.76]],[[118.7962,29.88],[118.9173,29.88]],[[118.7962,29.76],[118.7962,29.88]],[[119.1596,29.88],[119.2808,29.88]],[[119.2808,29.88],[119.2808,29.76]],[[119.4019,29.88],[119.5231,29.88]],[[119.5231,29.88],[119.5231,29.76]],[[119.4019,29.76],[119.4019,29.88]],[[119.6442,29.88],[119.7654,29.88]],[[119.7654,29.88],[119.7654,29.76]],[[119.6442,29.76],[119.6442,29.88]],[[120.0077,29.76],[120.0077,29.88]],[[120.3712,29.88],[120.3712,29.76]],[[120.6135,29.76],[120.6135,29.88]],[[121.0981,29.76],[120.9769,29.76]],[[121.2192,29.76],[121.0981,29.76]],[[121.4615,29.88],[121.5827,29.88]],[[121.5827,29.88],[121.7038,29.88]],[[121.7038,29.88],[121.825,29.88]],[[121.825,29.88],[121.9462,29.88]],[[121.9462,29.76],[121.825,29.76]],[[121.9462,29.88],[122.0673,29.88]],[[122.0673,29.88],[122.0673,29.76]],[[122.0673,29.76],[121.9462,29.76]],[[101.35,29.64],[101.35,29.76]],[[102.3192,29.76],[102.3192,29.64]],[[102.5615,29.64],[102.5615,29.76]],[[102.8038,29.64],[102.6827,29.64]],[[102.925,29.76],[102.925,29.64]],[[103.0462,29.64],[103.0462,29.76]],[[103.4096,29.76],[103.5308,29.76]],[[103.5308,29.76],[103.6519,29.76]],[[103.6519,29.76],[103.6519,29.64]],[[103.6519,29.64],[103.5308,29.64]],[[103.8942,29.76],[104.0154,29.76]],[[103.8942,29.64],[103.8942,29.76]],[[104.5,29.76],[104.6212,29.76]],[[104.6212,29.76],[104.6212,29.64]],[[104.7423,29.64],[104.7423,29.76]],[[104.9846,29.76],[104.9846,29.64]],[[104.9846,29.64],[104.8635,29.64]],[[105.3481,29.76],[105.3481,29.64]],[[105.2269,29.64],[105.2269,29.76]],[[105.5904,29.64],[105.4692,29.64]],[[105.4692,29.64],[105.4692,29.76]],[[105.8327,29.76],[105.9538,29.76]],[[105.9538,29.76],[105.9538,29.64]],[[106.3173,29.64],[106.3173,29.76]],[[106.9231,29.76],[106.9231,29.64]],[[107.2865,29.76],[107.4077,29.76]],[[107.2865,29.64],[107.2865,29.76]],[[107.7712,29.76],[107.7712,29.64]],[[107.7712,29.64],[107.65,29.64]],[[107.8923,29.64],[107.8923,29.76]],[[108.1346,29.64],[108.0135,29.64]],[[108.2558,29.64],[108.1346,29.64]],[[108.3769,29.76],[108.3769,29.64]],[[108.4981,29.64],[108.4981,29.76]],[[108.9827,29.76],[109.1038,29.76]],[[109.5885,29.64],[109.4673,29.64]],[[109.7096,29.76],[109.7096,29.64]],[[110.0731,29.64],[110.0731,29.76]],[[110.5577,29.76],[110.5577,29.64]],[[110.8,29.64],[110.8,29.76]],[[111.0423,29.64],[110.9212,29.64]],[[111.5269,29.64],[111.4058,29.64]],[[111.6481,29.76],[111.7692,29.76]],[[111.7692,29.76],[111.8904,29.76]],[[111.8904,29.76],[112.0115,29.76]],[[112.1327,29.76],[112.1327,29.64]],[[112.2538,29.76],[112.375,29.76]],[[112.2538,29.64],[112.2538,29.76]],[[112.6173,29.76],[112.7385,29.76]],[[112.7385,29.76],[112.7385,29.64]],[[112.9808,29.64],[112.8596,29.64]],[[112.8596,29.64],[112.8596,29.76]],[[113.1019,29.64],[112.9808,29.64]],[[114.3135,29.76],[114.3135,29.64]],[[114.4346,29.64],[114.4346,29.76]],[[114.5558,29.76],[114.6769,29.76]],[[114.7981,29.76],[114.7981,29.64]],[[115.0404,29.64],[114.9192,29.64]],[[114.9192,29.64],[114.9192,29.76]],[[115.525,29.76],[115.6462,29.76]],[[115.7673,29.64],[115.6462,29.64]],[[116.0096,29.76],[116.1308,29.76]],[[116.1308,29.76],[116.2519,29.76]],[[116.2519,29.76],[116.3731,29.76]],[[116.3731,29.76],[116.3731,29.64]],[[116.4942,29.64],[116.4942,29.76]],[[116.8577,29.76],[116.8577,29.64]],[[117.2212,29.64],[117.2212,29.76]],[[118.3115,29.76],[118.3115,29.64]],[[118.5538,29.76],[118.5538,29.64]],[[118.4327,29.64],[118.4327,29.76]],[[118.675,29.76],[118.7962,29.76]],[[118.675,29.64],[118.675,29.76]],[[119.2808,29.76],[119.4019,29.76]],[[119.5231,29.76],[119.5231,29.64]],[[119.6442,29.64],[119.6442,29.76]],[[119.7654,29.76],[119.8865,29.76]],[[119.8865,29.76],[119.8865,29.64]],[[120.1288,29.64],[120.0077,29.64]],[[120.0077,29.64],[120.0077,29.76]],[[120.3712,29.76],[120.4923,29.76]],[[120.4923,29.76],[120.4923,29.64]],[[120.6135,29.64],[120.6135,29.76]],[[120.9769,29.76],[120.9769,29.64]],[[121.2192,29.64],[121.2192,29.76]],[[121.825,29.76],[121.825,29.64]],[[121.825,29.64],[121.7038,29.64]],[[101.2288,29.64],[101.35,29.64]],[[101.2288,29.52],[101.2288,29.64]],[[102.3192,29.64],[102.4404,29.64]],[[102.4404,29.64],[102.5615,29.64]],[[102.6827,29.64],[102.6827,29.52]],[[102.925,29.52],[102.8038,29.52]],[[102.8038,29.52],[102.8038,29.64]],[[102.925,29.64],[103.0462,29.64]],[[103.0462,29.52],[102.925,29.52]],[[103.1673,29.52],[103.0462,29.52]],[[103.5308,29.64],[103.5308,29.52]],[[103.7731,29.64],[103.8942,29.64]],[[103.7731,29.52],[103.7731,29.64]],[[104.0154,29.52],[103.8942,29.52]],[[104.1365,29.52],[104.0154,29.52]],[[104.3788,29.52],[104.2577,29.52]],[[104.5,29.52],[104.3788,29.52]],[[104.6212,29.64],[104.7423,29.64]],[[104.8635,29.64],[104.8635,29.52]],[[104.9846,29.64],[105.1058,29.64]],[[105.1058,29.52],[104.9846,29.52]],[[104.9846,29.52],[104.9846,29.64]],[[105.1058,29.64],[105.2269,29.64]],[[105.3481,29.52],[105.2269,29.52]],[[105.3481,29.64],[105.4692,29.64]],[[105.4692,29.64],[105.4692,29.52]],[[105.7115,29.52],[105.5904,29.52]],[[105.5904,29.52],[105.5904,29.64]],[[105.9538,29.64],[105.9538,29.52]],[[105.9538,29.52],[105.8327,29.52]],[[106.3173,29.52],[106.3173,29.64]],[[106.9231,29.64],[106.9231,29.52]],[[107.0442,29.64],[107.1654,29.64]],[[107.1654,29.52],[107.0442,29.52]],[[107.0442,29.52],[107.0442,29.64]],[[107.1654,29.64],[107.2865,29.64]],[[107.2865,29.52],[107.1654,29.52]],[[107.65,29.64],[107.65,29.52]],[[107.7712,29.64],[107.8923,29.64]],[[107.7712,29.52],[107.7712,29.64]],[[108.0135,29.64],[108.0135,29.52]],[[108.2558,29.52],[108.2558,29.64]],[[108.3769,29.64],[108.4981,29.64]],[[109.4673,29.64],[109.4673,29.52]],[[109.5885,29.52],[109.5885,29.64]],[[109.7096,29.64],[109.8308,29.64]],[[109.8308,29.52],[109.7096,29.52]],[[109.8308,29.64],[109.9519,29.64]],[[109.9519,29.52],[109.8308,29.52]],[[109.9519,29.64],[110.0731,29.64]],[[110.5577,29.64],[110.6788,29.64]],[[110.6788,29.64],[110.8,29.64]],[[110.9212,29.64],[110.9212,29.52]],[[111.0423,29.52],[111.0423,29.64]],[[111.4058,29.64],[111.4058,29.52]],[[111.5269,29.52],[111.5269,29.64]],[[112.1327,29.64],[112.2538,29.64]],[[112.375,29.52],[112.2538,29.52]],[[112.7385,29.64],[112.8596,29.64]],[[112.8596,29.64],[112.8596,29.52]],[[113.2231,29.52],[113.1019,29.52]],[[113.1019,29.52],[113.1019,29.64]],[[113.7077,29.52],[113.5865,29.52]],[[113.8288,29.52],[113.7077,29.52]],[[114.3135,29.64],[114.4346,29.64]],[[114.7981,29.64],[114.7981,29.52]],[[115.0404,29.52],[115.0404,29.64]],[[115.2827,29.52],[115.1615,29.52]],[[115.4038,29.52],[115.2827,29.52]],[[115.525,29.52],[115.4038,29.52]],[[115.6462,29.64],[115.6462,29.52]],[[115.7673,29.52],[115.7673,29.64]],[[116.3731,29.64],[116.4942,29.64]],[[116.8577,29.64],[116.9788,29.64]],[[116.9788,29.64],[117.1,29.64]],[[117.1,29.64],[117.2212,29.64]],[[118.0692,29.52],[117.9481,29.52]],[[118.3115,29.64],[118.4327,29.64]],[[118.5538,29.64],[118.675,29.64]],[[119.5231,29.64],[119.6442,29.64]],[[119.7654,29.52],[119.6442,29.52]],[[119.8865,29.52],[119.7654,29.52]],[[119.8865,29.64],[120.0077,29.64]],[[120.0077,29.64],[120.0077,29.52]],[[120.0077,29.52],[119.8865,29.52]],[[120.1288,29.52],[120.1288,29.64]],[[120.4923,29.64],[120.6135,29.64]],[[120.9769,29.64],[120.9769,29.52]],[[120.9769,29.52],[120.8558,29.52]],[[121.0981,29.64],[121.2192,29.64]],[[121.0981,29.52],[121.0981,29.64]],[[121.5827,29.52],[121.4615,29.52]],[[121.7038,29.64],[121.7038,29.52]],[[121.825,29.64],[121.9462,29.64]],[[121.9462,29.64],[121.9462,29.52]],[[121.825,29.52],[121.825,29.64]],[[101.1077,29.52],[101.2288,29.52]],[[101.1077,29.4],[101.1077,29.52]],[[101.9558,29.4],[101.8346,29.4]],[[102.0769,29.4],[101.9558,29.4]],[[102.6827,29.52],[102.8038,29.52]],[[102.8038,29.52],[102.8038,29.4]],[[103.1673,29.4],[103.1673,29.52]],[[103.5308,29.52],[103.5308,29.4]],[[103.5308,29.4],[103.4096,29.4]],[[103.6519,29.52],[103.7731,29.52]],[[103.6519,29.4],[103.6519,29.52]],[[103.8942,29.52],[103.8942,29.4]],[[104.2577,29.52],[104.2577,29.4]],[[104.1365,29.4],[104.1365,29.52]],[[104.5,29.4],[104.5,29.52]],[[104.8635,29.52],[104.8635,29.4]],[[105.2269,29.52],[105.2269,29.4]],[[105.1058,29.4],[105.1058,29.52]],[[105.4692,29.4],[105.3481,29.4]],[[105.3481,29.4],[105.3481,29.52]],[[105.4692,29.52],[105.5904,29.52]],[[105.5904,29.52],[105.5904,29.4]],[[105.5904,29.4],[105.4692,29.4]],[[105.8327,29.52],[105.8327,29.4]],[[105.8327,29.4],[105.7115,29.4]],[[105.7115,29.4],[105.7115,29.52]],[[105.9538,29.52],[106.075,29.52]],[[106.075,29.52],[106.075,29.4]],[[106.075,29.4],[105.9538,29.4]],[[105.9538,29.4],[105.9538,29.52]],[[106.3173,29.4],[106.3173,29.52]],[[106.9231,29.52],[107.0442,29.52]],[[107.0442,29.52],[107.0442,29.4]],[[107.2865,29.4],[107.2865,29.52]],[[107.65,29.52],[107.7712,29.52]],[[108.0135,29.52],[108.0135,29.4]],[[108.0135,29.4],[107.8923,29.4]],[[108.1346,29.52],[108.2558,29.52]],[[108.1346,29.4],[108.1346,29.52]],[[108.9827,29.4],[108.8615,29.4]],[[109.4673,29.52],[109.5885,29.52]],[[109.7096,29.52],[109.7096,29.4]],[[110.0731,29.4],[109.9519,29.4]],[[109.9519,29.4],[109.9519,29.52]],[[110.9212,29.52],[111.0423,29.52]],[[111.4058,29.52],[111.4058,29.4]],[[111.5269,29.4],[111.5269,29.52]],[[112.2538,29.52],[112.2538,29.4]],[[112.375,29.4],[112.375,29.52]],[[112.8596,29.4],[112.7385,29.4]],[[112.8596,29.52],[112.9808,29.52]],[[112.9808,29.52],[113.1019,29.52]],[[113.1019,29.52],[113.1019,29.4]],[[113.2231,29.4],[113.2231,29.52]],[[113.5865,29.52],[113.5865,29.4]],[[113.5865,29.4],[113.4654,29.4]],[[113.8288,29.4],[113.8288,29.52]],[[114.4346,29.4],[114.3135,29.4]],[[114.5558,29.4],[114.4346,29.4]],[[114.7981,29.52],[114.9192,29.52]],[[114.9192,29.52],[115.0404,29.52]],[[115.1615,29.52],[115.1615,29.4]],[[115.525,29.4],[115.525,29.52]],[[115.6462,29.52],[115.7673,29.52]],[[115.8885,29.4],[115.7673,29.4]],[[117.9481,29.52],[117.9481,29.4]],[[118.0692,29.4],[118.0692,29.52]],[[119.4019,29.4],[119.2808,29.4]],[[119.5231,29.4],[119.4019,29.4]],[[119.6442,29.52],[119.6442,29.4]],[[119.6442,29.4],[119.5231,29.4]],[[120.25,29.4],[120.1288,29.4]],[[120.1288,29.4],[120.1288,29.52]],[[120.8558,29.52],[120.8558,29.4]],[[120.9769,29.52],[121.0981,29.52]],[[120.9769,29.4],[120.9769,29.52]],[[121.4615,29.52],[121.4615,29.4]],[[121.5827,29.4],[121.5827,29.52]],[[121.7038,29.52],[121.825,29.52]],[[121.825,29.4],[121.7038,29.4]],[[121.9462,29.52],[121.9462,29.4]],[[100.9865,29.4],[101.1077,29.4]],[[101.1077,29.28],[100.9865,29.28]],[[100.9865,29.28],[100.9865,29.4]],[[101.35,29.28],[101.2288,29.28]],[[101.4712,29.28],[101.35,29.28]],[[101.5923,29.28],[101.4712,29.28]],[[101.7135,29.28],[101.5923,29.28]],[[101.8346,29.4],[101.8346,29.28]],[[101.8346,29.28],[101.7135,29.28]],[[102.0769,29.28],[102.0769,29.4]],[[102.8038,29.4],[102.925,29.4]],[[102.925,29.4],[103.0462,29.4]],[[103.0462,29.4],[103.1673,29.4]],[[103.4096,29.4],[103.4096,29.28]],[[103.5308,29.4],[103.6519,29.4]],[[103.6519,29.28],[103.5308,29.28]],[[103.5308,29.28],[103.5308,29.4]],[[103.8942,29.4],[103.8942,29.28]],[[104.2577,29.4],[104.2577,29.28]],[[104.1365,29.28],[104.1365,29.4]],[[104.3788,29.4],[104.5,29.4]],[[104.5,29.28],[104.3788,29.28]],[[104.3788,29.28],[104.3788,29.4]],[[104.8635,29.4],[104.9846,29.4]],[[104.9846,29.4],[105.1058,29.4]],[[105.2269,29.4],[105.2269,29.28]],[[105.5904,29.4],[105.7115,29.4]],[[105.7115,29.4],[105.7115,29.28]],[[105.5904,29.28],[105.5904,29.4]],[[105.8327,29.4],[105.9538,29.4]],[[105.9538,29.4],[105.9538,29.28]],[[105.8327,29.28],[105.8327,29.4]],[[106.075,29.4],[106.1962,29.4]],[[106.075,29.28],[106.075,29.4]],[[106.1962,29.4],[106.3173,29.4]],[[106.5596,29.28],[106.4385,29.28]],[[107.0442,29.4],[107.1654,29.4]],[[107.1654,29.4],[107.2865,29.4]],[[107.5288,29.28],[107.4077,29.28]],[[107.8923,29.4],[107.8923,29.28]],[[108.0135,29.4],[108.1346,29.4]],[[108.0135,29.28],[108.0135,29.4]],[[108.8615,29.4],[108.8615,29.28]],[[108.9827,29.28],[108.9827,29.4]],[[109.7096,29.4],[109.7096,29.28]],[[109.8308,29.4],[109.9519,29.4]],[[109.9519,29.4],[109.9519,29.28]],[[109.8308,29.28],[109.8308,29.4]],[[110.1942,29.28],[110.0731,29.28]],[[110.0731,29.28],[110.0731,29.4]],[[111.4058,29.4],[111.5269,29.4]],[[112.2538,29.4],[112.375,29.4]],[[112.7385,29.4],[112.7385,29.28]],[[112.8596,29.28],[112.8596,29.4]],[[113.1019,29.4],[113.2231,29.4]],[[113.4654,29.4],[113.4654,29.28]],[[113.7077,29.4],[113.8288,29.4]],[[113.7077,29.28],[113.7077,29.4]],[[114.0712,29.28],[113.95,29.28]],[[114.3135,29.4],[114.3135,29.28]],[[114.6769,29.28],[114.5558,29.28]],[[114.5558,29.28],[114.5558,29.4]],[[115.1615,29.4],[115.2827,29.4]],[[115.2827,29.4],[115.2827,29.28]],[[115.525,29.28],[115.525,29.4]],[[115.7673,29.4],[115.7673,29.28]],[[115.8885,29.28],[115.8885,29.4]],[[116.1308,29.28],[116.0096,29.28]],[[117.3423,29.28],[117.2212,29.28]],[[117.9481,29.4],[118.0692,29.4]],[[118.7962,29.28],[118.675,29.28]],[[119.0385,29.28],[118.9173,29.28]],[[119.2808,29.4],[119.2808,29.28]],[[119.6442,29.4],[119.7654,29.4]],[[119.7654,29.4],[119.7654,29.28]],[[119.6442,29.28],[119.6442,29.4]],[[119.8865,29.4],[120.0077,29.4]],[[119.8865,29.28],[119.8865,29.4]],[[120.0077,29.4],[120.1288,29.4]],[[120.1288,29.4],[120.1288,29.28]],[[120.25,29.28],[120.25,29.4]],[[120.8558,29.28],[120.7346,29.28]],[[120.8558,29.4],[120.9769,29.4]],[[121.4615,29.4],[121.5827,29.4]],[[121.7038,29.4],[121.7038,29.28]],[[121.9462,29.4],[121.9462,29.28]],[[121.9462,29.28],[121.825,29.28]],[[121.825,29.28],[121.825,29.4]],[[101.2288,29.28],[101.2288,29.16]],[[101.2288,29.16],[101.1077,29.16]],[[101.1077,29.16],[101.1077,29.28]],[[102.1981,29.16],[102.0769,29.16]],[[102.0769,29.16],[102.0769,29.28]],[[103.4096,29.28],[103.5308,29.28]],[[103.5308,29.28],[103.5308,29.16]],[[103.6519,29.16],[103.6519,29.28]],[[103.8942,29.28],[104.0154,29.28]],[[104.0154,29.28],[104.1365,29.28]],[[104.1365,29.16],[104.0154,29.16]],[[104.2577,29.28],[104.3788,29.28]],[[104.3788,29.28],[104.3788,29.16]],[[104.5,29.16],[104.5,29.28]],[[105.2269,29.28],[105.2269,29.16]],[[105.5904,29.16],[105.5904,29.28]],[[105.7115,29.28],[105.8327,29.28]],[[105.8327,29.16],[105.7115,29.16]],[[105.9538,29.28],[106.075,29.28]],[[106.4385,29.28],[106.4385,29.16]],[[106.5596,29.16],[106.5596,29.28]],[[106.9231,29.16],[106.8019,29.16]],[[107.4077,29.28],[107.4077,29.16]],[[107.5288,29.16],[107.5288,29.28]],[[107.8923,29.28],[108.0135,29.28]],[[108.3769,29.16],[108.2558,29.16]],[[108.4981,29.16],[108.3769,29.16]],[[108.6192,29.16],[108.4981,29.16]],[[108.7404,29.16],[108.6192,29.16]],[[108.8615,29.28],[108.8615,29.16]],[[108.8615,29.16],[108.7404,29.16]],[[108.9827,29.16],[108.9827,29.28]],[[109.7096,29.28],[109.7096,29.16]],[[109.7096,29.16],[109.5885,29.16]],[[109.8308,29.16],[109.8308,29.28]],[[109.9519,29.28],[110.0731,29.28]],[[110.0731,29.28],[110.0731,29.16]],[[110.3154,29.16],[110.1942,29.16]],[[110.1942,29.16],[110.1942,29.28]],[[112.2538,29.16],[112.1327,29.16]],[[112.375,29.16],[112.2538,29.16]],[[112.4962,29.16],[112.375,29.16]],[[112.7385,29.28],[112.7385,29.16]],[[112.7385,29.16],[112.6173,29.16]],[[112.8596,29.16],[112.8596,29.28]],[[113.4654,29.28],[113.4654,29.16]],[[113.7077,29.16],[113.7077,29.28]],[[113.95,29.28],[113.95,29.16]],[[114.0712,29.16],[114.0712,29.28]],[[114.3135,29.28],[114.4346,29.28]],[[114.4346,29.28],[114.4346,29.16]],[[114.6769,29.16],[114.6769,29.28]],[[115.2827,29.28],[115.4038,29.28]],[[115.4038,29.28],[115.525,29.28]],[[115.7673,29.28],[115.8885,29.28]],[[116.0096,29.28],[116.0096,29.16]],[[116.1308,29.16],[116.1308,29.28]],[[116.3731,29.16],[116.2519,29.16]],[[117.2212,29.28],[117.2212,29.16]],[[117.3423,29.16],[117.3423,29.28]],[[117.5846,29.16],[117.4635,29.16]],[[118.1904,29.16],[118.0692,29.16]],[[118.5538,29.16],[118.4327,29.16]],[[118.675,29.28],[118.675,29.16]],[[118.9173,29.28],[118.9173,29.16]],[[118.7962,29.16],[118.7962,29.28]],[[119.0385,29.16],[119.0385,29.28]],[[119.2808,29.28],[119.4019,29.28]],[[119.4019,29.16],[119.2808,29.16]],[[119.4019,29.28],[119.5231,29.28]],[[119.5231,29.28],[119.6442,29.28]],[[119.7654,29.28],[119.8865,29.28]],[[120.0077,29.16],[119.8865,29.16]],[[120.1288,29.28],[120.25,29.28]],[[120.7346,29.28],[120.7346,29.16]],[[120.7346,29.16],[120.6135,29.16]],[[120.8558,29.16],[120.8558,29.28]],[[121.3404,29.16],[121.2192,29.16]],[[121.5827,29.16],[121.4615,29.16]],[[121.7038,29.28],[121.7038,29.16]],[[121.7038,29.16],[121.5827,29.16]],[[102.1981,29.04],[102.1981,29.16]],[[103.5308,29.16],[103.5308,29.04]],[[103.5308,29.04],[103.4096,29.04]],[[103.6519,29.04],[103.6519,29.16]],[[104.0154,29.16],[104.0154,29.04]],[[104.1365,29.04],[104.1365,29.16]],[[104.3788,29.16],[104.5,29.16]],[[104.8635,29.04],[104.7423,29.04]],[[105.2269,29.04],[105.1058,29.04]],[[105.2269,29.16],[105.3481,29.16]],[[105.3481,29.16],[105.4692,29.16]],[[105.4692,29.16],[105.5904,29.16]],[[105.7115,29.16],[105.7115,29.04]],[[105.7115,29.04],[105.5904,29.04]],[[105.8327,29.04],[105.8327,29.16]],[[106.4385,29.16],[106.5596,29.16]],[[106.8019,29.16],[106.8019,29.04]],[[106.9231,29.04],[106.9231,29.16]],[[107.4077,29.16],[107.5288,29.16]],[[108.2558,29.16],[108.2558,29.04]],[[108.8615,29.16],[108.9827,29.16]],[[108.8615,29.04],[108.8615,29.16]],[[109.5885,29.16],[109.5885,29.04]],[[109.7096,29.16],[109.8308,29.16]],[[109.7096,29.04],[109.7096,29.16]],[[110.0731,29.16],[110.1942,29.16]],[[110.1942,29.16],[110.1942,29.04]],[[110.4365,29.04],[110.3154,29.04]],[[110.3154,29.04],[110.3154,29.16]],[[112.1327,29.16],[112.1327,29.04]],[[112.6173,29.16],[112.6173,29.04]],[[112.4962,29.04],[112.4962,29.16]],[[112.7385,29.16],[112.8596,29.16]],[[112.8596,29.04],[112.7385,29.04]],[[112.7385,29.04],[112.7385,29.16]],[[112.9808,29.04],[112.8596,29.04]],[[113.1019,29.04],[112.9808,29.04]],[[113.2231,29.04],[113.1019,29.04]],[[113.3442,29.04],[113.2231,29.04]],[[113.4654,29.04],[113.3442,29.04]],[[113.4654,29.16],[113.5865,29.16]],[[113.5865,29.04],[113.4654,29.04]],[[113.5865,29.16],[113.7077,29.16]],[[113.95,29.16],[114.0712,29.16]],[[114.0712,29.04],[113.95,29.04]],[[114.4346,29.16],[114.5558,29.16]],[[114.5558,29.16],[114.6769,29.16]],[[115.525,29.04],[115.4038,29.04]],[[116.0096,29.16],[116.1308,29.16]],[[116.2519,29.16],[116.2519,29.04]],[[116.3731,29.04],[116.3731,29.16]],[[117.2212,29.16],[117.3423,29.16]],[[117.4635,29.16],[117.4635,29.04]],[[117.5846,29.04],[117.5846,29.16]],[[118.0692,29.16],[118.0692,29.04]],[[118.1904,29.04],[118.1904,29.16]],[[118.4327,29.16],[118.4327,29.04]],[[118.675,29.16],[118.675,29.04]],[[118.5538,29.04],[118.5538,29.16]],[[118.9173,29.16],[118.9173,29.04]],[[118.7962,29.04],[118.7962,29.16]],[[119.0385,29.04],[119.0385,29.16]],[[119.2808,29.16],[119.2808,29.04]],[[119.4019,29.04],[119.4019,29.16]],[[119.8865,29.16],[119.8865,29.04]],[[120.0077,29.04],[120.0077,29.16]],[[120.6135,29.16],[120.6135,29.04]],[[120.6135,29.04],[120.4923,29.04]],[[120.7346,29.16],[120.8558,29.16]],[[120.8558,29.04],[120.7346,29.04]],[[120.7346,29.04],[120.7346,29.16]],[[121.2192,29.16],[121.2192,29.04]],[[121.4615,29.16],[121.4615,29.04]],[[121.4615,29.04],[121.3404,29.04]],[[121.3404,29.04],[121.3404,29.16]],[[102.0769,29.04],[102.1981,29.04]],[[102.0769,28.92],[102.0769,29.04]],[[103.4096,29.04],[103.4096,28.92]],[[103.6519,28.92],[103.6519,29.04]],[[104.0154,29.04],[104.1365,29.04]],[[104.7423,29.04],[104.7423,28.92]],[[104.8635,28.92],[104.8635,29.04]],[[105.1058,29.04],[105.1058,28.92]],[[105.1058,28.92],[104.9846,28.92]],[[105.2269,28.92],[105.2269,29.04]],[[105.5904,29.04],[105.5904,28.92]],[[105.7115,29.04],[105.8327,29.04]],[[105.7115,28.92],[105.7115,29.04]],[[106.8019,29.04],[106.9231,29.04]],[[107.1654,28.92],[107.0442,28.92]],[[107.2865,28.92],[107.1654,28.92]],[[108.2558,29.04],[108.3769,29.04]],[[108.3769,29.04],[108.4981,29.04]],[[108.4981,29.04],[108.6192,29.04]],[[108.6192,29.04],[108.7404,29.04]],[[108.7404,29.04],[108.8615,29.04]],[[109.5885,29.04],[109.7096,29.04]],[[109.7096,28.92],[109.5885,28.92]],[[110.1942,29.04],[110.3154,29.04]],[[110.3154,29.04],[110.3154,28.92]],[[110.4365,28.92],[110.4365,29.04]],[[112.1327,29.04],[112.2538,29.04]],[[112.2538,29.04],[112.375,29.04]],[[112.375,29.04],[112.4962,29.04]],[[112.6173,28.92],[112.4962,28.92]],[[112.6173,29.04],[112.7385,29.04]],[[112.7385,29.04],[112.7385,28.92]],[[113.5865,28.92],[113.5865,29.04]],[[113.95,29.04],[113.95,28.92]],[[114.0712,28.92],[114.0712,29.04]],[[115.4038,29.04],[115.4038,28.92]],[[115.525,28.92],[115.525,29.04]],[[116.2519,29.04],[116.2519,28.92]],[[116.3731,28.92],[116.3731,29.04]],[[117.1,28.92],[116.9788,28.92]],[[117.4635,29.04],[117.5846,29.04]],[[118.0692,29.04],[118.0692,28.92]],[[118.3115,28.92],[118.1904,28.92]],[[118.1904,28.92],[118.1904,29.04]],[[118.4327,28.92],[118.3115,28.92]],[[118.4327,29.04],[118.5538,29.04]],[[118.5538,28.92],[118.4327,28.92]],[[118.675,28.92],[118.5538,28.92]],[[118.675,29.04],[118.7962,29.04]],[[118.9173,29.04],[119.0385,29.04]],[[119.1596,28.92],[119.0385,28.92]],[[119.2808,29.04],[119.2808,28.92]],[[119.2808,28.92],[119.1596,28.92]],[[119.4019,28.92],[119.4019,29.04]],[[119.8865,29.04],[120.0077,29.04]],[[120.0077,28.92],[119.8865,28.92]],[[120.3712,28.92],[120.25,28.92]],[[120.4923,29.04],[120.4923,28.92]],[[120.4923,28.92],[120.3712,28.92]],[[120.8558,28.92],[120.8558,29.04]],[[121.2192,29.04],[121.2192,28.92]],[[121.4615,29.04],[121.5827,29.04]],[[121.4615,28.92],[121.4615,29.04]],[[121.5827,29.04],[121.7038,29.04]],[[121.7038,29.04],[121.7038,28.92]],[[121.7038,28.92],[121.5827,28.92]],[[102.0769,28.8],[102.0769,28.92]],[[103.1673,28.8],[103.0462,28.8]],[[103.2885,28.8],[103.1673,28.8]],[[103.4096,28.92],[103.5308,28.92]],[[103.5308,28.92],[103.6519,28.92]],[[104.7423,28.92],[104.7423,28.8]],[[104.9846,28.92],[104.9846,28.8]],[[104.8635,28.8],[104.8635,28.92]],[[105.2269,28.8],[105.2269,28.92]],[[105.5904,28.92],[105.5904,28.8]],[[105.7115,28.8],[105.7115,28.92]],[[107.0442,28.92],[107.0442,28.8]],[[107.2865,28.8],[107.2865,28.92]],[[109.5885,28.92],[109.5885,28.8]],[[109.8308,28.8],[109.7096,28.8]],[[109.7096,28.8],[109.7096,28.92]],[[109.9519,28.8],[109.8308,28.8]],[[110.1942,28.8],[110.0731,28.8]],[[110.3154,28.92],[110.3154,28.8]],[[110.3154,28.8],[110.1942,28.8]],[[110.4365,28.8],[110.4365,28.92]],[[112.4962,28.92],[112.4962,28.8]],[[112.6173,28.8],[112.6173,28.92]],[[112.7385,28.92],[112.8596,28.92]],[[112.8596,28.92],[112.9808,28.92]],[[112.9808,28.92],[113.1019,28.92]],[[113.1019,28.92],[113.2231,28.92]],[[113.2231,28.92],[113.3442,28.92]],[[113.3442,28.92],[113.3442,28.8]],[[113.3442,28.8],[113.2231,28.8]],[[113.4654,28.92],[113.5865,28.92]],[[113.4654,28.8],[113.4654,28.92]],[[113.95,28.92],[114.0712,28.92]],[[114.1923,28.8],[114.0712,28.8]],[[114.9192,28.8],[114.7981,28.8]],[[115.0404,28.8],[114.9192,28.8]],[[115.1615,28.8],[115.0404,28.8]],[[115.2827,28.8],[115.1615,28.8]],[[115.4038,28.92],[115.4038,28.8]],[[115.4038,28.8],[115.2827,28.8]],[[115.525,28.8],[115.525,28.92]],[[116.2519,28.92],[116.3731,28.92]],[[116.9788,28.92],[116.9788,28.8]],[[117.1,28.8],[117.1,28.92]],[[117.3423,28.8],[117.2212,28.8]],[[118.0692,28.8],[117.9481,28.8]],[[118.0692,28.92],[118.1904,28.92]],[[118.1904,28.92],[118.1904,28.8]],[[118.675,28.8],[118.675,28.92]],[[119.0385,28.92],[119.0385,28.8]],[[119.5231,28.8],[119.4019,28.8]],[[119.4019,28.8],[119.4019,28.92]],[[119.8865,28.92],[119.8865,28.8]],[[119.8865,28.8],[119.7654,28.8]],[[120.0077,28.8],[120.0077,28.92]],[[120.25,28.92],[120.25,28.8]],[[120.4923,28.92],[120.6135,28.92]],[[120.4923,28.8],[120.4923,28.92]],[[120.6135,28.92],[120.7346,28.92]],[[120.7346,28.92],[120.8558,28.92]],[[120.9769,28.8],[120.8558,28.8]],[[121.2192,28.92],[121.3404,28.92]],[[121.3404,28.92],[121.4615,28.92]],[[121.5827,28.92],[121.5827,28.8]],[[121.5827,28.8],[121.4615,28.8]],[[101.9558,28.8],[102.0769,28.8]],[[101.9558,28.68],[101.9558,28.8]],[[102.925,28.68],[102.8038,28.68]],[[103.0462,28.8],[103.0462,28.68]],[[103.0462,28.68],[102.925,28.68]],[[103.2885,28.68],[103.2885,28.8]],[[104.7423,28.8],[104.8635,28.8]],[[104.8635,28.68],[104.7423,28.68]],[[104.9846,28.8],[104.9846,28.68]],[[105.1058,28.8],[105.2269,28.8]],[[105.1058,28.68],[105.1058,28.8]],[[105.5904,28.8],[105.7115,28.8]],[[106.4385,28.68],[106.3173,28.68]],[[107.0442,28.8],[107.1654,28.8]],[[107.1654,28.8],[107.2865,28.8]],[[109.3462,28.68],[109.225,28.68]],[[109.5885,28.8],[109.7096,28.8]],[[109.7096,28.8],[109.7096,28.68]],[[110.0731,28.8],[110.0731,28.68]],[[109.9519,28.68],[109.9519,28.8]],[[110.3154,28.8],[110.4365,28.8]],[[110.3154,28.68],[110.3154,28.8]],[[111.7692,28.68],[111.6481,28.68]],[[112.4962,28.8],[112.6173,28.8]],[[113.2231,28.8],[113.2231,28.68]],[[113.3442,28.8],[113.4654,28.8]],[[113.3442,28.68],[113.3442,28.8]],[[114.0712,28.8],[114.0712,28.68]],[[114.0712,28.68],[113.95,28.68]],[[114.1923,28.68],[114.1923,28.8]],[[114.6769,28.68],[114.5558,28.68]],[[114.7981,28.8],[114.7981,28.68]],[[115.525,28.68],[115.525,28.8]],[[116.9788,28.8],[117.1,28.8]],[[117.2212,28.8],[117.2212,28.68]],[[117.2212,28.68],[117.1,28.68]],[[117.3423,28.68],[117.3423,28.8]],[[117.9481,28.8],[117.9481,28.68]],[[118.1904,28.68],[118.0692,28.68]],[[118.0692,28.68],[118.0692,28.8]],[[118.1904,28.8],[118.3115,28.8]],[[118.3115,28.8],[118.3115,28.68]],[[118.4327,28.8],[118.5538,28.8]],[[118.4327,28.68],[118.4327,28.8]],[[118.5538,28.8],[118.675,28.8]],[[119.0385,28.8],[119.0385,28.68]],[[119.1596,28.8],[119.2808,28.8]],[[119.1596,28.68],[119.1596,28.8]],[[119.2808,28.8],[119.4019,28.8]],[[119.4019,28.8],[119.4019,28.68]],[[119.6442,28.68],[119.5231,28.68]],[[119.5231,28.68],[119.5231,28.8]],[[119.7654,28.8],[119.7654,28.68]],[[119.8865,28.8],[120.0077,28.8]],[[119.8865,28.68],[119.8865,28.8]],[[120.25,28.8],[120.3712,28.8]],[[120.3712,28.8],[120.4923,28.8]],[[120.7346,28.68],[120.6135,28.68]],[[120.8558,28.8],[120.8558,28.68]],[[120.8558,28.68],[120.7346,28.68]],[[120.9769,28.68],[120.9769,28.8]],[[121.4615,28.8],[121.4615,28.68]],[[101.8346,28.68],[101.9558,28.68]],[[101.8346,28.56],[101.8346,28.68]],[[102.8038,28.68],[102.8038,28.56]],[[103.1673,28.68],[103.2885,28.68]],[[103.1673,28.56],[103.1673,28.68]],[[104.7423,28.68],[104.7423,28.56]],[[104.9846,28.68],[104.9846,28.56]],[[104.8635,28.56],[104.8635,28.68]],[[105.1058,28.56],[105.1058,28.68]],[[105.5904,28.56],[105.4692,28.56]],[[105.7115,28.56],[105.5904,28.56]],[[106.3173,28.68],[106.3173,28.56]],[[106.4385,28.56],[106.4385,28.68]],[[108.2558,28.56],[108.1346,28.56]],[[109.225,28.68],[109.225,28.56]],[[109.3462,28.56],[109.3462,28.68]],[[109.7096,28.68],[109.7096,28.56]],[[109.8308,28.68],[109.9519,28.68]],[[109.9519,28.56],[109.8308,28.56]],[[109.8308,28.56],[109.8308,28.68]],[[110.0731,28.56],[109.9519,28.56]],[[110.0731,28.68],[110.1942,28.68]],[[110.1942,28.68],[110.3154,28.68]],[[111.6481,28.68],[111.6481,28.56]],[[111.7692,28.56],[111.7692,28.68]],[[112.9808,28.56],[112.8596,28.56]],[[113.2231,28.68],[113.3442,28.68]],[[113.95,28.68],[113.95,28.56]],[[114.1923,28.56],[114.1923,28.68]],[[114.5558,28.68],[114.5558,28.56]],[[114.6769,28.56],[114.6769,28.68]],[[114.7981,28.68],[114.9192,28.68]],[[114.9192,28.68],[114.9192,28.56]],[[115.1615,28.68],[115.2827,28.68]],[[115.1615,28.56],[115.1615,28.68]],[[115.2827,28.68],[115.4038,28.68]],[[115.4038,28.68],[115.525,28.68]],[[116.6154,28.56],[116.4942,28.56]],[[116.9788,28.56],[116.8577,28.56]],[[117.1,28.68],[117.1,28.56]],[[117.3423,28.56],[117.3423,28.68]],[[117.7058,28.56],[117.5846,28.56]],[[117.8269,28.56],[117.7058,28.56]],[[117.9481,28.68],[118.0692,28.68]],[[118.0692,28.68],[118.0692,28.56]],[[118.3115,28.68],[118.3115,28.56]],[[118.1904,28.56],[118.1904,28.68]],[[118.4327,28.56],[118.4327,28.68]],[[118.7962,28.56],[118.675,28.56]],[[118.9173,28.56],[118.7962,28.56]],[[119.0385,28.68],[119.1596,28.68]],[[119.4019,28.56],[119.2808,28.56]],[[119.4019,28.68],[119.5231,28.68]],[[119.5231,28.68],[119.5231,28.56]],[[119.7654,28.56],[119.6442,28.56]],[[119.6442,28.56],[119.6442,28.68]],[[119.7654,28.68],[119.8865,28.68]],[[120.25,28.56],[120.1288,28.56]],[[120.4923,28.56],[120.3712,28.56]],[[120.6135,28.68],[120.6135,28.56]],[[121.0981,28.56],[120.9769,28.56]],[[120.9769,28.56],[120.9769,28.68]],[[121.2192,28.56],[121.0981,28.56]],[[121.3404,28.56],[121.2192,28.56]],[[121.4615,28.68],[121.4615,28.56]],[[101.7135,28.56],[101.8346,28.56]],[[101.7135,28.44],[101.7135,28.56]],[[102.8038,28.56],[102.8038,28.44]],[[103.1673,28.44],[103.1673,28.56]],[[104.1365,28.44],[104.0154,28.44]],[[104.7423,28.44],[104.6212,28.44]],[[104.7423,28.56],[104.8635,28.56]],[[104.9846,28.56],[105.1058,28.56]],[[105.2269,28.44],[105.1058,28.44]],[[105.4692,28.56],[105.4692,28.44]],[[105.7115,28.44],[105.7115,28.56]],[[106.3173,28.56],[106.4385,28.56]],[[108.1346,28.56],[108.1346,28.44]],[[108.2558,28.44],[108.2558,28.56]],[[109.225,28.56],[109.225,28.44]],[[109.3462,28.44],[109.3462,28.56]],[[109.7096,28.44],[109.5885,28.44]],[[109.7096,28.56],[109.8308,28.56]],[[109.8308,28.56],[109.8308,28.44]],[[109.8308,28.44],[109.7096,28.44]],[[110.1942,28.44],[110.0731,28.44]],[[110.0731,28.44],[110.0731,28.56]],[[110.9212,28.44],[110.8,28.44]],[[111.6481,28.56],[111.7692,28.56]],[[112.4962,28.44],[112.375,28.44]],[[112.8596,28.56],[112.8596,28.44]],[[112.9808,28.44],[112.9808,28.56]],[[113.95,28.56],[114.0712,28.56]],[[114.0712,28.56],[114.0712,28.44]],[[114.3135,28.44],[114.1923,28.44]],[[114.1923,28.44],[114.1923,28.56]],[[114.5558,28.44],[114.4346,28.44]],[[114.5558,28.56],[114.6769,28.56]],[[114.9192,28.56],[115.0404,28.56]],[[115.0404,28.56],[115.1615,28.56]],[[115.8885,28.44],[115.7673,28.44]],[[116.4942,28.56],[116.4942,28.44]],[[116.7365,28.44],[116.6154,28.44]],[[116.6154,28.44],[116.6154,28.56]],[[116.8577,28.56],[116.8577,28.44]],[[116.8577,28.44],[116.7365,28.44]],[[117.1,28.56],[117.1,28.44]],[[116.9788,28.44],[116.9788,28.56]],[[117.2212,28.56],[117.3423,28.56]],[[117.2212,28.44],[117.2212,28.56]],[[117.5846,28.56],[117.5846,28.44]],[[117.8269,28.44],[117.8269,28.56]],[[118.0692,28.56],[118.0692,28.44]],[[118.1904,28.44],[118.1904,28.56]],[[118.3115,28.56],[118.4327,28.56]],[[118.675,28.56],[118.675,28.44]],[[118.9173,28.44],[118.9173,28.56]],[[119.2808,28.56],[119.2808,28.44]],[[119.2808,28.44],[119.1596,28.44]],[[119.5231,28.56],[119.5231,28.44]],[[119.4019,28.44],[119.4019,28.56]],[[119.7654,28.44],[119.7654,28.56]],[[120.1288,28.56],[120.1288,28.44]],[[120.3712,28.56],[120.3712,28.44]],[[120.3712,28.44],[120.25,28.44]],[[120.25,28.44],[120.25,28.56]],[[120.4923,28.44],[120.4923,28.56]],[[120.6135,28.56],[120.7346,28.56]],[[120.7346,28.56],[120.8558,28.56]],[[120.8558,28.56],[120.8558,28.44]],[[121.3404,28.44],[121.3404,28.56]],[[121.4615,28.56],[121.5827,28.56]],[[121.5827,28.56],[121.5827,28.44]],[[101.5923,28.44],[101.7135,28.44]],[[101.7135,28.32],[101.5923,28.32]],[[101.5923,28.32],[101.5923,28.44]],[[102.8038,28.44],[102.8038,28.32]],[[102.8038,28.32],[102.6827,28.32]],[[103.1673,28.32],[103.1673,28.44]],[[104.0154,28.44],[104.0154,28.32]],[[104.1365,28.32],[104.1365,28.44]],[[104.6212,28.44],[104.6212,28.32]],[[104.7423,28.32],[104.7423,28.44]],[[105.1058,28.44],[105.1058,28.32]],[[105.2269,28.32],[105.2269,28.44]],[[105.4692,28.44],[105.5904,28.44]],[[105.5904,28.44],[105.5904,28.32]],[[105.7115,28.32],[105.7115,28.44]],[[106.6808,28.32],[106.5596,28.32]],[[108.1346,28.44],[108.2558,28.44]],[[108.3769,28.32],[108.2558,28.32]],[[109.225,28.44],[109.3462,28.44]],[[109.3462,28.32],[109.225,28.32]],[[109.5885,28.44],[109.5885,28.32]],[[109.8308,28.44],[109.9519,28.44]],[[109.8308,28.32],[109.8308,28.44]],[[109.9519,28.44],[110.0731,28.44]],[[110.0731,28.44],[110.0731,28.32]],[[110.3154,28.32],[110.1942,28.32]],[[110.1942,28.32],[110.1942,28.44]],[[110.8,28.44],[110.8,28.32]],[[110.9212,28.32],[110.9212,28.44]],[[112.2538,28.32],[112.1327,28.32]],[[112.375,28.44],[112.375,28.32]],[[112.4962,28.32],[112.4962,28.44]],[[112.8596,28.44],[112.9808,28.44]],[[114.0712,28.44],[114.0712,28.32]],[[114.4346,28.44],[114.4346,28.32]],[[114.3135,28.32],[114.3135,28.44]],[[114.6769,28.32],[114.5558,28.32]],[[114.5558,28.32],[114.5558,28.44]],[[115.6462,28.32],[115.525,28.32]],[[115.7673,28.44],[115.7673,28.32]],[[115.8885,28.32],[115.8885,28.44]],[[116.4942,28.44],[116.6154,28.44]],[[116.6154,28.44],[116.6154,28.32]],[[116.8577,28.44],[116.9788,28.44]],[[116.8577,28.32],[116.8577,28.44]],[[117.1,28.44],[117.2212,28.44]],[[117.5846,28.44],[117.5846,28.32]],[[117.9481,28.32],[117.8269,28.32]],[[117.8269,28.32],[117.8269,28.44]],[[118.0692,28.44],[118.0692,28.32]],[[118.1904,28.32],[118.1904,28.44]],[[118.4327,28.32],[118.3115,28.32]],[[118.675,28.44],[118.675,28.32]],[[118.7962,28.44],[118.9173,28.44]],[[118.7962,28.32],[118.7962,28.44]],[[119.1596,28.44],[119.1596,28.32]],[[119.2808,28.44],[119.4019,28.44]],[[119.4019,28.32],[119.2808,28.32]],[[119.2808,28.32],[119.2808,28.44]],[[119.5231,28.32],[119.4019,28.32]],[[119.5231,28.44],[119.6442,28.44]],[[119.6442,28.44],[119.7654,28.44]],[[120.0077,28.32],[119.8865,28.32]],[[120.1288,28.44],[120.25,28.44]],[[120.25,28.44],[120.25,28.32]],[[120.3712,28.44],[120.4923,28.44]],[[120.3712,28.32],[120.3712,28.44]],[[120.8558,28.44],[120.9769,28.44]],[[120.9769,28.44],[121.0981,28.44]],[[121.0981,28.44],[121.2192,28.44]],[[121.2192,28.44],[121.3404,28.44]],[[121.3404,28.32],[121.2192,28.32]],[[121.4615,28.32],[121.3404,28.32]],[[121.5827,28.44],[121.5827,28.32]],[[121.5827,28.32],[121.4615,28.32]],[[101.7135,28.2],[101.7135,28.32]],[[102.6827,28.32],[102.6827,28.2]],[[103.1673,28.2],[103.1673,28.32]],[[104.0154,28.32],[104.1365,28.32]],[[104.6212,28.32],[104.7423,28.32]],[[105.1058,28.32],[105.2269,28.32]],[[105.2269,28.2],[105.1058,28.2]],[[105.5904,28.32],[105.5904,28.2]],[[105.7115,28.2],[105.7115,28.32]],[[106.5596,28.32],[106.5596,28.2]],[[106.6808,28.2],[106.6808,28.32]],[[108.2558,28.32],[108.2558,28.2]],[[108.3769,28.2],[108.3769,28.32]],[[109.225,28.32],[109.225,28.2]],[[109.4673,28.2],[109.3462,28.2]],[[109.3462,28.2],[109.3462,28.32]],[[109.5885,28.32],[109.7096,28.32]],[[109.7096,28.32],[109.8308,28.32]],[[110.0731,28.32],[110.1942,28.32]],[[110.1942,28.32],[110.1942,28.2]],[[110.4365,28.2],[110.3154,28.2]],[[110.3154,28.2],[110.3154,28.32]],[[110.8,28.32],[110.9212,28.32]],[[112.0115,28.2],[111.8904,28.2]],[[112.1327,28.32],[112.1327,28.2]],[[112.1327,28.2],[112.0115,28.2]],[[112.2538,28.2],[112.2538,28.32]],[[112.375,28.32],[112.4962,28.32]],[[114.0712,28.32],[114.0712,28.2]],[[114.0712,28.2],[113.95,28.2]],[[114.1923,28.32],[114.3135,28.32]],[[114.1923,28.2],[114.1923,28.32]],[[114.4346,28.32],[114.5558,28.32]],[[114.5558,28.32],[114.5558,28.2]],[[114.6769,28.2],[114.6769,28.32]],[[115.525,28.32],[115.525,28.2]],[[115.6462,28.2],[115.6462,28.32]],[[115.7673,28.32],[115.8885,28.32]],[[116.1308,28.2],[116.0096,28.2]],[[116.6154,28.32],[116.7365,28.32]],[[116.7365,28.32],[116.7365,28.2]],[[116.8577,28.2],[116.8577,28.32]],[[117.5846,28.32],[117.7058,28.32]],[[117.7058,28.32],[117.8269,28.32]],[[117.8269,28.32],[117.8269,28.2]],[[118.0692,28.32],[118.0692,28.2]],[[117.9481,28.2],[117.9481,28.32]],[[118.3115,28.32],[118.3115,28.2]],[[118.1904,28.2],[118.1904,28.32]],[[118.4327,28.2],[118.4327,28.32]],[[118.675,28.32],[118.675,28.2]],[[118.7962,28.2],[118.7962,28.32]],[[119.1596,28.32],[119.1596,28.2]],[[119.5231,28.2],[119.5231,28.32]],[[119.8865,28.32],[119.8865,28.2]],[[119.8865,28.2],[119.7654,28.2]],[[120.0077,28.2],[120.0077,28.32]],[[120.25,28.32],[120.3712,28.32]],[[120.8558,28.2],[120.7346,28.2]],[[121.2192,28.32],[121.2192,28.2]],[[121.2192,28.2],[121.0981,28.2]],[[101.8346,28.08],[101.7135,28.08]],[[101.7135,28.08],[101.7135,28.2]],[[101.9558,28.08],[101.8346,28.08]],[[102.0769,28.08],[101.9558,28.08]],[[102.1981,28.08],[102.0769,28.08]],[[102.3192,28.08],[102.1981,28.08]],[[102.6827,28.2],[102.6827,28.08]],[[102.6827,28.08],[102.5615,28.08]],[[103.1673,28.08],[103.1673,28.2]],[[105.1058,28.2],[105.1058,28.08]],[[105.1058,28.08],[104.9846,28.08]],[[105.2269,28.08],[105.2269,28.2]],[[105.5904,28.2],[105.5904,28.08]],[[105.7115,28.08],[105.7115,28.2]],[[106.5596,28.2],[106.6808,28.2]],[[107.0442,28.08],[106.9231,28.08]],[[108.2558,28.2],[108.2558,28.08]],[[108.3769,28.08],[108.3769,28.2]],[[109.225,28.2],[109.3462,28.2]],[[109.3462,28.2],[109.3462,28.08]],[[109.4673,28.08],[109.4673,28.2]],[[110.1942,28.2],[110.3154,28.2]],[[110.3154,28.2],[110.3154,28.08]],[[110.4365,28.08],[110.4365,28.2]],[[111.0423,28.08],[110.9212,28.08]],[[111.5269,28.08],[111.4058,28.08]],[[111.8904,28.2],[111.8904,28.08]],[[112.1327,28.2],[112.2538,28.2]],[[112.1327,28.08],[112.1327,28.2]],[[113.95,28.2],[113.95,28.08]],[[113.95,28.08],[113.8288,28.08]],[[114.0712,28.2],[114.1923,28.2]],[[114.1923,28.08],[114.0712,28.08]],[[114.0712,28.08],[114.0712,28.2]],[[114.5558,28.2],[114.5558,28.08]],[[114.6769,28.08],[114.6769,28.2]],[[114.9192,28.08],[114.7981,28.08]],[[115.1615,28.08],[115.0404,28.08]],[[115.525,28.2],[115.525,28.08]],[[115.6462,28.08],[115.6462,28.2]],[[116.0096,28.2],[116.0096,28.08]],[[116.1308,28.08],[116.1308,28.2]],[[116.6154,28.08],[116.4942,28.08]],[[116.7365,28.2],[116.8577,28.2]],[[116.9788,28.08],[116.8577,28.08]],[[117.4635,28.08],[117.3423,28.08]],[[117.8269,28.2],[117.9481,28.2]],[[118.0692,28.2],[118.0692,28.08]],[[118.0692,28.08],[117.9481,28.08]],[[118.1904,28.08],[118.1904,28.2]],[[118.3115,28.2],[118.4327,28.2]],[[118.675,28.2],[118.7962,28.2]],[[119.1596,28.2],[119.2808,28.2]],[[119.2808,28.2],[119.4019,28.2]],[[119.4019,28.2],[119.4019,28.08]],[[119.5231,28.08],[119.5231,28.2]],[[119.7654,28.2],[119.7654,28.08]],[[119.8865,28.2],[120.0077,28.2]],[[119.8865,28.08],[119.8865,28.2]],[[120.3712,28.08],[120.25,28.08]],[[120.7346,28.2],[120.7346,28.08]],[[120.7346,28.08],[120.6135,28.08]],[[120.9769,28.08],[120.8558,28.08]],[[120.8558,28.08],[120.8558,28.2]],[[121.0981,28.2],[121.0981,28.08]],[[121.0981,28.08],[120.9769,28.08]],[[102.4404,27.96],[102.3192,27.96]],[[102.3192,27.96],[102.3192,28.08]],[[102.5615,28.08],[102.5615,27.96]],[[102.5615,27.96],[102.4404,27.96]],[[103.2885,27.96],[103.1673,27.96]],[[103.1673,27.96],[103.1673,28.08]],[[104.9846,28.08],[104.9846,27.96]],[[105.1058,28.08],[105.2269,28.08]],[[105.1058,27.96],[105.1058,28.08]],[[105.5904,28.08],[105.5904,27.96]],[[105.7115,27.96],[105.7115,28.08]],[[106.9231,28.08],[106.9231,27.96]],[[107.0442,27.96],[107.0442,28.08]],[[108.2558,28.08],[108.2558,27.96]],[[108.3769,27.96],[108.3769,28.08]],[[109.3462,28.08],[109.3462,27.96]],[[109.4673,27.96],[109.4673,28.08]],[[110.0731,27.96],[109.9519,27.96]],[[110.3154,28.08],[110.4365,28.08]],[[110.9212,28.08],[110.9212,27.96]],[[111.0423,27.96],[111.0423,28.08]],[[111.4058,28.08],[111.4058,27.96]],[[111.6481,27.96],[111.5269,27.96]],[[111.5269,27.96],[111.5269,28.08]],[[111.8904,28.08],[112.0115,28.08]],[[112.0115,28.08],[112.1327,28.08]],[[112.1327,27.96],[112.0115,27.96]],[[113.3442,27.96],[113.2231,27.96]],[[113.4654,27.96],[113.3442,27.96]],[[113.5865,27.96],[113.4654,27.96]],[[113.8288,28.08],[113.8288,27.96]],[[113.8288,27.96],[113.7077,27.96]],[[114.1923,27.96],[114.1923,28.08]],[[114.5558,28.08],[114.5558,27.96]],[[114.7981,28.08],[114.7981,27.96]],[[114.6769,27.96],[114.6769,28.08]],[[115.0404,28.08],[115.0404,27.96]],[[114.9192,27.96],[114.9192,28.08]],[[115.1615,27.96],[115.1615,28.08]],[[115.525,28.08],[115.6462,28.08]],[[115.7673,27.96],[115.6462,27.96]],[[116.0096,28.08],[116.0096,27.96]],[[116.0096,27.96],[115.8885,27.96]],[[116.1308,27.96],[116.1308,28.08]],[[116.4942,28.08],[116.4942,27.96]],[[116.6154,27.96],[116.6154,28.08]],[[116.8577,28.08],[116.8577,27.96]],[[116.9788,27.96],[116.9788,28.08]],[[117.3423,28.08],[117.3423,27.96]],[[117.4635,27.96],[117.4635,28.08]],[[117.9481,28.08],[117.9481,27.96]],[[117.9481,27.96],[117.8269,27.96]],[[118.1904,27.96],[118.1904,28.08]],[[119.4019,28.08],[119.4019,27.96]],[[119.5231,27.96],[119.5231,28.08]],[[119.7654,28.08],[119.7654,27.96]],[[119.7654,27.96],[119.6442,27.96]],[[119.8865,27.96],[119.8865,28.08]],[[120.25,28.08],[120.25,27.96]],[[120.3712,27.96],[120.3712,28.08]],[[120.6135,28.08],[120.6135,27.96]],[[103.4096,27.84],[103.2885,27.84]],[[103.2885,27.84],[103.2885,27.96]],[[104.9846,27.96],[105.1058,27.96]],[[105.5904,27.96],[105.5904,27.84]],[[105.7115,27.84],[105.7115,27.96]],[[106.9231,27.96],[107.0442,27.96]],[[108.2558,27.96],[108.3769,27.96]],[[109.3462,27.96],[109.3462,27.84]],[[109.4673,27.84],[109.4673,27.96]],[[109.9519,27.96],[109.9519,27.84]],[[109.9519,27.84],[109.8308,27.84]],[[110.0731,27.84],[110.0731,27.96]],[[110.4365,27.84],[110.3154,27.84]],[[110.9212,27.96],[111.0423,27.96]],[[111.4058,27.96],[111.5269,27.96]],[[111.5269,27.96],[111.5269,27.84]],[[111.6481,27.84],[111.6481,27.96]],[[112.0115,27.96],[112.0115,27.84]],[[112.1327,27.84],[112.1327,27.96]],[[113.2231,27.96],[113.2231,27.84]],[[113.7077,27.96],[113.7077,27.84]],[[113.5865,27.84],[113.5865,27.96]],[[113.8288,27.96],[113.95,27.96]],[[113.8288,27.84],[113.8288,27.96]],[[113.95,27.96],[114.0712,27.96]],[[114.0712,27.96],[114.1923,27.96]],[[114.5558,27.96],[114.6769,27.96]],[[114.7981,27.96],[114.7981,27.84]],[[114.9192,27.84],[114.9192,27.96]],[[115.0404,27.96],[115.1615,27.96]],[[115.6462,27.96],[115.6462,27.84]],[[115.8885,27.96],[115.8885,27.84]],[[115.7673,27.84],[115.7673,27.96]],[[116.1308,27.84],[116.1308,27.96]],[[116.4942,27.96],[116.6154,27.96]],[[116.8577,27.84],[116.7365,27.84]],[[116.8577,27.96],[116.9788,27.96]],[[117.2212,27.84],[117.1,27.84]],[[117.3423,27.96],[117.3423,27.84]],[[117.3423,27.84],[117.2212,27.84]],[[117.4635,27.84],[117.4635,27.96]],[[117.7058,27.84],[117.5846,27.84]],[[117.8269,27.96],[117.8269,27.84]],[[117.9481,27.96],[118.0692,27.96]],[[117.9481,27.84],[117.9481,27.96]],[[118.0692,27.96],[118.1904,27.96]],[[118.4327,27.84],[118.3115,27.84]],[[118.9173,27.84],[118.7962,27.84]],[[119.4019,27.96],[119.5231,27.96]],[[119.6442,27.96],[119.6442,27.84]],[[119.7654,27.96],[119.8865,27.96]],[[119.7654,27.84],[119.7654,27.96]],[[120.25,27.96],[120.3712,27.96]],[[120.6135,27.96],[120.7346,27.96]],[[120.7346,27.96],[120.7346,27.84]],[[103.4096,27.72],[103.4096,27.84]],[[105.5904,27.84],[105.5904,27.72]],[[105.7115,27.72],[105.7115,27.84]],[[107.7712,27.72],[107.65,27.72]],[[107.8923,27.72],[107.7712,27.72]],[[108.0135,27.72],[107.8923,27.72]],[[108.1346,27.72],[108.0135,27.72]],[[109.3462,27.84],[109.4673,27.84]],[[109.8308,27.84],[109.8308,27.72]],[[109.8308,27.72],[109.7096,27.72]],[[109.9519,27.84],[110.0731,27.84]],[[109.9519,27.72],[109.9519,27.84]],[[110.3154,27.84],[110.3154,27.72]],[[110.4365,27.72],[110.4365,27.84]],[[110.9212,27.72],[110.8,27.72]],[[111.0423,27.72],[110.9212,27.72]],[[111.5269,27.72],[111.4058,27.72]],[[111.5269,27.84],[111.6481,27.84]],[[112.0115,27.84],[112.1327,27.84]],[[113.2231,27.84],[113.2231,27.72]],[[113.3442,27.84],[113.4654,27.84]],[[113.3442,27.72],[113.3442,27.84]],[[113.4654,27.84],[113.5865,27.84]],[[113.7077,27.84],[113.8288,27.84]],[[114.7981,27.84],[114.9192,27.84]],[[115.0404,27.72],[114.9192,27.72]],[[115.6462,27.84],[115.6462,27.72]],[[115.8885,27.84],[115.8885,27.72]],[[115.7673,27.72],[115.7673,27.84]],[[116.0096,27.84],[116.1308,27.84]],[[116.0096,27.72],[116.0096,27.84]],[[116.2519,27.72],[116.1308,27.72]],[[116.7365,27.84],[116.7365,27.72]],[[116.8577,27.72],[116.8577,27.84]],[[117.1,27.84],[117.1,27.72]],[[117.3423,27.84],[117.4635,27.84]],[[117.3423,27.72],[117.3423,27.84]],[[117.5846,27.84],[117.5846,27.72]],[[117.7058,27.72],[117.7058,27.84]],[[117.8269,27.84],[117.9481,27.84]],[[118.3115,27.84],[118.3115,27.72]],[[118.4327,27.72],[118.4327,27.84]],[[118.7962,27.84],[118.7962,27.72]],[[118.9173,27.72],[118.9173,27.84]],[[119.6442,27.84],[119.6442,27.72]],[[119.6442,27.72],[119.5231,27.72]],[[119.7654,27.72],[119.7654,27.84]],[[120.25,27.72],[120.1288,27.72]],[[120.7346,27.84],[120.7346,27.72]],[[120.7346,27.72],[120.6135,27.72]],[[103.4096,27.6],[103.4096,27.72]],[[105.5904,27.72],[105.7115,27.72]],[[106.4385,27.6],[106.3173,27.6]],[[106.5596,27.6],[106.4385,27.6]],[[107.65,27.72],[107.65,27.6]],[[108.1346,27.6],[108.1346,27.72]],[[108.6192,27.6],[108.4981,27.6]],[[108.7404,27.6],[108.6192,27.6]],[[108.8615,27.6],[108.7404,27.6]],[[108.9827,27.6],[108.8615,27.6]],[[109.3462,27.6],[109.225,27.6]],[[109.4673,27.6],[109.3462,27.6]],[[109.7096,27.72],[109.7096,27.6]],[[109.9519,27.6],[109.9519,27.72]],[[110.3154,27.72],[110.4365,27.72]],[[110.8,27.72],[110.8,27.6]],[[111.0423,27.6],[111.0423,27.72]],[[111.4058,27.72],[111.4058,27.6]],[[111.4058,27.6],[111.2846,27.6]],[[111.6481,27.6],[111.5269,27.6]],[[111.5269,27.6],[111.5269,27.72]],[[113.2231,27.72],[113.2231,27.6]],[[113.3442,27.6],[113.3442,27.72]],[[114.3135,27.6],[114.1923,27.6]],[[114.4346,27.6],[114.3135,27.6]],[[114.5558,27.6],[114.4346,27.6]],[[114.9192,27.72],[114.9192,27.6]],[[114.9192,27.6],[114.7981,27.6]],[[115.1615,27.6],[115.0404,27.6]],[[115.0404,27.6],[115.0404,27.72]],[[115.6462,27.6],[115.525,27.6]],[[115.6462,27.72],[115.7673,27.72]],[[115.8885,27.72],[116.0096,27.72]],[[116.0096,27.6],[115.8885,27.6]],[[116.1308,27.72],[116.1308,27.6]],[[116.2519,27.6],[116.2519,27.72]],[[116.4942,27.6],[116.3731,27.6]],[[116.7365,27.72],[116.8577,27.72]],[[117.1,27.6],[116.9788,27.6]],[[117.1,27.72],[117.2212,27.72]],[[117.2212,27.72],[117.3423,27.72]],[[117.5846,27.6],[117.4635,27.6]],[[117.5846,27.72],[117.7058,27.72]],[[118.3115,27.72],[118.3115,27.6]],[[118.4327,27.6],[118.4327,27.72]],[[118.7962,27.72],[118.9173,27.72]],[[119.5231,27.72],[119.5231,27.6]],[[119.6442,27.72],[119.7654,27.72]],[[119.6442,27.6],[119.6442,27.72]],[[120.1288,27.72],[120.1288,27.6]],[[120.25,27.6],[120.25,27.72]],[[120.6135,27.72],[120.6135,27.6]],[[103.2885,27.6],[103.4096,27.6]],[[103.2885,27.48],[103.2885,27.6]],[[106.3173,27.6],[106.3173,27.48]],[[106.5596,27.48],[106.5596,27.6]],[[107.5288,27.48],[107.4077,27.48]],[[107.65,27.6],[107.7712,27.6]],[[107.7712,27.6],[107.8923,27.6]],[[107.8923,27.6],[108.0135,27.6]],[[108.0135,27.6],[108.1346,27.6]],[[108.4981,27.6],[108.4981,27.48]],[[109.1038,27.48],[108.9827,27.48]],[[108.9827,27.48],[108.9827,27.6]],[[109.225,27.6],[109.225,27.48]],[[109.4673,27.48],[109.4673,27.6]],[[109.7096,27.6],[109.8308,27.6]],[[109.8308,27.48],[109.7096,27.48]],[[109.8308,27.6],[109.9519,27.6]],[[110.8,27.6],[110.9212,27.6]],[[110.9212,27.6],[111.0423,27.6]],[[111.2846,27.6],[111.2846,27.48]],[[111.6481,27.48],[111.6481,27.6]],[[111.8904,27.48],[111.7692,27.48]],[[112.6173,27.48],[112.4962,27.48]],[[112.7385,27.48],[112.6173,27.48]],[[113.2231,27.6],[113.2231,27.48]],[[113.3442,27.48],[113.3442,27.6]],[[113.7077,27.48],[113.5865,27.48]],[[114.0712,27.48],[113.95,27.48]],[[114.1923,27.6],[114.1923,27.48]],[[114.5558,27.48],[114.5558,27.6]],[[114.7981,27.6],[114.7981,27.48]],[[115.1615,27.48],[115.1615,27.6]],[[115.4038,27.48],[115.2827,27.48]],[[115.525,27.6],[115.525,27.48]],[[115.525,27.48],[115.4038,27.48]],[[115.6462,27.48],[115.6462,27.6]],[[115.8885,27.6],[115.8885,27.48]],[[116.0096,27.48],[116.0096,27.6]],[[116.1308,27.6],[116.2519,27.6]],[[116.3731,27.6],[116.3731,27.48]],[[116.4942,27.48],[116.4942,27.6]],[[116.9788,27.6],[116.9788,27.48]],[[117.2212,27.48],[117.1,27.48]],[[117.1,27.48],[117.1,27.6]],[[117.4635,27.6],[117.4635,27.48]],[[117.7058,27.48],[117.5846,27.48]],[[117.5846,27.48],[117.5846,27.6]],[[118.3115,27.6],[118.4327,27.6]],[[119.1596,27.48],[119.0385,27.48]],[[119.5231,27.6],[119.6442,27.6]],[[119.7654,27.48],[119.6442,27.48]],[[120.1288,27.6],[120.25,27.6]],[[120.6135,27.6],[120.6135,27.48]],[[102.925,27.48],[103.0462,27.48]],[[102.925,27.36],[102.925,27.48]],[[103.0462,27.48],[103.1673,27.48]],[[103.1673,27.48],[103.2885,27.48]],[[104.7423,27.36],[104.6212,27.36]],[[104.8635,27.36],[104.7423,27.36]],[[106.3173,27.48],[106.4385,27.48]],[[106.4385,27.48],[106.5596,27.48]],[[106.6808,27.36],[106.5596,27.36]],[[107.0442,27.36],[106.9231,27.36]],[[107.1654,27.36],[107.0442,27.36]],[[107.4077,27.48],[107.4077,27.36]],[[107.5288,27.36],[107.5288,27.48]],[[108.1346,27.36],[108.0135,27.36]],[[108.2558,27.36],[108.1346,27.36]],[[108.4981,27.48],[108.4981,27.36]],[[108.6192,27.48],[108.7404,27.48]],[[108.6192,27.36],[108.6192,27.48]],[[108.7404,27.48],[108.8615,27.48]],[[108.8615,27.48],[108.8615,27.36]],[[109.1038,27.36],[109.1038,27.48]],[[109.225,27.48],[109.3462,27.48]],[[109.3462,27.48],[109.4673,27.48]],[[109.7096,27.48],[109.7096,27.36]],[[109.9519,27.36],[109.8308,27.36]],[[109.8308,27.36],[109.8308,27.48]],[[110.5577,27.36],[110.4365,27.36]],[[110.8,27.36],[110.6788,27.36]],[[111.2846,27.48],[111.4058,27.48]],[[111.4058,27.48],[111.5269,27.48]],[[111.5269,27.48],[111.6481,27.48]],[[111.7692,27.48],[111.7692,27.36]],[[112.0115,27.36],[111.8904,27.36]],[[111.8904,27.36],[111.8904,27.48]],[[112.4962,27.48],[112.4962,27.36]],[[112.7385,27.36],[112.7385,27.48]],[[113.2231,27.48],[113.2231,27.36]],[[113.4654,27.36],[113.3442,27.36]],[[113.3442,27.36],[113.3442,27.48]],[[113.5865,27.48],[113.5865,27.36]],[[113.5865,27.36],[113.4654,27.36]],[[113.7077,27.36],[113.7077,27.48]],[[113.95,27.48],[113.95,27.36]],[[113.95,27.36],[113.8288,27.36]],[[114.1923,27.36],[114.0712,27.36]],[[114.0712,27.36],[114.0712,27.48]],[[114.1923,27.48],[114.3135,27.48]],[[114.3135,27.48],[114.4346,27.48]],[[114.4346,27.48],[114.5558,27.48]],[[114.7981,27.48],[114.7981,27.36]],[[114.9192,27.48],[115.0404,27.48]],[[114.9192,27.36],[114.9192,27.48]],[[115.0404,27.48],[115.1615,27.48]],[[115.2827,27.48],[115.2827,27.36]],[[115.525,27.48],[115.6462,27.48]],[[115.525,27.36],[115.525,27.48]],[[115.7673,27.36],[115.6462,27.36]],[[115.8885,27.48],[115.8885,27.36]],[[116.1308,27.36],[116.0096,27.36]],[[116.0096,27.36],[116.0096,27.48]],[[116.3731,27.36],[116.2519,27.36]],[[116.3731,27.48],[116.4942,27.48]],[[116.9788,27.48],[117.1,27.48]],[[117.1,27.48],[117.1,27.36]],[[117.2212,27.36],[117.2212,27.48]],[[117.4635,27.48],[117.5846,27.48]],[[117.5846,27.48],[117.5846,27.36]],[[117.7058,27.36],[117.7058,27.48]],[[118.7962,27.36],[118.675,27.36]],[[119.0385,27.48],[119.0385,27.36]],[[119.1596,27.36],[119.1596,27.48]],[[119.6442,27.48],[119.6442,27.36]],[[119.7654,27.36],[119.7654,27.48]],[[120.6135,27.48],[120.6135,27.36]],[[102.925,27.24],[102.925,27.36]],[[104.6212,27.36],[104.6212,27.24]],[[104.9846,27.24],[104.8635,27.24]],[[104.8635,27.24],[104.8635,27.36]],[[106.5596,27.36],[106.5596,27.24]],[[106.6808,27.24],[106.6808,27.36]],[[106.9231,27.36],[106.9231,27.24]],[[106.9231,27.24],[106.8019,27.24]],[[107.1654,27.24],[107.1654,27.36]],[[107.4077,27.36],[107.5288,27.36]],[[108.0135,27.36],[108.0135,27.24]],[[108.2558,27.24],[108.2558,27.36]],[[108.4981,27.36],[108.6192,27.36]],[[108.8615,27.36],[108.8615,27.24]],[[108.9827,27.36],[109.1038,27.36]],[[108.9827,27.24],[108.9827,27.36]],[[109.7096,27.36],[109.7096,27.24]],[[109.9519,27.24],[109.9519,27.36]],[[110.3154,27.24],[110.1942,27.24]],[[110.4365,27.36],[110.4365,27.24]],[[110.6788,27.36],[110.6788,27.24]],[[110.5577,27.24],[110.5577,27.36]],[[110.9212,27.24],[110.8,27.24]],[[110.8,27.24],[110.8,27.36]],[[111.7692,27.36],[111.8904,27.36]],[[111.8904,27.36],[111.8904,27.24]],[[112.1327,27.24],[112.0115,27.24]],[[112.0115,27.24],[112.0115,27.36]],[[112.4962,27.36],[112.6173,27.36]],[[112.6173,27.36],[112.7385,27.36]],[[113.2231,27.36],[113.2231,27.24]],[[113.5865,27.36],[113.7077,27.36]],[[113.5865,27.24],[113.5865,27.36]],[[113.8288,27.36],[113.8288,27.24]],[[113.8288,27.24],[113.7077,27.24]],[[113.95,27.36],[114.0712,27.36]],[[114.0712,27.36],[114.0712,27.24]],[[113.95,27.24],[113.95,27.36]],[[114.3135,27.24],[114.1923,27.24]],[[114.1923,27.24],[114.1923,27.36]],[[114.7981,27.36],[114.9192,27.36]],[[115.2827,27.36],[115.4038,27.36]],[[115.4038,27.36],[115.525,27.36]],[[115.525,27.24],[115.4038,27.24]],[[115.6462,27.36],[115.6462,27.24]],[[115.8885,27.36],[115.8885,27.24]],[[115.7673,27.24],[115.7673,27.36]],[[116.2519,27.36],[116.2519,27.24]],[[116.1308,27.24],[116.1308,27.36]],[[116.3731,27.24],[116.3731,27.36]],[[116.7365,27.24],[116.6154,27.24]],[[117.1,27.36],[117.1,27.24]],[[117.1,27.24],[116.9788,27.24]],[[117.2212,27.24],[117.2212,27.36]],[[117.5846,27.36],[117.7058,27.36]],[[118.675,27.36],[118.675,27.24]],[[118.9173,27.24],[118.7962,27.24]],[[118.7962,27.24],[118.7962,27.36]],[[119.0385,27.36],[119.1596,27.36]],[[119.4019,27.24],[119.2808,27.24]],[[119.6442,27.36],[119.7654,27.36]],[[120.4923,27.24],[120.3712,27.24]],[[120.6135,27.36],[120.6135,27.24]],[[120.6135,27.24],[120.4923,27.24]],[[103.0462,27.12],[102.925,27.12]],[[102.925,27.12],[102.925,27.24]],[[104.6212,27.24],[104.7423,27.24]],[[104.7423,27.24],[104.7423,27.12]],[[104.9846,27.12],[104.9846,27.24]],[[106.4385,27.12],[106.3173,27.12]],[[106.5596,27.24],[106.6808,27.24]],[[106.8019,27.24],[106.8019,27.12]],[[106.9231,27.24],[107.0442,27.24]],[[106.9231,27.12],[106.9231,27.24]],[[107.0442,27.24],[107.1654,27.24]],[[108.0135,27.24],[108.1346,27.24]],[[108.1346,27.24],[108.2558,27.24]],[[108.8615,27.12],[108.7404,27.12]],[[108.8615,27.24],[108.9827,27.24]],[[108.9827,27.12],[108.8615,27.12]],[[109.5885,27.12],[109.4673,27.12]],[[109.7096,27.12],[109.5885,27.12]],[[109.7096,27.24],[109.8308,27.24]],[[109.8308,27.12],[109.7096,27.12]],[[109.8308,27.24],[109.9519,27.24]],[[109.9519,27.12],[109.8308,27.12]],[[110.0731,27.12],[109.9519,27.12]],[[110.1942,27.24],[110.1942,27.12]],[[110.1942,27.12],[110.0731,27.12]],[[110.4365,27.12],[110.3154,27.12]],[[110.3154,27.12],[110.3154,27.24]],[[110.4365,27.24],[110.5577,27.24]],[[110.6788,27.24],[110.8,27.24]],[[110.8,27.24],[110.8,27.12]],[[110.9212,27.12],[110.9212,27.24]],[[111.8904,27.24],[112.0115,27.24]],[[112.0115,27.24],[112.0115,27.12]],[[112.1327,27.12],[112.1327,27.24]],[[113.2231,27.24],[113.3442,27.24]],[[113.3442,27.24],[113.4654,27.24]],[[113.4654,27.24],[113.5865,27.24]],[[113.7077,27.24],[113.7077,27.12]],[[113.7077,27.12],[113.5865,27.12]],[[113.95,27.12],[113.95,27.24]],[[114.0712,27.24],[114.1923,27.24]],[[114.1923,27.24],[114.1923,27.12]],[[114.4346,27.12],[114.3135,27.12]],[[114.3135,27.12],[114.3135,27.24]],[[114.5558,27.12],[114.4346,27.12]],[[115.4038,27.24],[115.4038,27.12]],[[115.6462,27.24],[115.6462,27.12]],[[115.6462,27.12],[115.525,27.12]],[[115.525,27.12],[115.525,27.24]],[[115.8885,27.24],[115.8885,27.12]],[[115.8885,27.12],[115.7673,27.12]],[[115.7673,27.12],[115.7673,27.24]],[[116.2519,27.12],[116.1308,27.12]],[[116.1308,27.12],[116.1308,27.24]],[[116.2519,27.24],[116.3731,27.24]],[[116.6154,27.24],[116.6154,27.12]],[[116.7365,27.12],[116.7365,27.24]],[[116.9788,27.24],[116.9788,27.12]],[[116.9788,27.12],[116.8577,27.12]],[[117.1,27.24],[117.2212,27.24]],[[117.1,27.12],[117.1,27.24]],[[118.675,27.24],[118.7962,27.24]],[[118.7962,27.24],[118.7962,27.12]],[[118.9173,27.12],[118.9173,27.24]],[[119.1596,27.12],[119.0385,27.12]],[[119.2808,27.24],[119.2808,27.12]],[[119.4019,27.12],[119.4019,27.24]],[[120.3712,27.24],[120.3712,27.12]],[[103.0462,27.0],[103.0462,27.12]],[[104.7423,27.12],[104.8635,27.12]],[[104.8635,27.12],[104.8635,27.0]],[[104.9846,27.0],[104.9846,27.12]],[[106.3173,27.12],[106.3173,27.0]],[[106.3173,27.0],[106.1962,27.0]],[[106.4385,27.0],[106.4385,27.12]],[[106.8019,27.12],[106.9231,27.12]],[[107.5288,27.0],[107.4077,27.0]],[[108.7404,27.12],[108.7404,27.0]],[[108.9827,27.0],[108.9827,27.12]],[[109.4673,27.12],[109.4673,27.0]],[[110.4365,27.0],[110.4365,27.12]],[[110.8,27.12],[110.9212,27.12]],[[111.6481,27.0],[111.5269,27.0]],[[112.0115,27.12],[112.1327,27.12]],[[113.5865,27.12],[113.5865,27.0]],[[113.7077,27.12],[113.8288,27.12]],[[113.8288,27.12],[113.8288,27.0]],[[113.7077,27.0],[113.7077,27.12]],[[113.95,27.0],[113.95,27.12]],[[114.1923,27.12],[114.3135,27.12]],[[114.3135,27.12],[114.3135,27.0]],[[114.5558,27.0],[114.5558,27.12]],[[115.4038,27.12],[115.525,27.12]],[[115.525,27.12],[115.525,27.0]],[[115.6462,27.12],[115.7673,27.12]],[[115.7673,27.12],[115.7673,27.0]],[[115.6462,27.0],[115.6462,27.12]],[[116.0096,27.12],[116.1308,27.12]],[[116.1308,27.12],[116.1308,27.0]],[[116.0096,27.0],[116.0096,27.12]],[[116.2519,27.0],[116.2519,27.12]],[[116.6154,27.12],[116.6154,27.0]],[[116.8577,27.12],[116.8577,27.0]],[[116.7365,27.0],[116.7365,27.12]],[[117.1,27.0],[117.1,27.12]],[[117.4635,27.0],[117.3423,27.0]],[[118.7962,27.12],[118.9173,27.12]],[[119.0385,27.12],[119.0385,27.0]],[[119.1596,27.0],[119.1596,27.12]],[[119.2808,27.12],[119.4019,27.12]],[[120.3712,27.12],[120.3712,27.0]],[[120.3712,27.0],[120.25,27.0]],[[103.0462,26.88],[103.0462,27.0]],[[104.8635,27.0],[104.9846,27.0]],[[106.1962,27.0],[106.1962,26.88]],[[106.4385,26.88],[106.4385,27.0]],[[107.0442,26.88],[106.9231,26.88]],[[107.1654,26.88],[107.0442,26.88]],[[107.4077,27.0],[107.4077,26.88]],[[107.5288,26.88],[107.5288,27.0]],[[108.6192,26.88],[108.4981,26.88]],[[108.7404,27.0],[108.8615,27.0]],[[108.8615,27.0],[108.9827,27.0]],[[109.4673,27.0],[109.4673,26.88]],[[109.4673,26.88],[109.3462,26.88]],[[110.4365,26.88],[110.4365,27.0]],[[111.0423,26.88],[110.9212,26.88]],[[111.1635,26.88],[111.0423,26.88]],[[111.5269,27.0],[111.5269,26.88]],[[111.5269,26.88],[111.4058,26.88]],[[111.6481,26.88],[111.6481,27.0]],[[113.1019,26.88],[112.9808,26.88]],[[113.2231,26.88],[113.1019,26.88]],[[113.5865,27.0],[113.7077,27.0]],[[113.8288,27.0],[113.95,27.0]],[[114.3135,27.0],[114.4346,27.0]],[[114.4346,27.0],[114.5558,27.0]],[[115.2827,26.88],[115.1615,26.88]],[[115.525,27.0],[115.6462,27.0]],[[115.7673,27.0],[115.8885,27.0]],[[115.8885,26.88],[115.7673,26.88]],[[115.8885,27.0],[116.0096,27.0]],[[116.1308,27.0],[116.2519,27.0]],[[116.6154,27.0],[116.7365,27.0]],[[116.8577,27.0],[116.9788,27.0]],[[116.9788,27.0],[117.1,27.0]],[[117.3423,27.0],[117.3423,26.88]],[[117.3423,26.88],[117.2212,26.88]],[[117.4635,26.88],[117.4635,27.0]],[[118.7962,26.88],[118.675,26.88]],[[119.0385,27.0],[119.1596,27.0]],[[119.6442,26.88],[119.5231,26.88]],[[120.25,27.0],[120.25,26.88]],[[120.25,26.88],[120.1288,26.88]],[[103.0462,26.76],[103.0462,26.88]],[[106.1962,26.88],[106.1962,26.76]],[[106.1962,26.76],[106.075,26.76]],[[106.3173,26.88],[106.4385,26.88]],[[106.3173,26.76],[106.3173,26.88]],[[106.9231,26.88],[106.9231,26.76]],[[107.2865,26.76],[107.1654,26.76]],[[107.1654,26.76],[107.1654,26.88]],[[107.4077,26.88],[107.5288,26.88]],[[108.4981,26.88],[108.4981,26.76]],[[108.6192,26.76],[108.6192,26.88]],[[109.3462,26.88],[109.3462,26.76]],[[109.3462,26.76],[109.225,26.76]],[[110.4365,26.76],[110.4365,26.88]],[[110.9212,26.88],[110.9212,26.76]],[[110.9212,26.76],[110.8,26.76]],[[111.2846,26.76],[111.1635,26.76]],[[111.1635,26.76],[111.1635,26.88]],[[111.4058,26.88],[111.4058,26.76]],[[111.4058,26.76],[111.2846,26.76]],[[111.5269,26.88],[111.6481,26.88]],[[111.5269,26.76],[111.5269,26.88]],[[112.9808,26.88],[112.9808,26.76]],[[113.2231,26.76],[113.2231,26.88]],[[115.1615,26.88],[115.1615,26.76]],[[115.4038,26.76],[115.2827,26.76]],[[115.2827,26.76],[115.2827,26.88]],[[115.7673,26.88],[115.7673,26.76]],[[115.8885,26.76],[115.8885,26.88]],[[116.2519,26.76],[116.1308,26.76]],[[117.2212,26.88],[117.2212,26.76]],[[117.3423,26.88],[117.4635,26.88]],[[117.3423,26.76],[117.3423,26.88]],[[117.7058,26.76],[117.5846,26.76]],[[117.9481,26.76],[117.8269,26.76]],[[118.675,26.88],[118.675,26.76]],[[118.675,26.76],[118.5538,26.76]],[[118.7962,26.76],[118.7962,26.88]],[[119.5231,26.88],[119.5231,26.76]],[[119.7654,26.76],[119.6442,26.76]],[[119.6442,26.76],[119.6442,26.88]],[[119.8865,26.76],[119.7654,26.76]],[[120.0077,26.76],[119.8865,26.76]],[[120.1288,26.88],[120.1288,26.76]],[[120.1288,26.76],[120.0077,26.76]],[[103.0462,26.64],[103.0462,26.76]],[[104.2577,26.64],[104.1365,26.64]],[[104.3788,26.64],[104.2577,26.64]],[[104.5,26.64],[104.3788,26.64]],[[104.6212,26.64],[104.5,26.64]],[[106.075,26.76],[106.075,26.64]],[[106.1962,26.76],[106.3173,26.76]],[[106.1962,26.64],[106.1962,26.76]],[[106.9231,26.76],[107.0442,26.76]],[[107.0442,26.76],[107.1654,26.76]],[[107.1654,26.76],[107.1654,26.64]],[[107.1654,26.64],[107.0442,26.64]],[[107.2865,26.64],[107.2865,26.76]],[[108.4981,26.76],[108.6192,26.76]],[[108.8615,26.64],[108.7404,26.64]],[[109.225,26.76],[109.225,26.64]],[[110.4365,26.64],[110.4365,26.76]],[[110.8,26.76],[110.8,26.64]],[[110.8,26.64],[110.6788,26.64]],[[111.4058,26.76],[111.5269,26.76]],[[111.4058,26.64],[111.4058,26.76]],[[112.7385,26.64],[112.6173,26.64]],[[112.9808,26.76],[113.1019,26.76]],[[113.1019,26.76],[113.1019,26.64]],[[113.3442,26.64],[113.2231,26.64]],[[113.2231,26.64],[113.2231,26.76]],[[113.5865,26.64],[113.4654,26.64]],[[114.5558,26.64],[114.4346,26.64]],[[115.1615,26.76],[115.2827,26.76]],[[115.2827,26.76],[115.2827,26.64]],[[115.4038,26.64],[115.4038,26.76]],[[115.7673,26.76],[115.8885,26.76]],[[116.1308,26.76],[116.1308,26.64]],[[116.2519,26.64],[116.2519,26.76]],[[116.6154,26.64],[116.4942,26.64]],[[116.8577,26.64],[116.7365,26.64]],[[116.9788,26.64],[116.8577,26.64]],[[117.1,26.64],[116.9788,26.64]],[[117.2212,26.76],[117.3423,26.76]],[[117.5846,26.76],[117.5846,26.64]],[[117.8269,26.76],[117.8269,26.64]],[[117.7058,26.64],[117.7058,26.76]],[[118.0692,26.64],[117.9481,26.64]],[[117.9481,26.64],[117.9481,26.76]],[[118.5538,26.76],[118.5538,26.64]],[[118.675,26.76],[118.7962,26.76]],[[118.675,26.64],[118.675,26.76]],[[119.5231,26.76],[119.5231,26.64]],[[103.0462,26.52],[103.0462,26.64]],[[103.8942,26.52],[103.7731,26.52]],[[104.0154,26.52],[103.8942,26.52]],[[104.1365,26.64],[104.1365,26.52]],[[104.1365,26.52],[104.0154,26.52]],[[104.6212,26.52],[104.6212,26.64]],[[105.3481,26.52],[105.2269,26.52]],[[106.075,26.52],[105.9538,26.52]],[[106.075,26.64],[106.1962,26.64]],[[106.3173,26.52],[106.1962,26.52]],[[107.0442,26.64],[107.0442,26.52]],[[107.1654,26.64],[107.2865,26.64]],[[107.1654,26.52],[107.1654,26.64]],[[108.7404,26.64],[108.7404,26.52]],[[108.8615,26.52],[108.8615,26.64]],[[109.225,26.64],[109.3462,26.64]],[[109.3462,26.64],[109.3462,26.52]],[[110.3154,26.64],[110.4365,26.64]],[[110.3154,26.52],[110.3154,26.64]],[[110.6788,26.64],[110.6788,26.52]],[[111.2846,26.64],[111.4058,26.64]],[[111.2846,26.52],[111.2846,26.64]],[[112.6173,26.64],[112.6173,26.52]],[[112.7385,26.52],[112.7385,26.64]],[[113.1019,26.64],[113.1019,26.52]],[[113.4654,26.64],[113.4654,26.52]],[[113.4654,26.52],[113.3442,26.52]],[[113.3442,26.52],[113.3442,26.64]],[[113.5865,26.52],[113.5865,26.64]],[[114.1923,26.52],[114.0712,26.52]],[[114.4346,26.64],[114.4346,26.52]],[[114.5558,26.52],[114.5558,26.64]],[[115.0404,26.52],[114.9192,26.52]],[[115.2827,26.64],[115.4038,26.64]],[[116.1308,26.64],[116.2519,26.64]],[[116.4942,26.64],[116.4942,26.52]],[[116.7365,26.64],[116.7365,26.52]],[[116.6154,26.52],[116.6154,26.64]],[[117.1,26.52],[117.1,26.64]],[[117.5846,26.64],[117.7058,26.64]],[[117.8269,26.64],[117.8269,26.52]],[[118.1904,26.52],[118.0692,26.52]],[[118.0692,26.52],[118.0692,26.64]],[[118.3115,26.52],[118.1904,26.52]],[[118.5538,26.64],[118.5538,26.52]],[[118.675,26.52],[118.675,26.64]],[[119.2808,26.52],[119.1596,26.52]],[[119.4019,26.52],[119.2808,26.52]],[[119.5231,26.64],[119.5231,26.52]],[[119.5231,26.52],[119.4019,26.52]],[[102.925,26.52],[103.0462,26.52]],[[102.925,26.4],[102.925,26.52]],[[103.7731,26.52],[103.7731,26.4]],[[103.7731,26.4],[103.6519,26.4]],[[104.6212,26.4],[104.6212,26.52]],[[105.2269,26.52],[105.2269,26.4]],[[105.4692,26.4],[105.3481,26.4]],[[105.3481,26.4],[105.3481,26.52]],[[105.5904,26.4],[105.4692,26.4]],[[105.7115,26.4],[105.5904,26.4]],[[105.8327,26.4],[105.7115,26.4]],[[105.9538,26.52],[105.9538,26.4]],[[105.9538,26.4],[105.8327,26.4]],[[106.1962,26.52],[106.1962,26.4]],[[106.1962,26.4],[106.075,26.4]],[[106.075,26.4],[106.075,26.52]],[[106.3173,26.4],[106.3173,26.52]],[[107.0442,26.52],[107.0442,26.4]],[[107.0442,26.4],[106.9231,26.4]],[[107.1654,26.4],[107.1654,26.52]],[[107.7712,26.4],[107.65,26.4]],[[108.7404,26.52],[108.8615,26.52]],[[109.3462,26.52],[109.3462,26.4]],[[110.1942,26.52],[110.3154,26.52]],[[110.1942,26.4],[110.1942,26.52]],[[110.6788,26.52],[110.6788,26.4]],[[110.6788,26.4],[110.5577,26.4]],[[111.1635,26.52],[111.2846,26.52]],[[111.1635,26.4],[111.1635,26.52]],[[112.6173,26.52],[112.7385,26.52]],[[113.1019,26.52],[113.1019,26.4]],[[113.4654,26.52],[113.5865,26.52]],[[113.5865,26.4],[113.4654,26.4]],[[113.4654,26.4],[113.4654,26.52]],[[114.0712,26.52],[114.0712,26.4]],[[114.1923,26.4],[114.1923,26.52]],[[114.4346,26.52],[114.5558,26.52]],[[114.9192,26.52],[114.9192,26.4]],[[115.1615,26.4],[115.0404,26.4]],[[115.0404,26.4],[115.0404,26.52]],[[115.7673,26.4],[115.6462,26.4]],[[116.4942,26.52],[116.6154,26.52]],[[116.7365,26.52],[116.8577,26.52]],[[116.8577,26.52],[116.9788,26.52]],[[116.9788,26.52],[117.1,26.52]],[[117.8269,26.52],[117.9481,26.52]],[[117.9481,26.52],[117.9481,26.4]],[[118.3115,26.4],[118.3115,26.52]],[[118.5538,26.52],[118.675,26.52]],[[119.1596,26.52],[119.1596,26.4]],[[102.8038,26.4],[102.925,26.4]],[[102.8038,26.28],[102.8038,26.4]],[[103.6519,26.4],[103.6519,26.28]],[[104.6212,26.28],[104.6212,26.4]],[[105.2269,26.4],[105.2269,26.28]],[[105.2269,26.28],[105.1058,26.28]],[[106.1962,26.4],[106.3173,26.4]],[[106.1962,26.28],[106.1962,26.4]],[[106.4385,26.28],[106.3173,26.28]],[[106.5596,26.28],[106.4385,26.28]],[[106.6808,26.28],[106.5596,26.28]],[[106.9231,26.4],[106.9231,26.28]],[[107.1654,26.28],[107.1654,26.4]],[[107.65,26.4],[107.65,26.28]],[[107.7712,26.28],[107.7712,26.4]],[[109.3462,26.4],[109.4673,26.4]],[[109.4673,26.4],[109.4673,26.28]],[[110.0731,26.4],[110.1942,26.4]],[[110.0731,26.28],[110.0731,26.4]],[[110.5577,26.4],[110.5577,26.28]],[[110.5577,26.28],[110.4365,26.28]],[[111.0423,26.4],[111.1635,26.4]],[[111.0423,26.28],[111.0423,26.4]],[[113.1019,26.4],[113.2231,26.4]],[[113.2231,26.4],[113.3442,26.4]],[[113.3442,26.4],[113.4654,26.4]],[[113.4654,26.4],[113.4654,26.28]],[[113.7077,26.28],[113.5865,26.28]],[[113.5865,26.28],[113.5865,26.4]],[[114.0712,26.28],[113.95,26.28]],[[114.0712,26.4],[114.1923,26.4]],[[114.6769,26.28],[114.5558,26.28]],[[114.9192,26.4],[115.0404,26.4]],[[115.0404,26.4],[115.0404,26.28]],[[115.1615,26.28],[115.1615,26.4]],[[115.6462,26.4],[115.6462,26.28]],[[115.6462,26.28],[115.525,26.28]],[[115.8885,26.28],[115.7673,26.28]],[[115.7673,26.28],[115.7673,26.4]],[[116.8577,26.28],[116.7365,26.28]],[[117.9481,26.4],[118.0692,26.4]],[[118.0692,26.4],[118.1904,26.4]],[[118.1904,26.4],[118.3115,26.4]],[[119.1596,26.4],[119.2808,26.4]],[[119.2808,26.4],[119.2808,26.28]],[[119.4019,26.4],[119.5231,26.4]],[[119.4019,26.28],[119.4019,26.4]],[[119.5231,26.4],[119.6442,26.4]],[[119.6442,26.4],[119.7654,26.4]],[[119.7654,26.28],[119.6442,26.28]],[[119.7654,26.4],[119.8865,26.4]],[[119.8865,26.4],[119.8865,26.28]],[[119.8865,26.28],[119.7654,26.28]],[[102.8038,26.16],[102.8038,26.28]],[[103.6519,26.28],[103.6519,26.16]],[[104.7423,26.16],[104.6212,26.16]],[[104.6212,26.16],[104.6212,26.28]],[[105.1058,26.28],[105.1058,26.16]],[[105.1058,26.16],[104.9846,26.16]],[[106.3173,26.28],[106.3173,26.16]],[[106.1962,26.16],[106.1962,26.28]],[[106.6808,26.16],[106.6808,26.28]],[[106.9231,26.28],[106.9231,26.16]],[[107.1654,26.16],[107.1654,26.28]],[[107.65,26.28],[107.7712,26.28]],[[109.4673,26.28],[109.4673,26.16]],[[109.9519,26.28],[110.0731,26.28]],[[109.9519,26.16],[109.9519,26.28]],[[110.4365,26.28],[110.4365,26.16]],[[110.4365,26.16],[110.3154,26.16]],[[110.5577,26.28],[110.6788,26.28]],[[110.5577,26.16],[110.5577,26.28]],[[110.6788,26.28],[110.8,26.28]],[[110.8,26.28],[110.9212,26.28]],[[110.9212,26.28],[111.0423,26.28]],[[112.0115,26.16],[111.8904,26.16]],[[112.1327,26.16],[112.0115,26.16]],[[112.2538,26.16],[112.1327,26.16]],[[112.375,26.16],[112.2538,26.16]],[[112.7385,26.16],[112.6173,26.16]],[[113.3442,26.16],[113.2231,26.16]],[[113.4654,26.28],[113.5865,26.28]],[[113.5865,26.28],[113.5865,26.16]],[[113.7077,26.16],[113.7077,26.28]],[[113.95,26.28],[113.95,26.16]],[[114.0712,26.16],[114.0712,26.28]],[[114.5558,26.28],[114.5558,26.16]],[[114.7981,26.16],[114.6769,26.16]],[[114.6769,26.16],[114.6769,26.28]],[[115.0404,26.28],[115.1615,26.28]],[[115.525,26.28],[115.525,26.16]],[[115.525,26.16],[115.4038,26.16]],[[115.8885,26.16],[115.8885,26.28]],[[116.7365,26.28],[116.7365,26.16]],[[116.8577,26.16],[116.8577,26.28]],[[117.1,26.16],[116.9788,26.16]],[[117.2212,26.16],[117.1,26.16]],[[119.0385,26.16],[118.9173,26.16]],[[119.1596,26.16],[119.0385,26.16]],[[119.2808,26.16],[119.1596,26.16]],[[119.2808,26.28],[119.4019,26.28]],[[119.4019,26.16],[119.2808,26.16]],[[119.6442,26.28],[119.6442,26.16]],[[102.925,26.04],[102.8038,26.04]],[[102.8038,26.04],[102.8038,26.16]],[[103.0462,26.04],[102.925,26.04]],[[103.6519,26.16],[103.6519,26.04]],[[103.6519,26.04],[103.5308,26.04]],[[104.8635,26.04],[104.7423,26.04]],[[104.7423,26.04],[104.7423,26.16]],[[104.9846,26.16],[104.9846,26.04]],[[104.9846,26.04],[104.8635,26.04]],[[106.1962,26.04],[106.1962,26.16]],[[106.3173,26.16],[106.4385,26.16]],[[106.4385,26.16],[106.5596,26.16]],[[106.5596,26.16],[106.6808,26.16]],[[106.9231,26.16],[106.9231,26.04]],[[107.2865,26.04],[107.1654,26.04]],[[107.1654,26.04],[107.1654,26.16]],[[109.4673,26.16],[109.4673,26.04]],[[109.9519,26.04],[109.9519,26.16]],[[110.3154,26.16],[110.3154,26.04]],[[110.4365,26.16],[110.5577,26.16]],[[110.4365,26.04],[110.4365,26.16]],[[111.8904,26.16],[111.8904,26.04]],[[112.375,26.04],[112.375,26.16]],[[112.6173,26.16],[112.6173,26.04]],[[112.7385,26.04],[112.7385,26.16]],[[113.2231,26.16],[113.2231,26.04]],[[113.3442,26.04],[113.3442,26.16]],[[113.5865,26.16],[113.5865,26.04]],[[113.7077,26.04],[113.7077,26.16]],[[113.95,26.16],[114.0712,26.16]],[[114.1923,26.04],[114.0712,26.04]],[[114.5558,26.16],[114.6769,26.16]],[[114.6769,26.16],[114.6769,26.04]],[[114.7981,26.04],[114.7981,26.16]],[[115.4038,26.16],[115.4038,26.04]],[[115.525,26.16],[115.6462,26.16]],[[115.525,26.04],[115.525,26.16]],[[115.6462,26.16],[115.7673,26.16]],[[115.7673,26.04],[115.6462,26.04]],[[115.7673,26.16],[115.8885,26.16]],[[116.7365,26.16],[116.8577,26.16]],[[116.9788,26.16],[116.9788,26.04]],[[117.2212,26.04],[117.2212,26.16]],[[118.675,26.04],[118.5538,26.04]],[[118.9173,26.16],[118.9173,26.04]],[[119.4019,26.04],[119.4019,26.16]],[[119.6442,26.16],[119.6442,26.04]],[[103.1673,25.92],[103.0462,25.92]],[[103.0462,25.92],[103.0462,26.04]],[[103.2885,25.92],[103.1673,25.92]],[[103.4096,25.92],[103.2885,25.92]],[[103.5308,26.04],[103.5308,25.92]],[[105.9538,26.04],[106.075,26.04]],[[105.9538,25.92],[105.9538,26.04]],[[106.075,26.04],[106.1962,26.04]],[[106.9231,26.04],[107.0442,26.04]],[[107.0442,26.04],[107.1654,26.04]],[[107.1654,26.04],[107.1654,25.92]],[[107.2865,25.92],[107.2865,26.04]],[[109.1038,25.92],[108.9827,25.92]],[[109.4673,26.04],[109.4673,25.92]],[[109.4673,25.92],[109.3462,25.92]],[[109.8308,26.04],[109.9519,26.04]],[[109.8308,25.92],[109.8308,26.04]],[[110.3154,26.04],[110.4365,26.04]],[[111.8904,26.04],[112.0115,26.04]],[[112.0115,26.04],[112.1327,26.04]],[[112.1327,26.04],[112.2538,26.04]],[[112.2538,26.04],[112.2538,25.92]],[[112.375,25.92],[112.375,26.04]],[[112.6173,26.04],[112.7385,26.04]],[[113.2231,26.04],[113.3442,26.04]],[[113.5865,26.04],[113.5865,25.92]],[[113.7077,25.92],[113.7077,26.04]],[[114.0712,26.04],[114.0712,25.92]],[[114.1923,25.92],[114.1923,26.04]],[[114.6769,26.04],[114.7981,26.04]],[[115.4038,26.04],[115.525,26.04]],[[115.6462,26.04],[115.6462,25.92]],[[115.7673,25.92],[115.7673,26.04]],[[116.9788,26.04],[116.9788,25.92]],[[117.1,26.04],[117.2212,26.04]],[[117.1,25.92],[117.1,26.04]],[[117.5846,25.92],[117.4635,25.92]],[[118.5538,26.04],[118.5538,25.92]],[[118.675,25.92],[118.675,26.04]],[[118.9173,26.04],[119.0385,26.04]],[[119.0385,26.04],[119.1596,26.04]],[[119.1596,26.04],[119.2808,26.04]],[[119.2808,26.04],[119.2808,25.92]],[[119.2808,25.92],[119.1596,25.92]],[[119.5231,25.92],[119.4019,25.92]],[[119.4019,25.92],[119.4019,26.04]],[[119.6442,26.04],[119.6442,25.92]],[[103.5308,25.92],[103.5308,25.8]],[[103.5308,25.8],[103.4096,25.8]],[[103.4096,25.8],[103.4096,25.92]],[[105.9538,25.8],[105.9538,25.92]],[[106.8019,25.8],[106.6808,25.8]],[[107.1654,25.92],[107.2865,25.92]],[[108.9827,25.92],[108.9827,25.8]],[[109.1038,25.8],[109.1038,25.92]],[[109.3462,25.92],[109.3462,25.8]],[[109.4673,25.92],[109.5885,25.92]],[[109.4673,25.8],[109.4673,25.92]],[[109.5885,25.92],[109.7096,25.92]],[[109.7096,25.92],[109.8308,25.92]],[[111.4058,25.8],[111.2846,25.8]],[[112.2538,25.92],[112.375,25.92]],[[113.5865,25.92],[113.7077,25.92]],[[114.0712,25.92],[114.1923,25.92]],[[114.5558,25.8],[114.4346,25.8]],[[114.9192,25.8],[114.7981,25.8]],[[115.6462,25.92],[115.6462,25.8]],[[115.6462,25.8],[115.525,25.8]],[[115.7673,25.8],[115.7673,25.92]],[[116.9788,25.92],[117.1,25.92]],[[117.4635,25.92],[117.4635,25.8]],[[117.5846,25.8],[117.5846,25.92]],[[118.5538,25.8],[118.4327,25.8]],[[118.5538,25.92],[118.675,25.92]],[[118.9173,25.8],[118.7962,25.8]],[[119.0385,25.8],[118.9173,25.8]],[[119.1596,25.92],[119.1596,25.8]],[[119.2808,25.92],[119.4019,25.92]],[[119.4019,25.92],[119.4019,25.8]],[[119.2808,25.8],[119.2808,25.92]],[[119.6442,25.92],[119.6442,25.8]],[[119.5231,25.8],[119.5231,25.92]],[[105.3481,25.8],[105.4692,25.8]],[[105.4692,25.8],[105.4692,25.68]],[[105.3481,25.68],[105.3481,25.8]],[[105.9538,25.68],[105.9538,25.8]],[[106.4385,25.68],[106.3173,25.68]],[[106.5596,25.68],[106.4385,25.68]],[[106.6808,25.8],[106.6808,25.68]],[[106.8019,25.68],[106.8019,25.8]],[[108.2558,25.68],[108.1346,25.68]],[[108.9827,25.8],[109.1038,25.8]],[[109.3462,25.8],[109.4673,25.8]],[[109.9519,25.68],[109.8308,25.68]],[[110.0731,25.68],[109.9519,25.68]],[[111.1635,25.68],[111.0423,25.68]],[[111.2846,25.8],[111.2846,25.68]],[[111.4058,25.68],[111.4058,25.8]],[[111.7692,25.68],[111.6481,25.68]],[[112.2538,25.68],[112.1327,25.68]],[[113.4654,25.68],[113.3442,25.68]],[[114.4346,25.8],[114.4346,25.68]],[[114.5558,25.68],[114.5558,25.8]],[[114.7981,25.8],[114.7981,25.68]],[[114.9192,25.68],[114.9192,25.8]],[[115.525,25.8],[115.525,25.68]],[[115.6462,25.8],[115.7673,25.8]],[[115.6462,25.68],[115.6462,25.8]],[[116.0096,25.68],[115.8885,25.68]],[[117.4635,25.8],[117.5846,25.8]],[[118.4327,25.8],[118.4327,25.68]],[[118.5538,25.68],[118.5538,25.8]],[[118.7962,25.8],[118.7962,25.68]],[[119.0385,25.68],[119.0385,25.8]],[[119.1596,25.8],[119.2808,25.8]],[[119.2808,25.68],[119.1596,25.68]],[[119.4019,25.8],[119.5231,25.8]],[[119.6442,25.8],[119.6442,25.68]],[[119.6442,25.68],[119.5231,25.68]],[[105.2269,25.68],[105.3481,25.68]],[[105.2269,25.56],[105.2269,25.68]],[[105.4692,25.68],[105.5904,25.68]],[[105.5904,25.68],[105.7115,25.68]],[[105.7115,25.68],[105.7115,25.56]],[[105.9538,25.56],[105.9538,25.68]],[[106.3173,25.68],[106.3173,25.56]],[[106.5596,25.56],[106.5596,25.68]],[[106.6808,25.68],[106.8019,25.68]],[[107.7712,25.56],[107.65,25.56]],[[108.1346,25.68],[108.1346,25.56]],[[108.2558,25.56],[108.2558,25.68]],[[109.8308,25.68],[109.8308,25.56]],[[109.8308,25.56],[109.7096,25.56]],[[110.0731,25.56],[110.0731,25.68]],[[110.9212,25.56],[110.8,25.56]],[[111.0423,25.68],[111.0423,25.56]],[[111.0423,25.56],[110.9212,25.56]],[[111.2846,25.68],[111.2846,25.56]],[[111.1635,25.56],[111.1635,25.68]],[[111.4058,25.56],[111.4058,25.68]],[[111.6481,25.68],[111.6481,25.56]],[[111.7692,25.56],[111.7692,25.68]],[[112.1327,25.68],[112.1327,25.56]],[[112.2538,25.56],[112.2538,25.68]],[[112.8596,25.56],[112.7385,25.56]],[[113.2231,25.56],[113.1019,25.56]],[[113.3442,25.68],[113.3442,25.56]],[[113.4654,25.56],[113.4654,25.68]],[[113.95,25.56],[113.8288,25.56]],[[114.4346,25.68],[114.4346,25.56]],[[114.6769,25.56],[114.5558,25.56]],[[114.5558,25.56],[114.5558,25.68]],[[114.7981,25.68],[114.7981,25.56]],[[114.7981,25.56],[114.6769,25.56]],[[115.0404,25.56],[114.9192,25.56]],[[114.9192,25.56],[114.9192,25.68]],[[115.1615,25.56],[115.0404,25.56]],[[115.2827,25.56],[115.1615,25.56]],[[115.525,25.56],[115.4038,25.56]],[[115.525,25.68],[115.6462,25.68]],[[115.8885,25.68],[115.8885,25.56]],[[116.0096,25.56],[116.0096,25.68]],[[117.8269,25.56],[117.7058,25.56]],[[118.1904,25.56],[118.0692,25.56]],[[118.4327,25.68],[118.4327,25.56]],[[118.5538,25.56],[118.5538,25.68]],[[118.7962,25.68],[118.9173,25.68]],[[118.9173,25.68],[119.0385,25.68]],[[119.1596,25.68],[119.1596,25.56]],[[119.4019,25.56],[119.2808,25.56]],[[119.2808,25.56],[119.2808,25.68]],[[119.5231,25.68],[119.5231,25.56]],[[105.1058,25.56],[105.2269,25.56]],[[105.1058,25.44],[105.1058,25.56]],[[105.7115,25.56],[105.7115,25.44]],[[105.9538,25.44],[105.9538,25.56]],[[106.3173,25.56],[106.4385,25.56]],[[106.4385,25.44],[106.3173,25.44]],[[106.4385,25.56],[106.5596,25.56]],[[107.65,25.56],[107.65,25.44]],[[107.7712,25.44],[107.7712,25.56]],[[108.1346,25.56],[108.2558,25.56]],[[109.7096,25.56],[109.7096,25.44]],[[109.8308,25.56],[109.9519,25.56]],[[109.8308,25.44],[109.8308,25.56]],[[109.9519,25.56],[110.0731,25.56]],[[110.8,25.56],[110.8,25.44]],[[111.0423,25.56],[111.1635,25.56]],[[111.0423,25.44],[111.0423,25.56]],[[111.2846,25.56],[111.4058,25.56]],[[111.6481,25.56],[111.7692,25.56]],[[111.8904,25.44],[111.7692,25.44]],[[112.1327,25.56],[112.2538,25.56]],[[112.7385,25.56],[112.7385,25.44]],[[112.8596,25.44],[112.8596,25.56]],[[113.1019,25.56],[113.1019,25.44]],[[113.2231,25.44],[113.2231,25.56]],[[113.3442,25.56],[113.4654,25.56]],[[113.5865,25.44],[113.4654,25.44]],[[113.8288,25.56],[113.8288,25.44]],[[114.0712,25.44],[113.95,25.44]],[[113.95,25.44],[113.95,25.56]],[[114.4346,25.56],[114.5558,25.56]],[[114.5558,25.56],[114.5558,25.44]],[[115.4038,25.56],[115.4038,25.44]],[[115.2827,25.44],[115.2827,25.56]],[[115.525,25.44],[115.525,25.56]],[[115.8885,25.56],[115.8885,25.44]],[[116.0096,25.44],[116.0096,25.56]],[[116.9788,25.44],[116.8577,25.44]],[[117.7058,25.56],[117.7058,25.44]],[[117.9481,25.44],[117.8269,25.44]],[[117.8269,25.44],[117.8269,25.56]],[[118.0692,25.56],[118.0692,25.44]],[[118.1904,25.44],[118.1904,25.56]],[[118.4327,25.44],[118.3115,25.44]],[[118.4327,25.56],[118.5538,25.56]],[[118.5538,25.44],[118.4327,25.44]],[[118.9173,25.44],[118.7962,25.44]],[[119.1596,25.56],[119.1596,25.44]],[[119.5231,25.44],[119.4019,25.44]],[[119.4019,25.44],[119.4019,25.56]],[[119.5231,25.56],[119.6442,25.56]],[[119.6442,25.56],[119.6442,25.44]],[[119.6442,25.44],[119.5231,25.44]],[[104.9846,25.44],[105.1058,25.44]],[[104.9846,25.32],[104.9846,25.44]],[[105.7115,25.44],[105.8327,25.44]],[[105.8327,25.44],[105.8327,25.32]],[[105.9538,25.32],[105.9538,25.44]],[[106.3173,25.44],[106.3173,25.32]],[[106.4385,25.32],[106.4385,25.44]],[[107.65,25.32],[107.5288,25.32]],[[107.65,25.44],[107.7712,25.44]],[[109.7096,25.44],[109.7096,25.32]],[[109.8308,25.32],[109.8308,25.44]],[[110.8,25.32],[110.6788,25.32]],[[110.8,25.44],[110.9212,25.44]],[[110.9212,25.44],[111.0423,25.44]],[[111.0423,25.32],[110.9212,25.32]],[[111.1635,25.32],[111.0423,25.32]],[[111.7692,25.44],[111.7692,25.32]],[[111.8904,25.32],[111.8904,25.44]],[[112.7385,25.44],[112.8596,25.44]],[[113.1019,25.44],[113.2231,25.44]],[[113.4654,25.44],[113.4654,25.32]],[[113.7077,25.32],[113.5865,25.32]],[[113.5865,25.32],[113.5865,25.44]],[[113.8288,25.44],[113.8288,25.32]],[[114.1923,25.32],[114.0712,25.32]],[[114.0712,25.32],[114.0712,25.44]],[[114.5558,25.44],[114.6769,25.44]],[[114.6769,25.44],[114.7981,25.44]],[[114.7981,25.44],[114.9192,25.44]],[[114.9192,25.44],[115.0404,25.44]],[[115.0404,25.44],[115.1615,25.44]],[[115.1615,25.44],[115.2827,25.44]],[[115.4038,25.44],[115.525,25.44]],[[115.8885,25.44],[116.0096,25.44]],[[116.0096,25.32],[115.8885,25.32]],[[116.3731,25.32],[116.2519,25.32]],[[116.8577,25.44],[116.8577,25.32]],[[116.9788,25.32],[116.9788,25.44]],[[117.7058,25.44],[117.7058,25.32]],[[117.7058,25.32],[117.5846,25.32]],[[117.9481,25.32],[117.9481,25.44]],[[118.0692,25.44],[118.1904,25.44]],[[118.1904,25.32],[118.0692,25.32]],[[118.3115,25.44],[118.3115,25.32]],[[118.675,25.32],[118.5538,25.32]],[[118.5538,25.32],[118.5538,25.44]],[[118.7962,25.44],[118.7962,25.32]],[[119.0385,25.32],[118.9173,25.32]],[[118.9173,25.32],[118.9173,25.44]],[[119.1596,25.44],[119.1596,25.32]],[[104.7423,25.32],[104.8635,25.32]],[[104.7423,25.2],[104.7423,25.32]],[[104.8635,25.32],[104.9846,25.32]],[[105.8327,25.32],[105.8327,25.2]],[[105.9538,25.2],[105.9538,25.32]],[[106.3173,25.32],[106.4385,25.32]],[[107.5288,25.32],[107.5288,25.2]],[[107.65,25.2],[107.65,25.32]],[[109.7096,25.32],[109.7096,25.2]],[[109.8308,25.2],[109.8308,25.32]],[[110.6788,25.32],[110.6788,25.2]],[[110.9212,25.32],[110.9212,25.2]],[[110.8,25.2],[110.8,25.32]],[[111.1635,25.2],[111.1635,25.32]],[[111.7692,25.32],[111.8904,25.32]],[[112.375,25.2],[112.2538,25.2]],[[112.4962,25.2],[112.375,25.2]],[[112.9808,25.2],[112.8596,25.2]],[[113.4654,25.32],[113.5865,25.32]],[[113.5865,25.32],[113.5865,25.2]],[[113.5865,25.2],[113.4654,25.2]],[[113.7077,25.2],[113.7077,25.32]],[[113.8288,25.32],[113.95,25.32]],[[113.95,25.32],[113.95,25.2]],[[114.1923,25.2],[114.1923,25.32]],[[114.6769,25.2],[114.5558,25.2]],[[114.7981,25.2],[114.6769,25.2]],[[115.7673,25.2],[115.6462,25.2]],[[115.8885,25.32],[115.8885,25.2]],[[115.8885,25.2],[115.7673,25.2]],[[116.0096,25.2],[116.0096,25.32]],[[116.2519,25.32],[116.2519,25.2]],[[116.3731,25.2],[116.3731,25.32]],[[116.8577,25.32],[116.9788,25.32]],[[117.5846,25.32],[117.5846,25.2]],[[117.7058,25.32],[117.8269,25.32]],[[117.7058,25.2],[117.7058,25.32]],[[117.8269,25.32],[117.9481,25.32]],[[118.0692,25.32],[118.0692,25.2]],[[118.1904,25.2],[118.1904,25.32]],[[118.3115,25.32],[118.4327,25.32]],[[118.4327,25.32],[118.5538,25.32]],[[118.5538,25.32],[118.5538,25.2]],[[118.7962,25.32],[118.7962,25.2]],[[118.7962,25.2],[118.675,25.2]],[[118.675,25.2],[118.675,25.32]],[[119.0385,25.2],[119.0385,25.32]],[[119.1596,25.32],[119.2808,25.32]],[[119.2808,25.2],[119.1596,25.2]],[[119.2808,25.32],[119.4019,25.32]],[[119.4019,25.32],[119.4019,25.2]],[[119.4019,25.2],[119.2808,25.2]],[[121.4615,25.32],[121.5827,25.32]],[[121.5827,25.32],[121.5827,25.2]],[[121.4615,25.2],[121.4615,25.32]],[[104.7423,25.08],[104.7423,25.2]],[[105.8327,25.2],[105.9538,25.2]],[[107.5288,25.2],[107.65,25.2]],[[109.7096,25.08],[109.5885,25.08]],[[109.7096,25.2],[109.8308,25.2]],[[110.0731,25.08],[109.9519,25.08]],[[110.5577,25.08],[110.4365,25.08]],[[110.6788,25.08],[110.5577,25.08]],[[110.6788,25.2],[110.8,25.2]],[[110.9212,25.2],[111.0423,25.2]],[[111.0423,25.2],[111.0423,25.08]],[[111.0423,25.08],[110.9212,25.08]],[[111.1635,25.08],[111.1635,25.2]],[[112.1327,25.08],[112.0115,25.08]],[[112.2538,25.2],[112.2538,25.08]],[[112.4962,25.08],[112.4962,25.2]],[[112.7385,25.08],[112.6173,25.08]],[[112.8596,25.2],[112.8596,25.08]],[[112.8596,25.08],[112.7385,25.08]],[[112.9808,25.08],[112.9808,25.2]],[[113.4654,25.2],[113.4654,25.08]],[[113.5865,25.2],[113.7077,25.2]],[[113.5865,25.08],[113.5865,25.2]],[[113.95,25.2],[114.0712,25.2]],[[114.0712,25.08],[113.95,25.08]],[[114.0712,25.2],[114.1923,25.2]],[[114.5558,25.2],[114.5558,25.08]],[[114.7981,25.08],[114.7981,25.2]],[[115.6462,25.2],[115.6462,25.08]],[[115.8885,25.2],[116.0096,25.2]],[[115.8885,25.08],[115.8885,25.2]],[[116.2519,25.2],[116.3731,25.2]],[[117.5846,25.2],[117.7058,25.2]],[[118.0692,25.2],[118.1904,25.2]],[[118.5538,25.2],[118.5538,25.08]],[[118.9173,25.2],[119.0385,25.2]],[[118.9173,25.08],[118.9173,25.2]],[[119.1596,25.2],[119.1596,25.08]],[[119.1596,25.08],[119.0385,25.08]],[[121.3404,25.2],[121.4615,25.2]],[[121.3404,25.08],[121.3404,25.2]],[[121.5827,25.2],[121.7038,25.2]],[[121.7038,25.2],[121.825,25.2]],[[121.825,25.2],[121.825,25.08]],[[104.7423,24.96],[104.7423,25.08]],[[105.2269,24.96],[105.1058,24.96]],[[105.3481,24.96],[105.2269,24.96]],[[105.4692,24.96],[105.3481,24.96]],[[107.8923,24.96],[107.7712,24.96]],[[108.6192,24.96],[108.4981,24.96]],[[109.5885,25.08],[109.5885,24.96]],[[109.8308,24.96],[109.7096,24.96]],[[109.7096,24.96],[109.7096,25.08]],[[109.9519,25.08],[109.9519,24.96]],[[110.0731,24.96],[110.0731,25.08]],[[110.4365,25.08],[110.4365,24.96]],[[110.8,24.96],[110.6788,24.96]],[[110.6788,24.96],[110.6788,25.08]],[[110.9212,25.08],[110.9212,24.96]],[[111.0423,25.08],[111.1635,25.08]],[[111.1635,24.96],[111.0423,24.96]],[[111.0423,24.96],[111.0423,25.08]],[[111.5269,24.96],[111.4058,24.96]],[[112.0115,25.08],[112.0115,24.96]],[[112.1327,24.96],[112.1327,25.08]],[[112.2538,25.08],[112.375,25.08]],[[112.375,25.08],[112.4962,25.08]],[[112.6173,25.08],[112.6173,24.96]],[[112.8596,25.08],[112.9808,25.08]],[[112.9808,24.96],[112.8596,24.96]],[[112.8596,24.96],[112.8596,25.08]],[[113.4654,25.08],[113.5865,25.08]],[[113.95,25.08],[113.95,24.96]],[[114.0712,24.96],[114.0712,25.08]],[[114.4346,24.96],[114.3135,24.96]],[[114.5558,25.08],[114.6769,25.08]],[[114.6769,25.08],[114.7981,25.08]],[[115.6462,25.08],[115.7673,25.08]],[[115.7673,25.08],[115.8885,25.08]],[[116.0096,24.96],[115.8885,24.96]],[[116.1308,24.96],[116.0096,24.96]],[[116.2519,24.96],[116.1308,24.96]],[[117.9481,24.96],[117.8269,24.96]],[[118.0692,24.96],[117.9481,24.96]],[[118.1904,24.96],[118.0692,24.96]],[[118.3115,24.96],[118.1904,24.96]],[[118.5538,25.08],[118.5538,24.96]],[[118.675,25.08],[118.7962,25.08]],[[118.7962,24.96],[118.675,24.96]],[[118.675,24.96],[118.675,25.08]],[[118.7962,25.08],[118.9173,25.08]],[[118.9173,24.96],[118.7962,24.96]],[[119.0385,25.08],[119.0385,24.96]],[[121.2192,25.08],[121.3404,25.08]],[[121.2192,24.96],[121.2192,25.08]],[[121.825,25.08],[121.9462,25.08]],[[121.9462,25.08],[121.9462,24.96]],[[104.6212,24.96],[104.7423,24.96]],[[104.6212,24.84],[104.6212,24.96]],[[105.1058,24.96],[105.1058,24.84]],[[105.4692,24.84],[105.4692,24.96]],[[107.7712,24.96],[107.7712,24.84]],[[107.8923,24.84],[107.8923,24.96]],[[108.4981,24.96],[108.4981,24.84]],[[108.6192,24.84],[108.6192,24.96]],[[109.3462,24.84],[109.225,24.84]],[[109.4673,24.84],[109.3462,24.84]],[[109.5885,24.96],[109.5885,24.84]],[[109.5885,24.84],[109.4673,24.84]],[[109.8308,24.84],[109.8308,24.96]],[[109.9519,24.96],[110.0731,24.96]],[[110.3154,24.84],[110.1942,24.84]],[[110.4365,24.96],[110.5577,24.96]],[[110.5577,24.96],[110.6788,24.96]],[[110.6788,24.96],[110.6788,24.84]],[[110.8,24.84],[110.8,24.96]],[[110.9212,24.96],[111.0423,24.96]],[[111.0423,24.96],[111.0423,24.84]],[[111.1635,24.84],[111.1635,24.96]],[[111.4058,24.96],[111.4058,24.84]],[[111.5269,24.84],[111.5269,24.96]],[[112.0115,24.96],[112.1327,24.96]],[[112.1327,24.84],[112.0115,24.84]],[[112.6173,24.96],[112.7385,24.96]],[[112.7385,24.96],[112.7385,24.84]],[[112.7385,24.84],[112.6173,24.84]],[[112.9808,24.84],[112.9808,24.96]],[[113.95,24.96],[113.95,24.84]],[[114.0712,24.84],[114.0712,24.96]],[[114.3135,24.96],[114.3135,24.84]],[[114.3135,24.84],[114.1923,24.84]],[[114.4346,24.84],[114.4346,24.96]],[[115.8885,24.96],[115.8885,24.84]],[[116.2519,24.84],[116.2519,24.96]],[[116.4942,24.84],[116.3731,24.84]],[[117.8269,24.96],[117.8269,24.84]],[[118.3115,24.84],[118.3115,24.96]],[[118.5538,24.96],[118.675,24.96]],[[118.675,24.96],[118.675,24.84]],[[119.0385,24.96],[119.0385,24.84]],[[119.0385,24.84],[118.9173,24.84]],[[118.9173,24.84],[118.9173,24.96]],[[121.0981,24.96],[121.2192,24.96]],[[121.0981,24.84],[121.0981,24.96]],[[121.9462,24.96],[121.9462,24.84]],[[104.5,24.84],[104.6212,24.84]],[[104.5,24.72],[104.5,24.84]],[[105.1058,24.84],[105.2269,24.84]],[[105.2269,24.84],[105.3481,24.84]],[[105.3481,24.84],[105.4692,24.84]],[[107.7712,24.84],[107.8923,24.84]],[[108.4981,24.84],[108.6192,24.84]],[[108.9827,24.72],[108.8615,24.72]],[[109.225,24.84],[109.225,24.72]],[[109.5885,24.84],[109.7096,24.84]],[[109.7096,24.84],[109.7096,24.72]],[[109.5885,24.72],[109.5885,24.84]],[[109.8308,24.72],[109.8308,24.84]],[[110.1942,24.84],[110.1942,24.72]],[[110.4365,24.72],[110.3154,24.72]],[[110.3154,24.72],[110.3154,24.84]],[[110.5577,24.72],[110.4365,24.72]],[[110.6788,24.84],[110.8,24.84]],[[111.0423,24.84],[111.1635,24.84]],[[111.4058,24.84],[111.4058,24.72]],[[111.6481,24.72],[111.5269,24.72]],[[111.5269,24.72],[111.5269,24.84]],[[112.0115,24.84],[112.0115,24.72]],[[112.1327,24.72],[112.1327,24.84]],[[112.6173,24.84],[112.6173,24.72]],[[112.7385,24.84],[112.8596,24.84]],[[112.7385,24.72],[112.7385,24.84]],[[112.8596,24.84],[112.9808,24.84]],[[113.95,24.72],[113.8288,24.72]],[[113.95,24.84],[114.0712,24.84]],[[114.0712,24.72],[113.95,24.72]],[[114.1923,24.84],[114.1923,24.72]],[[114.1923,24.72],[114.0712,24.72]],[[114.3135,24.84],[114.4346,24.84]],[[114.3135,24.72],[114.3135,24.84]],[[115.0404,24.72],[114.9192,24.72]],[[115.525,24.72],[115.4038,24.72]],[[115.6462,24.72],[115.525,24.72]],[[115.8885,24.84],[116.0096,24.84]],[[116.0096,24.84],[116.1308,24.84]],[[116.1308,24.84],[116.2519,24.84]],[[116.3731,24.84],[116.3731,24.72]],[[116.6154,24.72],[116.4942,24.72]],[[116.4942,24.72],[116.4942,24.84]],[[117.8269,24.84],[117.9481,24.84]],[[117.9481,24.84],[118.0692,24.84]],[[118.0692,24.84],[118.1904,24.84]],[[118.1904,24.84],[118.3115,24.84]],[[118.675,24.84],[118.675,24.72]],[[120.9769,24.84],[121.0981,24.84]],[[120.9769,24.72],[120.9769,24.84]],[[121.9462,24.84],[121.9462,24.72]],[[104.5,24.6],[104.5,24.72]],[[108.8615,24.72],[108.8615,24.6]],[[108.9827,24.6],[108.9827,24.72]],[[109.225,24.6],[109.1038,24.6]],[[109.225,24.72],[109.3462,24.72]],[[109.3462,24.6],[109.225,24.6]],[[109.3462,24.72],[109.4673,24.72]],[[109.4673,24.6],[109.3462,24.6]],[[109.4673,24.72],[109.5885,24.72]],[[109.7096,24.6],[109.5885,24.6]],[[109.7096,24.72],[109.8308,24.72]],[[110.1942,24.6],[110.0731,24.6]],[[110.1942,24.72],[110.3154,24.72]],[[110.3154,24.72],[110.3154,24.6]],[[110.5577,24.6],[110.5577,24.72]],[[111.0423,24.6],[110.9212,24.6]],[[111.4058,24.72],[111.5269,24.72]],[[111.5269,24.72],[111.5269,24.6]],[[111.5269,24.6],[111.4058,24.6]],[[111.6481,24.6],[111.6481,24.72]],[[112.0115,24.72],[112.1327,24.72]],[[112.6173,24.72],[112.7385,24.72]],[[112.9808,24.6],[112.8596,24.6]],[[113.5865,24.6],[113.4654,24.6]],[[113.7077,24.6],[113.5865,24.6]],[[113.8288,24.72],[113.8288,24.6]],[[113.8288,24.6],[113.7077,24.6]],[[114.1923,24.72],[114.3135,24.72]],[[114.1923,24.6],[114.1923,24.72]],[[114.9192,24.72],[114.9192,24.6]],[[115.0404,24.6],[115.0404,24.72]],[[115.4038,24.72],[115.4038,24.6]],[[115.7673,24.6],[115.6462,24.6]],[[115.6462,24.6],[115.6462,24.72]],[[115.8885,24.6],[115.7673,24.6]],[[116.3731,24.72],[116.4942,24.72]],[[116.4942,24.72],[116.4942,24.6]],[[116.6154,24.6],[116.6154,24.72]],[[117.9481,24.6],[117.8269,24.6]],[[118.1904,24.6],[118.0692,24.6]],[[118.3115,24.6],[118.1904,24.6]],[[118.4327,24.6],[118.3115,24.6]],[[118.5538,24.6],[118.4327,24.6]],[[118.675,24.72],[118.675,24.6]],[[118.675,24.6],[118.5538,24.6]],[[120.7346,24.72],[120.8558,24.72]],[[120.7346,24.6],[120.7346,24.72]],[[120.8558,24.72],[120.9769,24.72]],[[121.9462,24.72],[121.9462,24.6]],[[121.9462,24.6],[121.825,24.6]],[[104.6212,24.48],[104.5,24.48]],[[104.5,24.48],[104.5,24.6]],[[108.8615,24.6],[108.9827,24.6]],[[109.1038,24.6],[109.1038,24.48]],[[109.1038,24.48],[108.9827,24.48]],[[109.5885,24.6],[109.5885,24.48]],[[109.5885,24.48],[109.4673,24.48]],[[109.4673,24.48],[109.4673,24.6]],[[109.7096,24.48],[109.7096,24.6]],[[110.0731,24.6],[110.0731,24.48]],[[110.3154,24.48],[110.1942,24.48]],[[110.1942,24.48],[110.1942,24.6]],[[110.3154,24.6],[110.4365,24.6]],[[110.4365,24.6],[110.4365,24.48]],[[110.4365,24.48],[110.3154,24.48]],[[110.5577,24.48],[110.5577,24.6]],[[110.9212,24.6],[110.9212,24.48]],[[111.0423,24.48],[111.0423,24.6]],[[111.4058,24.6],[111.4058,24.48]],[[111.5269,24.6],[111.6481,24.6]],[[111.5269,24.48],[111.5269,24.6]],[[112.8596,24.6],[112.8596,24.48]],[[112.9808,24.48],[112.9808,24.6]],[[113.4654,24.6],[113.4654,24.48]],[[113.95,24.6],[114.0712,24.6]],[[113.95,24.48],[113.95,24.6]],[[114.0712,24.6],[114.1923,24.6]],[[114.3135,24.48],[114.1923,24.48]],[[114.9192,24.6],[115.0404,24.6]],[[115.4038,24.6],[115.4038,24.48]],[[115.8885,24.48],[115.8885,24.6]],[[116.4942,24.6],[116.6154,24.6]],[[116.9788,24.48],[116.8577,24.48]],[[117.8269,24.6],[117.8269,24.48]],[[118.0692,24.6],[118.0692,24.48]],[[118.0692,24.48],[117.9481,24.48]],[[117.9481,24.48],[117.9481,24.6]],[[120.7346,24.48],[120.7346,24.6]],[[121.825,24.6],[121.825,24.48]],[[104.6212,24.36],[104.6212,24.48]],[[106.9231,24.36],[106.8019,24.36]],[[108.7404,24.36],[108.6192,24.36]],[[108.9827,24.48],[108.9827,24.36]],[[108.9827,24.36],[108.8615,24.36]],[[109.225,24.48],[109.3462,24.48]],[[109.3462,24.48],[109.3462,24.36]],[[109.225,24.36],[109.225,24.48]],[[109.5885,24.48],[109.7096,24.48]],[[109.5885,24.36],[109.5885,24.48]],[[110.0731,24.48],[110.0731,24.36]],[[110.4365,24.48],[110.5577,24.48]],[[110.5577,24.36],[110.4365,24.36]],[[110.4365,24.36],[110.4365,24.48]],[[110.6788,24.36],[110.5577,24.36]],[[110.9212,24.48],[111.0423,24.48]],[[111.2846,24.36],[111.1635,24.36]],[[111.4058,24.36],[111.2846,24.36]],[[111.4058,24.48],[111.5269,24.48]],[[112.4962,24.36],[112.375,24.36]],[[112.8596,24.48],[112.9808,24.48]],[[113.4654,24.48],[113.5865,24.48]],[[113.5865,24.48],[113.7077,24.48]],[[113.7077,24.48],[113.8288,24.48]],[[113.8288,24.36],[113.7077,24.36]],[[113.8288,24.48],[113.95,24.48]],[[114.1923,24.48],[114.1923,24.36]],[[114.3135,24.36],[114.3135,24.48]],[[115.4038,24.48],[115.4038,24.36]],[[115.525,24.48],[115.6462,24.48]],[[115.525,24.36],[115.525,24.48]],[[115.6462,24.48],[115.7673,24.48]],[[115.7673,24.48],[115.8885,24.48]],[[116.8577,24.48],[116.8577,24.36]],[[116.9788,24.36],[116.9788,24.48]],[[117.8269,24.48],[117.9481,24.48]],[[117.9481,24.48],[117.9481,24.36]],[[120.6135,24.48],[120.7346,24.48]],[[120.6135,24.36],[120.6135,24.48]],[[121.825,24.48],[121.825,24.36]],[[104.5,24.36],[104.6212,24.36]],[[104.6212,24.24],[104.5,24.24]],[[104.5,24.24],[104.5,24.36]],[[106.8019,24.36],[106.8019,24.24]],[[107.0442,24.24],[106.9231,24.24]],[[106.9231,24.24],[106.9231,24.36]],[[107.65,24.24],[107.5288,24.24]],[[108.6192,24.36],[108.6192,24.24]],[[108.8615,24.36],[108.8615,24.24]],[[108.7404,24.24],[108.7404,24.36]],[[108.9827,24.36],[109.1038,24.36]],[[108.9827,24.24],[108.9827,24.36]],[[109.1038,24.36],[109.225,24.36]],[[109.3462,24.36],[109.4673,24.36]],[[109.4673,24.36],[109.5885,24.36]],[[110.0731,24.36],[110.1942,24.36]],[[110.1942,24.36],[110.3154,24.36]],[[110.3154,24.36],[110.3154,24.24]],[[110.8,24.24],[110.6788,24.24]],[[110.6788,24.24],[110.6788,24.36]],[[111.1635,24.36],[111.1635,24.24]],[[111.4058,24.24],[111.4058,24.36]],[[112.375,24.36],[112.375,24.24]],[[112.4962,24.24],[112.4962,24.36]],[[112.7385,24.24],[112.6173,24.24]],[[113.7077,24.36],[113.7077,24.24]],[[113.95,24.24],[113.8288,24.24]],[[113.8288,24.24],[113.8288,24.36]],[[114.1923,24.36],[114.1923,24.24]],[[114.1923,24.24],[114.0712,24.24]],[[114.3135,24.24],[114.3135,24.36]],[[115.4038,24.36],[115.4038,24.24]],[[115.525,24.24],[115.525,24.36]],[[116.0096,24.24],[115.8885,24.24]],[[116.8577,24.36],[116.9788,24.36]],[[117.9481,24.36],[118.0692,24.36]],[[118.0692,24.36],[118.0692,24.24]],[[118.0692,24.24],[117.9481,24.24]],[[120.6135,24.24],[120.6135,24.36]],[[121.825,24.36],[121.825,24.24]],[[121.825,24.24],[121.7038,24.24]],[[104.6212,24.12],[104.6212,24.24]],[[105.4692,24.12],[105.3481,24.12]],[[105.5904,24.12],[105.4692,24.12]],[[105.7115,24.12],[105.5904,24.12]],[[106.8019,24.24],[106.9231,24.24]],[[106.9231,24.24],[106.9231,24.12]],[[107.1654,24.12],[107.0442,24.12]],[[107.0442,24.12],[107.0442,24.24]],[[107.5288,24.24],[107.5288,24.12]],[[107.65,24.12],[107.65,24.24]],[[108.6192,24.24],[108.7404,24.24]],[[108.8615,24.24],[108.9827,24.24]],[[109.225,24.12],[109.1038,24.12]],[[110.3154,24.24],[110.4365,24.24]],[[110.4365,24.12],[110.3154,24.12]],[[110.4365,24.24],[110.5577,24.24]],[[110.5577,24.24],[110.6788,24.24]],[[110.6788,24.24],[110.6788,24.12]],[[110.8,24.12],[110.8,24.24]],[[111.1635,24.24],[111.2846,24.24]],[[111.2846,24.12],[111.1635,24.12]],[[111.2846,24.24],[111.4058,24.24]],[[111.6481,24.12],[111.5269,24.12]],[[112.375,24.24],[112.4962,24.24]],[[112.6173,24.24],[112.6173,24.12]],[[112.7385,24.12],[112.7385,24.24]],[[113.7077,24.24],[113.8288,24.24]],[[113.8288,24.24],[113.8288,24.12]],[[114.0712,24.24],[114.0712,24.12]],[[113.95,24.12],[113.95,24.24]],[[114.1923,24.24],[114.3135,24.24]],[[114.1923,24.12],[114.1923,24.24]],[[115.4038,24.24],[115.4038,24.12]],[[115.525,24.12],[115.525,24.24]],[[115.8885,24.24],[115.8885,24.12]],[[116.0096,24.12],[116.0096,24.24]],[[117.1,24.12],[116.9788,24.12]],[[117.7058,24.12],[117.5846,24.12]],[[117.9481,24.24],[117.9481,24.12]],[[117.9481,24.12],[117.8269,24.12]],[[120.4923,24.24],[120.6135,24.24]],[[120.4923,24.12],[120.4923,24.24]],[[121.7038,24.24],[121.7038,24.12]],[[104.6212,24.0],[104.6212,24.12]],[[105.3481,24.12],[105.3481,24.0]],[[105.7115,24.0],[105.7115,24.12]],[[106.9231,24.12],[107.0442,24.12]],[[107.0442,24.12],[107.0442,24.0]],[[107.1654,24.0],[107.1654,24.12]],[[107.5288,24.12],[107.65,24.12]],[[109.1038,24.12],[109.1038,24.0]],[[109.225,24.0],[109.225,24.12]],[[110.3154,24.12],[110.3154,24.0]],[[110.4365,24.0],[110.4365,24.12]],[[110.6788,24.12],[110.6788,24.0]],[[110.8,24.0],[110.8,24.12]],[[111.1635,24.12],[111.1635,24.0]],[[111.2846,24.0],[111.2846,24.12]],[[111.5269,24.12],[111.5269,24.0]],[[111.6481,24.0],[111.6481,24.12]],[[112.6173,24.0],[112.4962,24.0]],[[112.6173,24.12],[112.7385,24.12]],[[113.2231,24.0],[113.1019,24.0]],[[113.8288,24.12],[113.95,24.12]],[[114.0712,24.12],[114.1923,24.12]],[[114.3135,24.0],[114.1923,24.0]],[[114.4346,24.0],[114.3135,24.0]],[[115.4038,24.12],[115.525,24.12]],[[115.8885,24.12],[116.0096,24.12]],[[116.9788,24.12],[116.9788,24.0]],[[117.1,24.0],[117.1,24.12]],[[117.5846,24.12],[117.5846,24.0]],[[117.8269,24.12],[117.8269,24.0]],[[117.7058,24.0],[117.7058,24.12]],[[120.4923,24.0],[120.4923,24.12]],[[121.7038,24.12],[121.7038,24.0]],[[104.6212,23.88],[104.6212,24.0]],[[105.3481,24.0],[105.4692,24.0]],[[105.4692,24.0],[105.5904,24.0]],[[105.5904,24.0],[105.7115,24.0]],[[107.0442,24.0],[107.1654,24.0]],[[109.1038,24.0],[109.225,24.0]],[[109.5885,23.88],[109.4673,23.88]],[[110.0731,23.88],[109.9519,23.88]],[[110.3154,24.0],[110.4365,24.0]],[[110.6788,24.0],[110.6788,23.88]],[[110.8,23.88],[110.8,24.0]],[[111.1635,24.0],[111.1635,23.88]],[[111.1635,23.88],[111.0423,23.88]],[[111.2846,23.88],[111.2846,24.0]],[[111.5269,24.0],[111.5269,23.88]],[[111.6481,23.88],[111.6481,24.0]],[[112.4962,24.0],[112.4962,23.88]],[[112.6173,23.88],[112.6173,24.0]],[[113.1019,24.0],[113.1019,23.88]],[[113.3442,23.88],[113.2231,23.88]],[[113.2231,23.88],[113.2231,24.0]],[[113.4654,23.88],[113.3442,23.88]],[[114.1923,24.0],[114.1923,23.88]],[[114.4346,23.88],[114.4346,24.0]],[[116.9788,24.0],[117.1,24.0]],[[117.4635,23.88],[117.3423,23.88]],[[117.5846,24.0],[117.5846,23.88]],[[117.8269,24.0],[117.8269,23.88]],[[117.8269,23.88],[117.7058,23.88]],[[117.7058,23.88],[117.7058,24.0]],[[120.3712,24.0],[120.4923,24.0]],[[120.3712,23.88],[120.3712,24.0]],[[121.7038,24.0],[121.7038,23.88]],[[121.7038,23.88],[121.5827,23.88]],[[104.7423,23.76],[104.6212,23.76]],[[104.6212,23.76],[104.6212,23.88]],[[108.4981,23.76],[108.3769,23.76]],[[108.6192,23.76],[108.4981,23.76]],[[108.9827,23.76],[108.8615,23.76]],[[109.4673,23.88],[109.4673,23.76]],[[109.5885,23.76],[109.5885,23.88]],[[109.9519,23.88],[109.9519,23.76]],[[109.9519,23.76],[109.8308,23.76]],[[110.0731,23.76],[110.0731,23.88]],[[110.6788,23.88],[110.8,23.88]],[[111.0423,23.88],[111.0423,23.76]],[[111.0423,23.76],[110.9212,23.76]],[[111.1635,23.88],[111.2846,23.88]],[[111.1635,23.76],[111.1635,23.88]],[[111.5269,23.88],[111.6481,23.88]],[[112.4962,23.88],[112.6173,23.88]],[[113.1019,23.88],[113.2231,23.88]],[[113.2231,23.88],[113.2231,23.76]],[[113.4654,23.76],[113.4654,23.88]],[[114.1923,23.88],[114.3135,23.88]],[[114.3135,23.88],[114.4346,23.88]],[[117.3423,23.88],[117.3423,23.76]],[[117.3423,23.76],[117.2212,23.76]],[[117.5846,23.88],[117.5846,23.76]],[[117.5846,23.76],[117.4635,23.76]],[[117.4635,23.76],[117.4635,23.88]],[[120.3712,23.76],[120.3712,23.88]],[[121.5827,23.88],[121.5827,23.76]],[[104.8635,23.64],[104.7423,23.64]],[[104.7423,23.64],[104.7423,23.76]],[[107.8923,23.64],[107.7712,23.64]],[[108.3769,23.76],[108.3769,23.64]],[[108.6192,23.64],[108.6192,23.76]],[[108.8615,23.76],[108.8615,23.64]],[[108.9827,23.64],[108.9827,23.76]],[[109.4673,23.76],[109.4673,23.64]],[[109.5885,23.64],[109.5885,23.76]],[[109.8308,23.76],[109.8308,23.64]],[[109.9519,23.76],[110.0731,23.76]],[[109.9519,23.64],[109.9519,23.76]],[[110.9212,23.76],[110.9212,23.64]],[[111.0423,23.76],[111.1635,23.76]],[[111.0423,23.64],[111.0423,23.76]],[[112.8596,23.64],[112.7385,23.64]],[[113.2231,23.76],[113.3442,23.76]],[[113.3442,23.76],[113.4654,23.76]],[[113.4654,23.64],[113.3442,23.64]],[[116.9788,23.64],[116.8577,23.64]],[[117.1,23.64],[116.9788,23.64]],[[117.2212,23.76],[117.2212,23.64]],[[117.2212,23.64],[117.1,23.64]],[[120.3712,23.64],[120.3712,23.76]],[[121.5827,23.76],[121.5827,23.64]],[[104.9846,23.52],[104.8635,23.52]],[[104.8635,23.52],[104.8635,23.64]],[[105.1058,23.52],[104.9846,23.52]],[[105.2269,23.52],[105.1058,23.52]],[[107.7712,23.64],[107.7712,23.52]],[[107.8923,23.52],[107.8923,23.64]],[[108.3769,23.64],[108.4981,23.64]],[[108.4981,23.64],[108.6192,23.64]],[[108.8615,23.64],[108.9827,23.64]],[[109.4673,23.64],[109.4673,23.52]],[[109.5885,23.52],[109.5885,23.64]],[[109.8308,23.64],[109.9519,23.64]],[[110.9212,23.64],[111.0423,23.64]],[[112.1327,23.52],[112.0115,23.52]],[[112.7385,23.64],[112.7385,23.52]],[[112.8596,23.52],[112.8596,23.64]],[[113.1019,23.52],[112.9808,23.52]],[[113.2231,23.52],[113.1019,23.52]],[[113.3442,23.64],[113.3442,23.52]],[[113.4654,23.52],[113.4654,23.64]],[[116.8577,23.64],[116.8577,23.52]],[[120.25,23.64],[120.3712,23.64]],[[120.25,23.52],[120.25,23.64]],[[121.5827,23.64],[121.5827,23.52]],[[121.5827,23.52],[121.4615,23.52]],[[105.3481,23.4],[105.2269,23.4]],[[105.2269,23.4],[105.2269,23.52]],[[107.7712,23.52],[107.7712,23.4]],[[107.8923,23.4],[107.8923,23.52]],[[109.225,23.4],[109.1038,23.4]],[[109.3462,23.4],[109.225,23.4]],[[109.4673,23.4],[109.3462,23.4]],[[109.4673,23.52],[109.5885,23.52]],[[109.5885,23.4],[109.4673,23.4]],[[109.7096,23.4],[109.5885,23.4]],[[111.1635,23.4],[111.0423,23.4]],[[111.8904,23.4],[111.7692,23.4]],[[112.0115,23.52],[112.0115,23.4]],[[112.1327,23.4],[112.1327,23.52]],[[112.7385,23.52],[112.7385,23.4]],[[112.9808,23.52],[112.9808,23.4]],[[112.8596,23.4],[112.8596,23.52]],[[113.2231,23.4],[113.2231,23.52]],[[113.3442,23.52],[113.4654,23.52]],[[114.0712,23.4],[113.95,23.4]],[[115.525,23.4],[115.4038,23.4]],[[115.7673,23.4],[115.6462,23.4]],[[116.7365,23.4],[116.6154,23.4]],[[116.8577,23.52],[116.8577,23.4]],[[116.8577,23.4],[116.7365,23.4]],[[120.25,23.4],[120.25,23.52]],[[121.4615,23.52],[121.4615,23.4]],[[105.4692,23.28],[105.3481,23.28]],[[105.3481,23.28],[105.3481,23.4]],[[107.7712,23.4],[107.8923,23.4]],[[108.6192,23.28],[108.4981,23.28]],[[109.1038,23.4],[109.1038,23.28]],[[109.7096,23.28],[109.7096,23.4]],[[110.4365,23.28],[110.3154,23.28]],[[111.0423,23.4],[111.0423,23.28]],[[111.1635,23.28],[111.1635,23.4]],[[111.7692,23.4],[111.7692,23.28]],[[111.8904,23.28],[111.8904,23.4]],[[112.0115,23.4],[112.1327,23.4]],[[112.7385,23.4],[112.8596,23.4]],[[112.9808,23.4],[112.9808,23.28]],[[113.1019,23.4],[113.2231,23.4]],[[113.1019,23.28],[113.1019,23.4]],[[113.95,23.4],[113.95,23.28]],[[113.95,23.28],[113.8288,23.28]],[[114.0712,23.28],[114.0712,23.4]],[[115.4038,23.4],[115.4038,23.28]],[[115.6462,23.4],[115.6462,23.28]],[[115.525,23.28],[115.525,23.4]],[[115.8885,23.28],[115.7673,23.28]],[[115.7673,23.28],[115.7673,23.4]],[[116.6154,23.4],[116.6154,23.28]],[[120.1288,23.4],[120.25,23.4]],[[120.1288,23.28],[120.1288,23.4]],[[121.4615,23.4],[121.4615,23.28]],[[105.5904,23.16],[105.4692,23.16]],[[105.4692,23.16],[105.4692,23.28]],[[106.9231,23.16],[106.8019,23.16]],[[108.4981,23.28],[108.4981,23.16]],[[108.7404,23.16],[108.6192,23.16]],[[108.6192,23.16],[108.6192,23.28]],[[109.1038,23.28],[109.225,23.28]],[[109.225,23.28],[109.225,23.16]],[[109.3462,23.28],[109.4673,23.28]],[[109.3462,23.16],[109.3462,23.28]],[[109.4673,23.28],[109.5885,23.28]],[[109.5885,23.28],[109.7096,23.28]],[[110.3154,23.28],[110.3154,23.16]],[[110.4365,23.16],[110.4365,23.28]],[[110.6788,23.16],[110.5577,23.16]],[[110.8,23.16],[110.6788,23.16]],[[111.0423,23.28],[111.0423,23.16]],[[111.1635,23.16],[111.1635,23.28]],[[111.7692,23.28],[111.8904,23.28]],[[112.9808,23.28],[113.1019,23.28]],[[113.7077,23.16],[113.5865,23.16]],[[113.8288,23.28],[113.8288,23.16]],[[113.8288,23.16],[113.7077,23.16]],[[113.95,23.28],[114.0712,23.28]],[[114.0712,23.16],[113.95,23.16]],[[113.95,23.16],[113.95,23.28]],[[114.1923,23.16],[114.0712,23.16]],[[114.3135,23.16],[114.1923,23.16]],[[114.4346,23.16],[114.3135,23.16]],[[115.2827,23.16],[115.1615,23.16]],[[115.4038,23.28],[115.525,23.28]],[[115.6462,23.28],[115.7673,23.28]],[[115.7673,23.28],[115.7673,23.16]],[[115.8885,23.16],[115.8885,23.28]],[[116.6154,23.28],[116.7365,23.28]],[[116.7365,23.28],[116.7365,23.16]],[[116.7365,23.16],[116.6154,23.16]],[[120.1288,23.16],[120.1288,23.28]],[[121.4615,23.28],[121.4615,23.16]],[[121.4615,23.16],[121.3404,23.16]],[[105.7115,23.04],[105.5904,23.04]],[[105.5904,23.04],[105.5904,23.16]],[[105.8327,23.04],[105.7115,23.04]],[[105.9538,23.04],[105.8327,23.04]],[[106.075,23.04],[105.9538,23.04]],[[106.8019,23.16],[106.8019,23.04]],[[106.8019,23.04],[106.6808,23.04]],[[106.9231,23.04],[106.9231,23.16]],[[107.8923,23.04],[107.7712,23.04]],[[108.4981,23.16],[108.6192,23.16]],[[108.6192,23.16],[108.6192,23.04]],[[108.8615,23.04],[108.7404,23.04]],[[108.7404,23.04],[108.7404,23.16]],[[109.225,23.16],[109.225,23.04]],[[109.4673,23.04],[109.3462,23.04]],[[109.3462,23.04],[109.3462,23.16]],[[110.3154,23.16],[110.3154,23.04]],[[110.5577,23.16],[110.5577,23.04]],[[110.4365,23.04],[110.4365,23.16]],[[110.8,23.04],[110.8,23.16]],[[111.0423,23.16],[111.0423,23.04]],[[111.1635,23.04],[111.1635,23.16]],[[112.375,23.04],[112.2538,23.04]],[[112.9808,23.04],[112.8596,23.04]],[[113.3442,23.04],[113.2231,23.04]],[[113.5865,23.16],[113.5865,23.04]],[[114.4346,23.04],[114.4346,23.16]],[[115.1615,23.16],[115.1615,23.04]],[[115.1615,23.04],[115.0404,23.04]],[[115.2827,23.04],[115.2827,23.16]],[[115.7673,23.16],[115.8885,23.16]],[[116.0096,23.04],[115.8885,23.04]],[[116.4942,23.04],[116.3731,23.04]],[[116.6154,23.16],[116.6154,23.04]],[[116.6154,23.04],[116.4942,23.04]],[[120.1288,23.04],[120.1288,23.16]],[[121.3404,23.16],[121.3404,23.04]],[[106.1962,22.92],[106.075,22.92]],[[106.075,22.92],[106.075,23.04]],[[106.3173,22.92],[106.1962,22.92]],[[106.4385,22.92],[106.3173,22.92]],[[106.5596,22.92],[106.4385,22.92]],[[106.6808,23.04],[106.6808,22.92]],[[106.6808,22.92],[106.5596,22.92]],[[106.8019,23.04],[106.9231,23.04]],[[106.8019,22.92],[106.8019,23.04]],[[107.7712,23.04],[107.7712,22.92]],[[107.8923,22.92],[107.8923,23.04]],[[108.6192,23.04],[108.7404,23.04]],[[108.7404,23.04],[108.7404,22.92]],[[108.8615,22.92],[108.8615,23.04]],[[109.225,23.04],[109.3462,23.04]],[[109.3462,23.04],[109.3462,22.92]],[[109.5885,22.92],[109.4673,22.92]],[[109.4673,22.92],[109.4673,23.04]],[[109.8308,22.92],[109.7096,22.92]],[[110.3154,22.92],[110.1942,22.92]],[[110.3154,23.04],[110.4365,23.04]],[[110.5577,23.04],[110.6788,23.04]],[[110.6788,23.04],[110.8,23.04]],[[111.0423,23.04],[111.1635,23.04]],[[112.2538,23.04],[112.2538,22.92]],[[112.375,22.92],[112.375,23.04]],[[112.8596,23.04],[112.8596,22.92]],[[112.9808,22.92],[112.9808,23.04]],[[113.2231,23.04],[113.2231,22.92]],[[113.4654,22.92],[113.3442,22.92]],[[113.3442,22.92],[113.3442,23.04]],[[113.5865,23.04],[113.7077,23.04]],[[113.7077,22.92],[113.5865,22.92]],[[113.7077,23.04],[113.8288,23.04]],[[113.8288,23.04],[113.95,23.04]],[[113.95,23.04],[114.0712,23.04]],[[114.0712,23.04],[114.1923,23.04]],[[114.1923,23.04],[114.3135,23.04]],[[114.3135,23.04],[114.4346,23.04]],[[115.0404,23.04],[115.0404,22.92]],[[115.0404,22.92],[114.9192,22.92]],[[115.1615,23.04],[115.2827,23.04]],[[115.2827,22.92],[115.1615,22.92]],[[115.1615,22.92],[115.1615,23.04]],[[115.7673,22.92],[115.6462,22.92]],[[115.8885,23.04],[115.8885,22.92]],[[116.1308,22.92],[116.0096,22.92]],[[116.0096,22.92],[116.0096,23.04]],[[116.2519,22.92],[116.1308,22.92]],[[116.3731,23.04],[116.3731,22.92]],[[116.3731,22.92],[116.2519,22.92]],[[120.1288,22.92],[120.1288,23.04]],[[121.3404,23.04],[121.3404,22.92]],[[121.3404,22.92],[121.2192,22.92]],[[106.8019,22.8],[106.8019,22.92]],[[107.7712,22.92],[107.8923,22.92]],[[108.7404,22.92],[108.8615,22.92]],[[109.3462,22.92],[109.4673,22.92]],[[109.4673,22.92],[109.4673,22.8]],[[109.7096,22.92],[109.7096,22.8]],[[109.7096,22.8],[109.5885,22.8]],[[109.5885,22.8],[109.5885,22.92]],[[109.9519,22.8],[109.8308,22.8]],[[109.8308,22.8],[109.8308,22.92]],[[110.1942,22.92],[110.1942,22.8]],[[110.3154,22.8],[110.3154,22.92]],[[112.2538,22.92],[112.2538,22.8]],[[112.375,22.8],[112.375,22.92]],[[112.8596,22.92],[112.8596,22.8]],[[112.9808,22.8],[112.9808,22.92]],[[113.2231,22.92],[113.3442,22.92]],[[113.3442,22.92],[113.3442,22.8]],[[113.3442,22.8],[113.2231,22.8]],[[113.5865,22.92],[113.5865,22.8]],[[113.5865,22.8],[113.4654,22.8]],[[113.4654,22.8],[113.4654,22.92]],[[113.8288,22.8],[113.7077,22.8]],[[113.7077,22.8],[113.7077,22.92]],[[114.7981,22.8],[114.6769,22.8]],[[114.9192,22.92],[114.9192,22.8]],[[115.0404,22.92],[115.1615,22.92]],[[115.1615,22.92],[115.1615,22.8]],[[115.1615,22.8],[115.0404,22.8]],[[115.0404,22.8],[115.0404,22.92]],[[115.2827,22.8],[115.2827,22.92]],[[115.6462,22.92],[115.6462,22.8]],[[115.8885,22.8],[115.7673,22.8]],[[115.7673,22.8],[115.7673,22.92]],[[115.8885,22.92],[116.0096,22.92]],[[116.0096,22.92],[116.0096,22.8]],[[116.0096,22.8],[115.8885,22.8]],[[120.25,22.8],[120.1288,22.8]],[[120.1288,22.8],[120.1288,22.92]],[[121.2192,22.92],[121.2192,22.8]],[[106.6808,22.8],[106.8019,22.8]],[[106.6808,22.68],[106.6808,22.8]],[[109.4673,22.68],[109.3462,22.68]],[[109.4673,22.8],[109.5885,22.8]],[[109.5885,22.8],[109.5885,22.68]],[[109.7096,22.8],[109.8308,22.8]],[[109.8308,22.8],[109.8308,22.68]],[[109.7096,22.68],[109.7096,22.8]],[[109.9519,22.68],[109.9519,22.8]],[[110.1942,22.8],[110.3154,22.8]],[[110.3154,22.68],[110.1942,22.68]],[[110.8,22.68],[110.6788,22.68]],[[110.9212,22.68],[110.8,22.68]],[[112.0115,22.68],[111.8904,22.68]],[[112.2538,22.8],[112.375,22.8]],[[112.6173,22.68],[112.4962,22.68]],[[112.8596,22.8],[112.9808,22.8]],[[113.2231,22.8],[113.2231,22.68]],[[113.2231,22.68],[113.1019,22.68]],[[113.95,22.68],[113.8288,22.68]],[[113.8288,22.68],[113.8288,22.8]],[[114.6769,22.8],[114.6769,22.68]],[[114.6769,22.68],[114.5558,22.68]],[[114.9192,22.8],[114.9192,22.68]],[[114.7981,22.68],[114.7981,22.8]],[[115.4038,22.68],[115.2827,22.68]],[[115.2827,22.68],[115.2827,22.8]],[[115.525,22.68],[115.4038,22.68]],[[115.6462,22.8],[115.6462,22.68]],[[115.6462,22.68],[115.525,22.68]],[[120.3712,22.68],[120.25,22.68]],[[120.25,22.68],[120.25,22.8]],[[121.2192,22.8],[121.2192,22.68]],[[121.2192,22.68],[121.0981,22.68]],[[106.6808,22.56],[106.6808,22.68]],[[108.8615,22.56],[108.7404,22.56]],[[108.9827,22.56],[108.8615,22.56]],[[109.1038,22.56],[108.9827,22.56]],[[109.3462,22.68],[109.3462,22.56]],[[109.4673,22.56],[109.4673,22.68]],[[109.5885,22.68],[109.7096,22.68]],[[109.8308,22.68],[109.9519,22.68]],[[109.9519,22.56],[109.8308,22.56]],[[110.1942,22.68],[110.1942,22.56]],[[110.3154,22.56],[110.3154,22.68]],[[110.6788,22.68],[110.6788,22.56]],[[110.9212,22.56],[110.9212,22.68]],[[111.8904,22.68],[111.8904,22.56]],[[112.1327,22.56],[112.0115,22.56]],[[112.0115,22.56],[112.0115,22.68]],[[112.4962,22.68],[112.4962,22.56]],[[112.6173,22.56],[112.6173,22.68]],[[113.1019,22.68],[113.1019,22.56]],[[113.2231,22.68],[113.3442,22.68]],[[113.2231,22.56],[113.2231,22.68]],[[113.3442,22.68],[113.4654,22.68]],[[113.4654,22.68],[113.4654,22.56]],[[114.0712,22.56],[113.95,22.56]],[[113.95,22.56],[113.95,22.68]],[[114.3135,22.56],[114.1923,22.56]],[[114.5558,22.68],[114.5558,22.56]],[[114.9192,22.68],[114.9192,22.56]],[[114.9192,22.56],[114.7981,22.56]],[[114.7981,22.56],[114.7981,22.68]],[[120.4923,22.56],[120.3712,22.56]],[[120.3712,22.56],[120.3712,22.68]],[[121.0981,22.68],[121.0981,22.56]],[[106.5596,22.56],[106.6808,22.56]],[[106.5596,22.44],[106.5596,22.56]],[[108.7404,22.56],[108.7404,22.44]],[[109.1038,22.44],[109.1038,22.56]],[[109.3462,22.56],[109.4673,22.56]],[[109.8308,22.56],[109.8308,22.44]],[[109.9519,22.44],[109.9519,22.56]],[[110.1942,22.56],[110.3154,22.56]],[[110.6788,22.56],[110.6788,22.44]],[[110.8,22.56],[110.9212,22.56]],[[110.8,22.44],[110.8,22.56]],[[111.5269,22.44],[111.4058,22.44]],[[111.6481,22.44],[111.5269,22.44]],[[111.8904,22.56],[112.0115,22.56]],[[112.0115,22.56],[112.0115,22.44]],[[112.2538,22.44],[112.1327,22.44]],[[112.1327,22.44],[112.1327,22.56]],[[112.375,22.44],[112.2538,22.44]],[[112.4962,22.56],[112.6173,22.56]],[[113.1019,22.56],[113.2231,22.56]],[[113.4654,22.56],[113.5865,22.56]],[[113.5865,22.56],[113.5865,22.44]],[[114.1923,22.56],[114.1923,22.44]],[[114.0712,22.44],[114.0712,22.56]],[[114.4346,22.44],[114.3135,22.44]],[[114.3135,22.44],[114.3135,22.56]],[[114.5558,22.56],[114.5558,22.44]],[[114.5558,22.44],[114.4346,22.44]],[[120.4923,22.44],[120.4923,22.56]],[[121.0981,22.56],[121.0981,22.44]],[[106.5596,22.32],[106.5596,22.44]],[[108.2558,22.32],[108.1346,22.32]],[[108.3769,22.32],[108.2558,22.32]],[[108.7404,22.44],[108.8615,22.44]],[[108.8615,22.44],[108.9827,22.44]],[[108.9827,22.44],[109.1038,22.44]],[[109.8308,22.44],[109.9519,22.44]],[[110.6788,22.44],[110.6788,22.32]],[[110.8,22.32],[110.8,22.44]],[[111.4058,22.44],[111.4058,22.32]],[[111.4058,22.32],[111.2846,22.32]],[[111.6481,22.32],[111.6481,22.44]],[[112.0115,22.44],[112.1327,22.44]],[[112.1327,22.44],[112.1327,22.32]],[[112.375,22.32],[112.375,22.44]],[[113.1019,22.32],[112.9808,22.32]],[[113.3442,22.32],[113.2231,22.32]],[[113.4654,22.32],[113.3442,22.32]],[[113.5865,22.44],[113.5865,22.32]],[[113.95,22.44],[114.0712,22.44]],[[114.0712,22.32],[113.95,22.32]],[[113.95,22.32],[113.95,22.44]],[[114.1923,22.32],[114.0712,22.32]],[[114.1923,22.44],[114.3135,22.44]],[[114.3135,22.44],[114.3135,22.32]],[[114.3135,22.32],[114.1923,22.32]],[[120.6135,22.32],[120.4923,22.32]],[[120.4923,22.32],[120.4923,22.44]],[[121.0981,22.44],[121.0981,22.32]],[[121.0981,22.32],[120.9769,22.32]],[[106.6808,22.2],[106.5596,22.2]],[[106.5596,22.2],[106.5596,22.32]],[[108.1346,22.32],[108.1346,22.2]],[[108.3769,22.2],[108.3769,22.32]],[[110.6788,22.32],[110.8,22.32]],[[111.2846,22.32],[111.2846,22.2]],[[111.5269,22.32],[111.6481,22.32]],[[111.5269,22.2],[111.5269,22.32]],[[112.1327,22.32],[112.2538,22.32]],[[112.2538,22.32],[112.375,22.32]],[[112.9808,22.32],[112.9808,22.2]],[[113.2231,22.32],[113.2231,22.2]],[[113.2231,22.2],[113.1019,22.2]],[[113.1019,22.2],[113.1019,22.32]],[[113.5865,22.32],[113.5865,22.2]],[[113.5865,22.2],[113.4654,22.2]],[[113.4654,22.2],[113.4654,22.32]],[[120.7346,22.2],[120.6135,22.2]],[[120.6135,22.2],[120.6135,22.32]],[[120.9769,22.32],[120.9769,22.2]],[[106.6808,22.08],[106.6808,22.2]],[[108.1346,22.2],[108.1346,22.08]],[[108.3769,22.08],[108.3769,22.2]],[[109.1038,22.08],[108.9827,22.08]],[[111.2846,22.2],[111.2846,22.08]],[[111.4058,22.2],[111.5269,22.2]],[[111.4058,22.08],[111.4058,22.2]],[[112.8596,22.08],[112.7385,22.08]],[[112.9808,22.2],[112.9808,22.08]],[[120.7346,22.08],[120.7346,22.2]],[[120.9769,22.2],[120.9769,22.08]],[[120.9769,22.08],[120.8558,22.08]],[[106.8019,21.96],[106.6808,21.96]],[[106.6808,21.96],[106.6808,22.08]],[[108.1346,22.08],[108.1346,21.96]],[[108.2558,22.08],[108.3769,22.08]],[[108.2558,21.96],[108.2558,22.08]],[[108.9827,22.08],[108.9827,21.96]],[[109.1038,21.96],[109.1038,22.08]],[[109.3462,21.96],[109.225,21.96]],[[109.4673,21.96],[109.3462,21.96]],[[109.5885,21.96],[109.4673,21.96]],[[111.2846,22.08],[111.4058,22.08]],[[111.4058,21.96],[111.2846,21.96]],[[111.5269,21.96],[111.4058,21.96]],[[111.6481,21.96],[111.5269,21.96]],[[112.4962,21.96],[112.375,21.96]],[[112.7385,22.08],[112.7385,21.96]],[[112.9808,22.08],[112.9808,21.96]],[[112.9808,21.96],[112.8596,21.96]],[[112.8596,21.96],[112.8596,22.08]],[[120.8558,22.08],[120.8558,21.96]],[[120.8558,21.96],[120.7346,21.96]],[[120.7346,21.96],[120.7346,22.08]],[[106.9231,21.84],[106.8019,21.84]],[[106.8019,21.84],[106.8019,21.96]],[[107.0442,21.84],[106.9231,21.84]],[[107.7712,21.84],[107.65,21.84]],[[108.1346,21.96],[108.2558,21.96]],[[108.6192,21.84],[108.4981,21.84]],[[108.8615,21.84],[108.7404,21.84]],[[108.9827,21.84],[108.8615,21.84]],[[108.9827,21.96],[109.1038,21.96]],[[109.1038,21.84],[108.9827,21.84]],[[109.225,21.96],[109.225,21.84]],[[109.5885,21.84],[109.5885,21.96]],[[111.2846,21.96],[111.2846,21.84]],[[111.7692,21.84],[111.6481,21.84]],[[111.6481,21.84],[111.6481,21.96]],[[112.375,21.96],[112.375,21.84]],[[112.4962,21.84],[112.4962,21.96]],[[112.7385,21.96],[112.7385,21.84]],[[112.7385,21.84],[112.6173,21.84]],[[107.1654,21.72],[107.0442,21.72]],[[107.0442,21.72],[107.0442,21.84]],[[107.2865,21.72],[107.1654,21.72]],[[107.65,21.84],[107.65,21.72]],[[107.7712,21.72],[107.7712,21.84]],[[108.3769,21.72],[108.2558,21.72]],[[108.4981,21.84],[108.4981,21.72]],[[108.7404,21.84],[108.7404,21.72]],[[108.7404,21.72],[108.6192,21.72]],[[108.6192,21.72],[108.6192,21.84]],[[109.1038,21.72],[109.1038,21.84]],[[109.225,21.84],[109.3462,21.84]],[[109.3462,21.84],[109.4673,21.84]],[[109.4673,21.84],[109.5885,21.84]],[[109.8308,21.72],[109.7096,21.72]],[[111.2846,21.84],[111.4058,21.84]],[[111.4058,21.84],[111.5269,21.84]],[[111.5269,21.84],[111.6481,21.84]],[[111.6481,21.84],[111.6481,21.72]],[[111.8904,21.72],[111.7692,21.72]],[[111.7692,21.72],[111.7692,21.84]],[[112.0115,21.72],[111.8904,21.72]],[[112.1327,21.72],[112.0115,21.72]],[[112.2538,21.72],[112.1327,21.72]],[[112.375,21.84],[112.375,21.72]],[[112.375,21.72],[112.2538,21.72]],[[112.6173,21.84],[112.6173,21.72]],[[112.6173,21.72],[112.4962,21.72]],[[112.4962,21.72],[112.4962,21.84]],[[107.4077,21.6],[107.2865,21.6]],[[107.2865,21.6],[107.2865,21.72]],[[107.5288,21.6],[107.4077,21.6]],[[107.65,21.6],[107.5288,21.6]],[[107.65,21.72],[107.7712,21.72]],[[107.7712,21.6],[107.65,21.6]],[[107.8923,21.6],[107.7712,21.6]],[[108.0135,21.6],[107.8923,21.6]],[[108.2558,21.72],[108.2558,21.6]],[[108.4981,21.72],[108.4981,21.6]],[[108.4981,21.6],[108.3769,21.6]],[[108.3769,21.6],[108.3769,21.72]],[[108.9827,21.72],[109.1038,21.72]],[[109.1038,21.6],[108.9827,21.6]],[[108.9827,21.6],[108.9827,21.72]],[[109.7096,21.72],[109.7096,21.6]],[[109.7096,21.6],[109.5885,21.6]],[[109.9519,21.6],[109.8308,21.6]],[[109.8308,21.6],[109.8308,21.72]],[[111.4058,21.6],[111.2846,21.6]],[[111.5269,21.6],[111.4058,21.6]],[[111.6481,21.6],[111.5269,21.6]],[[111.6481,21.72],[111.7692,21.72]],[[111.7692,21.72],[111.7692,21.6]],[[111.7692,21.6],[111.6481,21.6]],[[108.1346,21.48],[108.0135,21.48]],[[108.0135,21.48],[108.0135,21.6]],[[108.2558,21.6],[108.2558,21.48]],[[108.2558,21.48],[108.1346,21.48]],[[109.225,21.48],[109.1038,21.48]],[[109.1038,21.48],[109.1038,21.6]],[[109.3462,21.48],[109.225,21.48]],[[109.4673,21.48],[109.3462,21.48]],[[109.5885,21.6],[109.5885,21.48]],[[109.5885,21.48],[109.4673,21.48]],[[110.0731,21.48],[109.9519,21.48]],[[109.9519,21.48],[109.9519,21.6]],[[111.0423,21.48],[110.9212,21.48]],[[111.1635,21.48],[111.0423,21.48]],[[111.2846,21.6],[111.2846,21.48]],[[111.2846,21.48],[111.1635,21.48]],[[110.0731,21.36],[110.0731,21.48]],[[110.4365,21.36],[110.3154,21.36]],[[110.8,21.36],[110.6788,21.36]],[[110.9212,21.48],[110.9212,21.36]],[[110.9212,21.36],[110.8,21.36]],[[109.9519,21.36],[110.0731,21.36]],[[109.9519,21.24],[109.9519,21.36]],[[110.3154,21.36],[110.3154,21.24]],[[110.5577,21.24],[110.4365,21.24]],[[110.4365,21.24],[110.4365,21.36]],[[110.6788,21.36],[110.6788,21.24]],[[110.6788,21.24],[110.5577,21.24]],[[109.7096,21.24],[109.8308,21.24]],[[109.7096,21.12],[109.7096,21.24]],[[109.8308,21.24],[109.9519,21.24]],[[110.3154,21.24],[110.3154,21.12]],[[109.7096,21.0],[109.7096,21.12]],[[110.3154,21.12],[110.3154,21.0]],[[110.3154,21.0],[110.1942,21.0]],[[109.8308,20.88],[109.7096,20.88]],[[109.7096,20.88],[109.7096,21.0]],[[110.1942,21.0],[110.1942,20.88]],[[109.8308,20.76],[109.8308,20.88]],[[110.1942,20.88],[110.1942,20.76]],[[109.9519,20.64],[109.8308,20.64]],[[109.8308,20.64],[109.8308,20.76]],[[110.1942,20.76],[110.3154,20.76]],[[110.3154,20.76],[110.3154,20.64]],[[109.9519,20.52],[109.9519,20.64]],[[110.3154,20.64],[110.4365,20.64]],[[110.4365,20.64],[110.4365,20.52]],[[109.9519,20.4],[109.9519,20.52]],[[110.4365,20.52],[110.5577,20.52]],[[110.5577,20.52],[110.5577,20.4]],[[110.5577,20.4],[110.4365,20.4]],[[110.0731,20.28],[109.9519,20.28]],[[109.9519,20.28],[109.9519,20.4]],[[110.1942,20.28],[110.0731,20.28]],[[110.3154,20.28],[110.1942,20.28]],[[110.4365,20.4],[110.4365,20.28]],[[110.4365,20.28],[110.3154,20.28]],[[109.8308,20.04],[109.9519,20.04]],[[109.8308,19.92],[109.8308,20.04]],[[109.9519,20.04],[110.0731,20.04]],[[110.0731,20.04],[110.1942,20.04]],[[110.1942,20.04],[110.3154,20.04]],[[110.3154,20.04],[110.4365,20.04]],[[110.4365,20.04],[110.5577,20.04]],[[110.5577,20.04],[110.5577,19.92]],[[110.6788,20.04],[110.8,20.04]],[[110.8,20.04],[110.8,19.92]],[[110.6788,19.92],[110.6788,20.04]],[[109.5885,19.92],[109.7096,19.92]],[[109.7096,19.8],[109.5885,19.8]],[[109.5885,19.8],[109.5885,19.92]],[[109.7096,19.92],[109.8308,19.92]],[[110.5577,19.92],[110.6788,19.92]],[[110.8,19.92],[110.9212,19.92]],[[110.9212,19.92],[110.9212,19.8]],[[109.3462,19.8],[109.4673,19.8]],[[109.3462,19.68],[109.3462,19.8]],[[109.4673,19.8],[109.5885,19.8]],[[109.5885,19.8],[109.5885,19.68]],[[109.8308,19.68],[109.7096,19.68]],[[109.7096,19.68],[109.7096,19.8]],[[110.3154,19.68],[110.1942,19.68]],[[110.9212,19.8],[110.9212,19.68]],[[109.1038,19.68],[109.225,19.68]],[[109.1038,19.56],[109.1038,19.68]],[[109.225,19.68],[109.3462,19.68]],[[109.5885,19.68],[109.7096,19.68]],[[109.7096,19.68],[109.7096,19.56]],[[109.8308,19.56],[109.8308,19.68]],[[110.0731,19.56],[109.9519,19.56]],[[110.1942,19.68],[110.1942,19.56]],[[110.3154,19.56],[110.3154,19.68]],[[110.9212,19.56],[110.8,19.56]],[[110.9212,19.68],[111.0423,19.68]],[[111.0423,19.68],[111.0423,19.56]],[[111.0423,19.56],[110.9212,19.56]],[[108.9827,19.56],[109.1038,19.56]],[[108.9827,19.44],[108.9827,19.56]],[[109.7096,19.56],[109.8308,19.56]],[[109.9519,19.56],[109.9519,19.44]],[[109.9519,19.44],[109.8308,19.44]],[[110.1942,19.56],[110.1942,19.44]],[[110.0731,19.44],[110.0731,19.56]],[[110.3154,19.44],[110.3154,19.56]],[[110.8,19.56],[110.8,19.44]],[[110.8,19.44],[110.6788,19.44]],[[108.8615,19.44],[108.9827,19.44]],[[108.8615,19.32],[108.8615,19.44]],[[109.8308,19.44],[109.8308,19.32]],[[109.9519,19.44],[110.0731,19.44]],[[109.9519,19.32],[109.9519,19.44]],[[110.1942,19.44],[110.1942,19.32]],[[110.3154,19.32],[110.3154,19.44]],[[110.6788,19.44],[110.6788,19.32]],[[110.6788,19.32],[110.5577,19.32]],[[108.6192,19.32],[108.7404,19.32]],[[108.6192,19.2],[108.6192,19.32]],[[108.7404,19.32],[108.8615,19.32]],[[109.8308,19.32],[109.9519,19.32]],[[110.1942,19.32],[110.1942,19.2]],[[110.3154,19.2],[110.3154,19.32]],[[110.5577,19.32],[110.5577,19.2]],[[110.5577,19.2],[110.4365,19.2]],[[108.6192,19.08],[108.6192,19.2]],[[109.1038,19.08],[108.9827,19.08]],[[109.5885,19.08],[109.4673,19.08]],[[110.1942,19.2],[110.3154,19.2]],[[110.3154,19.08],[110.1942,19.08]],[[110.4365,19.2],[110.4365,19.08]],[[110.4365,19.08],[110.3154,19.08]],[[108.6192,18.96],[108.6192,19.08]],[[108.9827,19.08],[108.9827,18.96]],[[109.225,18.96],[109.1038,18.96]],[[109.1038,18.96],[109.1038,19.08]],[[109.4673,19.08],[109.4673,18.96]],[[109.5885,18.96],[109.5885,19.08]],[[110.1942,19.08],[110.1942,18.96]],[[110.1942,18.96],[110.0731,18.96]],[[110.4365,19.08],[110.5577,19.08]],[[110.5577,19.08],[110.5577,18.96]],[[110.5577,18.96],[110.4365,18.96]],[[110.4365,18.96],[110.4365,19.08]],[[108.7404,18.84],[108.6192,18.84]],[[108.6192,18.84],[108.6192,18.96]],[[108.9827,18.96],[109.1038,18.96]],[[109.1038,18.96],[109.1038,18.84]],[[109.225,18.84],[109.225,18.96]],[[109.4673,18.96],[109.5885,18.96]],[[109.8308,18.84],[109.7096,18.84]],[[110.0731,18.96],[110.0731,18.84]],[[110.0731,18.84],[109.9519,18.84]],[[110.3154,18.96],[110.4365,18.96]],[[110.4365,18.96],[110.4365,18.84]],[[110.3154,18.84],[110.3154,18.96]],[[108.7404,18.72],[108.7404,18.84]],[[109.1038,18.84],[109.225,18.84]],[[109.7096,18.84],[109.7096,18.72]],[[109.9519,18.84],[109.9519,18.72]],[[109.9519,18.72],[109.8308,18.72]],[[109.8308,18.72],[109.8308,18.84]],[[110.0731,18.84],[110.1942,18.84]],[[110.1942,18.72],[110.0731,18.72]],[[110.0731,18.72],[110.0731,18.84]],[[110.1942,18.84],[110.3154,18.84]],[[110.3154,18.72],[110.1942,18.72]],[[110.4365,18.84],[110.4365,18.72]],[[110.4365,18.72],[110.3154,18.72]],[[108.7404,18.6],[108.7404,18.72]],[[109.7096,18.72],[109.7096,18.6]],[[108.8615,18.48],[108.7404,18.48]],[[108.7404,18.48],[108.7404,18.6]],[[108.9827,18.48],[108.8615,18.48]],[[109.1038,18.48],[108.9827,18.48]],[[109.7096,18.6],[109.7096,18.48]],[[109.225,18.36],[109.1038,18.36]],[[109.1038,18.36],[109.1038,18.48]],[[109.7096,18.48],[109.7096,18.36]],[[109.7096,18.36],[109.5885,18.36]],[[109.3462,18.24],[109.225,18.24]],[[109.225,18.24],[109.225,18.36]],[[109.4673,18.24],[109.3462,18.24]],[[109.5885,18.36],[109.5885,18.24]],[[109.5885,18.24],[109.5885,18.12]],[[109.5885,18.12],[109.4673,18.12]],[[109.4673,18.12],[109.4673,18.24]]]}},{"type":"Feature","properties":{"regime_key":"liao","regime_name":"Liao","regime_name_zh":"辽","color":"#6a5acd","kind":"regime_outer_boundary","year":1080,"method":"rasterized union mask from Hartwell-derived polygons","grid_width":520,"grid_height":300,"accuracy_note":"Coarse visual outer boundary for map readability; not a strict historical boundary."},"geometry":{"type":"MultiLineString","coordinates":[[[122.6731,53.52],[122.7942,53.52]],[[122.6731,53.4],[122.6731,53.52]],[[122.7942,53.52],[122.9154,53.52]],[[122.9154,53.52],[123.0365,53.52]],[[123.0365,53.52],[123.1577,53.52]],[[123.1577,53.52],[123.2788,53.52]],[[123.2788,53.52],[123.4,53.52]],[[123.4,53.52],[123.5212,53.52]],[[123.5212,53.52],[123.6423,53.52]],[[123.6423,53.52],[123.7635,53.52]],[[123.7635,53.52],[123.8846,53.52]],[[123.8846,53.52],[123.8846,53.4]],[[121.4615,53.4],[121.5827,53.4]],[[121.4615,53.28],[121.4615,53.4]],[[121.5827,53.4],[121.7038,53.4]],[[121.7038,53.4],[121.825,53.4]],[[121.825,53.4],[121.9462,53.4]],[[121.9462,53.4],[122.0673,53.4]],[[122.0673,53.4],[122.1885,53.4]],[[122.1885,53.4],[122.3096,53.4]],[[122.3096,53.4],[122.4308,53.4]],[[122.4308,53.4],[122.5519,53.4]],[[122.5519,53.4],[122.6731,53.4]],[[123.8846,53.4],[124.0058,53.4]],[[124.0058,53.4],[124.1269,53.4]],[[124.1269,53.4],[124.2481,53.4]],[[124.2481,53.4],[124.2481,53.28]],[[121.2192,53.28],[121.3404,53.28]],[[121.2192,53.16],[121.2192,53.28]],[[121.3404,53.28],[121.4615,53.28]],[[124.2481,53.28],[124.3692,53.28]],[[124.3692,53.28],[124.4904,53.28]],[[124.4904,53.28],[124.6115,53.28]],[[124.6115,53.28],[124.6115,53.16]],[[120.8558,53.16],[120.9769,53.16]],[[120.8558,53.04],[120.8558,53.16]],[[120.9769,53.16],[121.0981,53.16]],[[121.0981,53.16],[121.2192,53.16]],[[124.6115,53.16],[124.7327,53.16]],[[124.7327,53.16],[124.8538,53.16]],[[124.8538,53.16],[124.975,53.16]],[[124.975,53.16],[125.0962,53.16]],[[125.0962,53.16],[125.0962,53.04]],[[120.6135,53.04],[120.7346,53.04]],[[120.6135,52.92],[120.6135,53.04]],[[120.7346,53.04],[120.8558,53.04]],[[125.0962,53.04],[125.2173,53.04]],[[125.2173,53.04],[125.3385,53.04]],[[125.3385,53.04],[125.4596,53.04]],[[125.4596,53.04],[125.4596,52.92]],[[120.25,52.92],[120.3712,52.92]],[[120.25,52.8],[120.25,52.92]],[[120.3712,52.92],[120.4923,52.92]],[[120.4923,52.92],[120.6135,52.92]],[[125.4596,52.92],[125.5808,52.92]],[[125.5808,52.92],[125.7019,52.92]],[[125.7019,52.92],[125.8231,52.92]],[[125.8231,52.92],[125.8231,52.8]],[[120.0077,52.8],[120.1288,52.8]],[[120.1288,52.68],[120.0077,52.68]],[[120.0077,52.68],[120.0077,52.8]],[[120.1288,52.8],[120.25,52.8]],[[120.25,52.68],[120.1288,52.68]],[[125.8231,52.8],[125.9442,52.8]],[[125.9442,52.8],[126.0654,52.8]],[[126.0654,52.8],[126.1865,52.8]],[[126.1865,52.8],[126.1865,52.68]],[[120.3712,52.56],[120.25,52.56]],[[120.25,52.56],[120.25,52.68]],[[126.1865,52.68],[126.1865,52.56]],[[120.4923,52.44],[120.3712,52.44]],[[120.3712,52.44],[120.3712,52.56]],[[126.1865,52.56],[126.1865,52.44]],[[120.6135,52.32],[120.4923,52.32]],[[120.4923,52.32],[120.4923,52.44]],[[122.7942,52.32],[122.6731,52.32]],[[126.1865,52.44],[126.3077,52.44]],[[126.3077,52.44],[126.3077,52.32]],[[120.7346,52.2],[120.6135,52.2]],[[120.6135,52.2],[120.6135,52.32]],[[122.6731,52.32],[122.6731,52.2]],[[122.7942,52.2],[122.7942,52.32]],[[126.3077,52.32],[126.3077,52.2]],[[120.7346,52.08],[120.7346,52.2]],[[122.6731,52.2],[122.7942,52.2]],[[126.3077,52.2],[126.4288,52.2]],[[126.4288,52.2],[126.4288,52.08]],[[120.6135,52.08],[120.7346,52.08]],[[120.6135,51.96],[120.6135,52.08]],[[126.4288,52.08],[126.4288,51.96]],[[120.4923,51.96],[120.6135,51.96]],[[120.4923,51.84],[120.4923,51.96]],[[122.7942,51.84],[122.6731,51.84]],[[126.4288,51.96],[126.55,51.96]],[[126.55,51.96],[126.55,51.84]],[[120.3712,51.84],[120.4923,51.84]],[[120.3712,51.72],[120.3712,51.84]],[[122.6731,51.84],[122.6731,51.72]],[[122.9154,51.72],[122.7942,51.72]],[[122.7942,51.72],[122.7942,51.84]],[[126.55,51.84],[126.55,51.72]],[[120.25,51.72],[120.3712,51.72]],[[120.25,51.6],[120.25,51.72]],[[122.6731,51.72],[122.6731,51.6]],[[122.9154,51.6],[122.9154,51.72]],[[126.55,51.72],[126.6712,51.72]],[[126.6712,51.72],[126.6712,51.6]],[[120.25,51.48],[120.25,51.6]],[[122.6731,51.6],[122.6731,51.48]],[[122.9154,51.48],[122.9154,51.6]],[[126.6712,51.6],[126.6712,51.48]],[[120.1288,51.48],[120.25,51.48]],[[120.1288,51.36],[120.1288,51.48]],[[122.6731,51.48],[122.6731,51.36]],[[122.7942,51.48],[122.9154,51.48]],[[122.7942,51.36],[122.7942,51.48]],[[126.6712,51.48],[126.7923,51.48]],[[126.7923,51.48],[126.7923,51.36]],[[120.0077,51.36],[120.1288,51.36]],[[120.0077,51.24],[120.0077,51.36]],[[122.6731,51.36],[122.6731,51.24]],[[122.7942,51.24],[122.7942,51.36]],[[126.7923,51.36],[126.7923,51.24]],[[119.8865,51.24],[120.0077,51.24]],[[119.8865,51.12],[119.8865,51.24]],[[122.6731,51.24],[122.7942,51.24]],[[126.7923,51.24],[126.9135,51.24]],[[126.9135,51.24],[126.9135,51.12]],[[119.7654,51.12],[119.8865,51.12]],[[119.7654,51.0],[119.7654,51.12]],[[126.9135,51.12],[126.9135,51.0]],[[119.6442,51.0],[119.7654,51.0]],[[119.6442,50.88],[119.6442,51.0]],[[126.9135,51.0],[127.0346,51.0]],[[127.0346,51.0],[127.0346,50.88]],[[119.5231,50.88],[119.6442,50.88]],[[119.5231,50.76],[119.5231,50.88]],[[122.5519,50.76],[122.4308,50.76]],[[127.0346,50.88],[127.0346,50.76]],[[119.4019,50.76],[119.5231,50.76]],[[119.4019,50.64],[119.4019,50.76]],[[122.3096,50.64],[122.1885,50.64]],[[122.4308,50.76],[122.4308,50.64]],[[122.4308,50.64],[122.3096,50.64]],[[122.5519,50.64],[122.5519,50.76]],[[127.0346,50.76],[127.1558,50.76]],[[127.1558,50.76],[127.1558,50.64]],[[119.2808,50.64],[119.4019,50.64]],[[119.2808,50.52],[119.2808,50.64]],[[122.1885,50.64],[122.1885,50.52]],[[122.1885,50.52],[122.0673,50.52]],[[122.4308,50.64],[122.5519,50.64]],[[122.4308,50.52],[122.4308,50.64]],[[127.1558,50.64],[127.1558,50.52]],[[119.1596,50.52],[119.2808,50.52]],[[119.1596,50.4],[119.1596,50.52]],[[122.0673,50.52],[122.0673,50.4]],[[122.0673,50.4],[121.9462,50.4]],[[122.4308,50.4],[122.4308,50.52]],[[127.1558,50.52],[127.2769,50.52]],[[127.2769,50.52],[127.2769,50.4]],[[119.2808,50.28],[119.1596,50.28]],[[119.1596,50.28],[119.1596,50.4]],[[121.9462,50.4],[121.9462,50.28]],[[122.0673,50.4],[122.1885,50.4]],[[122.0673,50.28],[122.0673,50.4]],[[122.1885,50.4],[122.3096,50.4]],[[122.3096,50.4],[122.4308,50.4]],[[127.2769,50.4],[127.2769,50.28]],[[119.2808,50.16],[119.2808,50.28]],[[121.9462,50.28],[122.0673,50.28]],[[127.2769,50.28],[127.2769,50.16]],[[119.1596,50.16],[119.2808,50.16]],[[119.1596,50.04],[119.1596,50.16]],[[127.2769,50.16],[127.3981,50.16]],[[127.3981,50.16],[127.3981,50.04]],[[118.9173,50.04],[119.0385,50.04]],[[118.9173,49.92],[118.9173,50.04]],[[119.0385,50.04],[119.1596,50.04]],[[122.3096,49.92],[122.1885,49.92]],[[127.3981,50.04],[127.3981,49.92]],[[118.675,49.92],[118.7962,49.92]],[[118.675,49.8],[118.675,49.92]],[[118.7962,49.92],[118.9173,49.92]],[[122.1885,49.92],[122.1885,49.8]],[[122.3096,49.8],[122.3096,49.92]],[[127.3981,49.92],[127.5192,49.92]],[[127.5192,49.92],[127.5192,49.8]],[[116.6154,49.8],[116.7365,49.8]],[[116.6154,49.68],[116.6154,49.8]],[[116.7365,49.8],[116.8577,49.8]],[[116.8577,49.8],[116.8577,49.68]],[[118.4327,49.8],[118.5538,49.8]],[[118.4327,49.68],[118.4327,49.8]],[[118.5538,49.8],[118.675,49.8]],[[122.1885,49.8],[122.3096,49.8]],[[125.2173,49.68],[125.0962,49.68]],[[127.5192,49.8],[127.6404,49.8]],[[127.6404,49.8],[127.7615,49.8]],[[127.7615,49.8],[127.8827,49.8]],[[127.8827,49.8],[127.8827,49.68]],[[116.4942,49.68],[116.6154,49.68]],[[116.4942,49.56],[116.4942,49.68]],[[116.8577,49.68],[116.9788,49.68]],[[116.9788,49.68],[117.1,49.68]],[[117.1,49.68],[117.2212,49.68]],[[117.2212,49.68],[117.3423,49.68]],[[117.3423,49.68],[117.3423,49.56]],[[118.0692,49.68],[118.1904,49.68]],[[118.0692,49.56],[118.0692,49.68]],[[118.1904,49.68],[118.3115,49.68]],[[118.3115,49.68],[118.4327,49.68]],[[125.0962,49.68],[125.0962,49.56]],[[125.2173,49.56],[125.2173,49.68]],[[127.8827,49.68],[128.0038,49.68]],[[128.0038,49.68],[128.125,49.68]],[[128.125,49.68],[128.2462,49.68]],[[128.2462,49.68],[128.3673,49.68]],[[128.3673,49.68],[128.3673,49.56]],[[116.4942,49.44],[116.4942,49.56]],[[117.3423,49.56],[117.4635,49.56]],[[117.4635,49.56],[117.5846,49.56]],[[117.5846,49.56],[117.7058,49.56]],[[117.7058,49.56],[117.8269,49.56]],[[117.8269,49.56],[117.9481,49.56]],[[117.9481,49.56],[118.0692,49.56]],[[125.0962,49.56],[125.2173,49.56]],[[128.3673,49.56],[128.4885,49.56]],[[128.4885,49.56],[128.6096,49.56]],[[128.6096,49.56],[128.7308,49.56]],[[128.7308,49.56],[128.8519,49.56]],[[128.8519,49.56],[128.8519,49.44]],[[116.3731,49.44],[116.4942,49.44]],[[116.3731,49.32],[116.3731,49.44]],[[128.8519,49.44],[128.9731,49.44]],[[128.9731,49.44],[129.0942,49.44]],[[129.0942,49.44],[129.2154,49.44]],[[129.2154,49.44],[129.3365,49.44]],[[129.3365,49.44],[129.3365,49.32]],[[129.4577,49.44],[129.5788,49.44]],[[129.5788,49.44],[129.5788,49.32]],[[129.4577,49.32],[129.4577,49.44]],[[116.2519,49.32],[116.3731,49.32]],[[116.2519,49.2],[116.2519,49.32]],[[123.4,49.2],[123.2788,49.2]],[[129.3365,49.32],[129.3365,49.2]],[[129.4577,49.2],[129.4577,49.32]],[[129.5788,49.32],[129.7,49.32]],[[129.7,49.32],[129.8212,49.32]],[[129.8212,49.32],[129.8212,49.2]],[[87.2962,49.2],[87.4173,49.2]],[[87.2962,49.08],[87.2962,49.2]],[[87.4173,49.2],[87.5385,49.2]],[[87.5385,49.2],[87.6596,49.2]],[[87.6596,49.2],[87.7808,49.2]],[[87.7808,49.2],[87.7808,49.08]],[[116.1308,49.2],[116.2519,49.2]],[[116.1308,49.08],[116.1308,49.2]],[[123.2788,49.2],[123.2788,49.08]],[[123.4,49.08],[123.4,49.2]],[[129.3365,49.2],[129.4577,49.2]],[[129.8212,49.2],[129.9423,49.2]],[[129.9423,49.2],[130.0635,49.2]],[[130.0635,49.2],[130.0635,49.08]],[[86.6904,49.08],[86.8115,49.08]],[[86.6904,48.96],[86.6904,49.08]],[[86.8115,49.08],[86.9327,49.08]],[[86.9327,49.08],[87.0538,49.08]],[[87.0538,49.08],[87.175,49.08]],[[87.175,49.08],[87.2962,49.08]],[[87.7808,49.08],[87.9019,49.08]],[[87.9019,49.08],[87.9019,48.96]],[[116.1308,48.96],[116.1308,49.08]],[[123.2788,49.08],[123.4,49.08]],[[130.0635,49.08],[130.1846,49.08]],[[130.1846,49.08],[130.3058,49.08]],[[130.3058,49.08],[130.3058,48.96]],[[86.5692,48.96],[86.6904,48.96]],[[86.5692,48.84],[86.5692,48.96]],[[87.9019,48.96],[87.9019,48.84]],[[116.0096,48.96],[116.1308,48.96]],[[116.0096,48.84],[116.0096,48.96]],[[130.3058,48.96],[130.4269,48.96]],[[130.4269,48.96],[130.5481,48.96]],[[130.5481,48.96],[130.6692,48.96]],[[130.6692,48.96],[130.6692,48.84]],[[86.4481,48.84],[86.5692,48.84]],[[86.4481,48.72],[86.4481,48.84]],[[87.9019,48.84],[87.9019,48.72]],[[115.8885,48.84],[116.0096,48.84]],[[115.8885,48.72],[115.8885,48.84]],[[130.6692,48.84],[130.6692,48.72]],[[86.3269,48.72],[86.4481,48.72]],[[86.3269,48.6],[86.3269,48.72]],[[87.9019,48.72],[87.9019,48.6]],[[115.8885,48.6],[115.8885,48.72]],[[130.6692,48.72],[130.6692,48.6]],[[86.2058,48.6],[86.3269,48.6]],[[86.2058,48.48],[86.2058,48.6]],[[87.9019,48.6],[87.9019,48.48]],[[115.7673,48.6],[115.8885,48.6]],[[115.7673,48.48],[115.7673,48.6]],[[124.1269,48.48],[124.0058,48.48]],[[130.6692,48.6],[130.7904,48.6]],[[130.7904,48.6],[130.7904,48.48]],[[130.7904,48.48],[130.6692,48.48]],[[86.0846,48.48],[86.2058,48.48]],[[86.0846,48.36],[86.0846,48.48]],[[87.9019,48.48],[88.0231,48.48]],[[88.0231,48.48],[88.1442,48.48]],[[88.1442,48.48],[88.1442,48.36]],[[115.6462,48.48],[115.7673,48.48]],[[115.6462,48.36],[115.6462,48.48]],[[124.0058,48.48],[124.0058,48.36]],[[124.1269,48.36],[124.1269,48.48]],[[130.6692,48.48],[130.6692,48.36]],[[85.9635,48.36],[86.0846,48.36]],[[85.9635,48.24],[85.9635,48.36]],[[88.1442,48.36],[88.2654,48.36]],[[88.2654,48.36],[88.3865,48.36]],[[88.3865,48.36],[88.3865,48.24]],[[115.6462,48.24],[115.6462,48.36]],[[123.7635,48.24],[123.6423,48.24]],[[124.0058,48.36],[124.1269,48.36]],[[130.6692,48.36],[130.7904,48.36]],[[130.7904,48.36],[130.7904,48.24]],[[134.3038,48.36],[134.425,48.36]],[[134.3038,48.24],[134.3038,48.36]],[[134.425,48.36],[134.5462,48.36]],[[134.5462,48.36],[134.6673,48.36]],[[134.6673,48.36],[134.6673,48.24]],[[85.8423,48.24],[85.9635,48.24]],[[85.8423,48.12],[85.8423,48.24]],[[88.3865,48.24],[88.5077,48.24]],[[88.5077,48.24],[88.6288,48.24]],[[88.6288,48.24],[88.6288,48.12]],[[115.525,48.24],[115.6462,48.24]],[[115.6462,48.12],[115.525,48.12]],[[115.525,48.12],[115.525,48.24]],[[123.6423,48.24],[123.6423,48.12]],[[123.7635,48.12],[123.7635,48.24]],[[125.4596,48.12],[125.3385,48.12]],[[130.3058,48.12],[130.1846,48.12]],[[130.7904,48.24],[130.9115,48.24]],[[130.9115,48.24],[130.9115,48.12]],[[133.9404,48.24],[134.0615,48.24]],[[133.9404,48.12],[133.9404,48.24]],[[134.0615,48.24],[134.1827,48.24]],[[134.1827,48.24],[134.3038,48.24]],[[134.6673,48.24],[134.6673,48.12]],[[85.6,48.12],[85.7212,48.12]],[[85.6,48.0],[85.6,48.12]],[[85.7212,48.12],[85.8423,48.12]],[[88.6288,48.12],[88.75,48.12]],[[88.75,48.12],[88.8712,48.12]],[[88.8712,48.12],[88.8712,48.0]],[[115.6462,48.0],[115.6462,48.12]],[[118.1904,48.0],[118.0692,48.0]],[[118.3115,48.0],[118.1904,48.0]],[[118.4327,48.0],[118.3115,48.0]],[[123.4,48.0],[123.2788,48.0]],[[123.6423,48.12],[123.7635,48.12]],[[124.4904,48.0],[124.3692,48.0]],[[125.3385,48.12],[125.3385,48.0]],[[125.4596,48.0],[125.4596,48.12]],[[126.1865,48.0],[126.0654,48.0]],[[128.125,48.0],[128.0038,48.0]],[[128.2462,48.0],[128.125,48.0]],[[130.1846,48.12],[130.1846,48.0]],[[130.3058,48.0],[130.3058,48.12]],[[130.9115,48.12],[130.9115,48.0]],[[133.4558,48.12],[133.5769,48.12]],[[133.4558,48.0],[133.4558,48.12]],[[133.5769,48.12],[133.6981,48.12]],[[133.6981,48.12],[133.8192,48.12]],[[133.8192,48.12],[133.9404,48.12]],[[134.6673,48.12],[134.6673,48.0]],[[85.4788,48.0],[85.6,48.0]],[[85.4788,47.88],[85.4788,48.0]],[[88.8712,48.0],[88.9923,48.0]],[[88.9923,48.0],[89.1135,48.0]],[[89.1135,48.0],[89.1135,47.88]],[[115.7673,47.88],[115.6462,47.88]],[[115.6462,47.88],[115.6462,48.0]],[[116.6154,47.88],[116.4942,47.88]],[[116.7365,47.88],[116.6154,47.88]],[[116.8577,47.88],[116.7365,47.88]],[[116.9788,47.88],[116.8577,47.88]],[[117.9481,47.88],[117.8269,47.88]],[[118.0692,48.0],[118.0692,47.88]],[[118.0692,47.88],[117.9481,47.88]],[[118.5538,47.88],[118.4327,47.88]],[[118.4327,47.88],[118.4327,48.0]],[[118.675,47.88],[118.5538,47.88]],[[123.1577,47.88],[123.0365,47.88]],[[123.2788,48.0],[123.2788,47.88]],[[123.4,47.88],[123.4,48.0]],[[123.8846,47.88],[123.7635,47.88]],[[124.0058,47.88],[123.8846,47.88]],[[124.1269,47.88],[124.0058,47.88]],[[124.3692,48.0],[124.3692,47.88]],[[124.4904,47.88],[124.4904,48.0]],[[125.3385,48.0],[125.4596,48.0]],[[126.0654,48.0],[126.0654,47.88]],[[126.3077,47.88],[126.1865,47.88]],[[126.1865,47.88],[126.1865,48.0]],[[127.5192,47.88],[127.3981,47.88]],[[127.6404,47.88],[127.5192,47.88]],[[128.0038,48.0],[128.0038,47.88]],[[128.2462,47.88],[128.2462,48.0]],[[130.1846,48.0],[130.3058,48.0]],[[130.9115,48.0],[130.9115,47.88]],[[132.9712,48.0],[133.0923,48.0]],[[132.9712,47.88],[132.9712,48.0]],[[133.0923,48.0],[133.2135,48.0]],[[133.2135,48.0],[133.3346,48.0]],[[133.3346,48.0],[133.4558,48.0]],[[134.6673,48.0],[134.6673,47.88]],[[85.4788,47.76],[85.4788,47.88]],[[89.1135,47.88],[89.2346,47.88]],[[89.2346,47.88],[89.3558,47.88]],[[89.3558,47.88],[89.4769,47.88]],[[89.4769,47.88],[89.5981,47.88]],[[89.5981,47.88],[89.7192,47.88]],[[89.7192,47.88],[89.8404,47.88]],[[89.8404,47.88],[89.9615,47.88]],[[89.9615,47.88],[90.0827,47.88]],[[90.0827,47.88],[90.0827,47.76]],[[115.8885,47.76],[115.7673,47.76]],[[115.7673,47.76],[115.7673,47.88]],[[116.1308,47.76],[116.0096,47.76]],[[116.2519,47.76],[116.1308,47.76]],[[116.3731,47.76],[116.2519,47.76]],[[116.4942,47.88],[116.4942,47.76]],[[116.4942,47.76],[116.3731,47.76]],[[117.1,47.76],[116.9788,47.76]],[[116.9788,47.76],[116.9788,47.88]],[[117.2212,47.76],[117.1,47.76]],[[117.5846,47.76],[117.4635,47.76]],[[117.7058,47.76],[117.5846,47.76]],[[117.8269,47.88],[117.8269,47.76]],[[117.8269,47.76],[117.7058,47.76]],[[118.7962,47.76],[118.675,47.76]],[[118.675,47.76],[118.675,47.88]],[[118.9173,47.76],[118.7962,47.76]],[[120.7346,47.76],[120.6135,47.76]],[[123.0365,47.88],[123.0365,47.76]],[[123.0365,47.76],[122.9154,47.76]],[[123.2788,47.76],[123.1577,47.76]],[[123.1577,47.76],[123.1577,47.88]],[[123.2788,47.88],[123.4,47.88]],[[123.4,47.76],[123.2788,47.76]],[[123.5212,47.76],[123.4,47.76]],[[123.6423,47.76],[123.5212,47.76]],[[123.7635,47.88],[123.7635,47.76]],[[124.1269,47.76],[124.1269,47.88]],[[124.3692,47.88],[124.4904,47.88]],[[126.0654,47.88],[126.1865,47.88]],[[126.1865,47.88],[126.1865,47.76]],[[126.3077,47.76],[126.3077,47.88]],[[127.3981,47.88],[127.3981,47.76]],[[127.6404,47.76],[127.6404,47.88]],[[128.0038,47.88],[128.0038,47.76]],[[128.2462,47.76],[128.2462,47.88]],[[130.9115,47.88],[130.9115,47.76]],[[132.6077,47.88],[132.7288,47.88]],[[132.6077,47.76],[132.6077,47.88]],[[132.7288,47.88],[132.85,47.88]],[[132.85,47.88],[132.9712,47.88]],[[134.6673,47.88],[134.7885,47.88]],[[134.7885,47.88],[134.7885,47.76]],[[85.4788,47.64],[85.4788,47.76]],[[90.0827,47.76],[90.2038,47.76]],[[90.2038,47.76],[90.2038,47.64]],[[116.0096,47.76],[116.0096,47.64]],[[116.0096,47.64],[115.8885,47.64]],[[115.8885,47.64],[115.8885,47.76]],[[117.3423,47.64],[117.2212,47.64]],[[117.2212,47.64],[117.2212,47.76]],[[117.4635,47.76],[117.4635,47.64]],[[117.4635,47.64],[117.3423,47.64]],[[119.0385,47.64],[118.9173,47.64]],[[118.9173,47.64],[118.9173,47.76]],[[119.1596,47.64],[119.0385,47.64]],[[120.4923,47.64],[120.3712,47.64]],[[120.6135,47.76],[120.6135,47.64]],[[120.7346,47.64],[120.7346,47.76]],[[122.7942,47.64],[122.6731,47.64]],[[122.9154,47.76],[122.9154,47.64]],[[122.9154,47.64],[122.7942,47.64]],[[123.0365,47.76],[123.1577,47.76]],[[123.1577,47.76],[123.1577,47.64]],[[123.1577,47.64],[123.0365,47.64]],[[123.0365,47.64],[123.0365,47.76]],[[123.6423,47.64],[123.6423,47.76]],[[123.7635,47.76],[123.8846,47.76]],[[123.8846,47.76],[124.0058,47.76]],[[124.0058,47.76],[124.1269,47.76]],[[126.1865,47.76],[126.1865,47.64]],[[126.3077,47.64],[126.3077,47.76]],[[127.3981,47.76],[127.5192,47.76]],[[127.5192,47.76],[127.6404,47.76]],[[128.0038,47.76],[128.125,47.76]],[[128.125,47.76],[128.125,47.64]],[[128.3673,47.64],[128.2462,47.64]],[[128.2462,47.64],[128.2462,47.76]],[[130.9115,47.76],[131.0327,47.76]],[[131.0327,47.76],[131.0327,47.64]],[[132.1231,47.76],[132.2442,47.76]],[[132.1231,47.64],[132.1231,47.76]],[[132.2442,47.76],[132.3654,47.76]],[[132.3654,47.76],[132.4865,47.76]],[[132.4865,47.76],[132.6077,47.76]],[[134.7885,47.76],[134.7885,47.64]],[[134.7885,47.64],[134.6673,47.64]],[[85.4788,47.52],[85.4788,47.64]],[[90.2038,47.64],[90.325,47.64]],[[90.325,47.64],[90.325,47.52]],[[119.2808,47.52],[119.1596,47.52]],[[119.1596,47.52],[119.1596,47.64]],[[119.4019,47.52],[119.2808,47.52]],[[120.3712,47.64],[120.3712,47.52]],[[120.6135,47.52],[120.4923,47.52]],[[120.4923,47.52],[120.4923,47.64]],[[120.6135,47.64],[120.7346,47.64]],[[122.6731,47.64],[122.6731,47.52]],[[122.6731,47.52],[122.5519,47.52]],[[123.2788,47.64],[123.4,47.64]],[[123.2788,47.52],[123.2788,47.64]],[[123.4,47.64],[123.5212,47.64]],[[123.5212,47.64],[123.6423,47.64]],[[126.1865,47.64],[126.3077,47.64]],[[128.125,47.64],[128.2462,47.64]],[[128.2462,47.64],[128.2462,47.52]],[[128.3673,47.52],[128.3673,47.64]],[[131.0327,47.64],[131.1538,47.64]],[[131.1538,47.64],[131.275,47.64]],[[131.275,47.64],[131.3962,47.64]],[[131.3962,47.64],[131.5173,47.64]],[[131.5173,47.64],[131.6385,47.64]],[[131.6385,47.64],[131.7596,47.64]],[[131.7596,47.64],[131.8808,47.64]],[[131.8808,47.64],[132.0019,47.64]],[[132.0019,47.64],[132.1231,47.64]],[[134.6673,47.64],[134.6673,47.52]],[[134.6673,47.52],[134.5462,47.52]],[[85.4788,47.4],[85.4788,47.52]],[[90.325,47.52],[90.325,47.4]],[[119.5231,47.4],[119.4019,47.4]],[[119.4019,47.4],[119.4019,47.52]],[[119.6442,47.4],[119.5231,47.4]],[[120.3712,47.52],[120.4923,47.52]],[[120.4923,47.52],[120.4923,47.4]],[[120.6135,47.4],[120.6135,47.52]],[[122.4308,47.4],[122.3096,47.4]],[[122.5519,47.52],[122.5519,47.4]],[[122.7942,47.52],[122.9154,47.52]],[[122.7942,47.4],[122.7942,47.52]],[[122.9154,47.52],[123.0365,47.52]],[[123.0365,47.52],[123.1577,47.52]],[[123.1577,47.52],[123.2788,47.52]],[[128.2462,47.52],[128.2462,47.4]],[[128.4885,47.4],[128.3673,47.4]],[[128.3673,47.4],[128.3673,47.52]],[[134.5462,47.52],[134.5462,47.4]],[[85.4788,47.28],[85.4788,47.4]],[[90.325,47.4],[90.4462,47.4]],[[90.4462,47.4],[90.4462,47.28]],[[119.6442,47.28],[119.6442,47.4]],[[120.4923,47.4],[120.6135,47.4]],[[120.9769,47.28],[120.8558,47.28]],[[121.0981,47.28],[120.9769,47.28]],[[121.2192,47.28],[121.0981,47.28]],[[121.3404,47.28],[121.2192,47.28]],[[121.4615,47.28],[121.3404,47.28]],[[122.3096,47.4],[122.3096,47.28]],[[122.4308,47.28],[122.4308,47.4]],[[122.5519,47.4],[122.6731,47.4]],[[122.6731,47.4],[122.7942,47.4]],[[128.2462,47.4],[128.3673,47.4]],[[128.3673,47.4],[128.3673,47.28]],[[128.4885,47.28],[128.4885,47.4]],[[134.5462,47.4],[134.5462,47.28]],[[134.5462,47.28],[134.425,47.28]],[[85.4788,47.16],[85.4788,47.28]],[[90.4462,47.28],[90.5673,47.28]],[[90.5673,47.28],[90.5673,47.16]],[[119.6442,47.16],[119.6442,47.28]],[[120.8558,47.28],[120.8558,47.16]],[[121.4615,47.16],[121.4615,47.28]],[[122.3096,47.28],[122.4308,47.28]],[[128.3673,47.28],[128.4885,47.28]],[[129.8212,47.16],[129.7,47.16]],[[134.425,47.28],[134.425,47.16]],[[134.425,47.16],[134.3038,47.16]],[[85.6,47.04],[85.4788,47.04]],[[85.4788,47.04],[85.4788,47.16]],[[85.7212,47.04],[85.6,47.04]],[[85.8423,47.04],[85.7212,47.04]],[[85.9635,47.04],[85.8423,47.04]],[[86.0846,47.04],[85.9635,47.04]],[[86.2058,47.04],[86.0846,47.04]],[[86.3269,47.04],[86.2058,47.04]],[[86.4481,47.04],[86.3269,47.04]],[[86.5692,47.04],[86.4481,47.04]],[[86.6904,47.04],[86.5692,47.04]],[[86.8115,47.04],[86.6904,47.04]],[[86.9327,47.04],[86.8115,47.04]],[[87.0538,47.04],[86.9327,47.04]],[[90.5673,47.16],[90.6885,47.16]],[[90.6885,47.16],[90.6885,47.04]],[[119.7654,47.04],[119.6442,47.04]],[[119.6442,47.04],[119.6442,47.16]],[[120.8558,47.16],[120.9769,47.16]],[[120.9769,47.16],[121.0981,47.16]],[[121.0981,47.16],[121.2192,47.16]],[[121.2192,47.16],[121.3404,47.16]],[[121.3404,47.16],[121.4615,47.16]],[[129.7,47.16],[129.7,47.04]],[[129.7,47.04],[129.5788,47.04]],[[129.8212,47.04],[129.8212,47.16]],[[134.3038,47.16],[134.3038,47.04]],[[134.3038,47.04],[134.1827,47.04]],[[87.0538,46.92],[87.0538,47.04]],[[90.6885,47.04],[90.6885,46.92]],[[119.7654,46.92],[119.7654,47.04]],[[129.5788,47.04],[129.5788,46.92]],[[129.5788,46.92],[129.4577,46.92]],[[129.8212,46.92],[129.8212,47.04]],[[134.1827,47.04],[134.1827,46.92]],[[87.0538,46.8],[87.0538,46.92]],[[90.6885,46.92],[90.8096,46.92]],[[90.8096,46.92],[90.8096,46.8]],[[119.7654,46.8],[119.7654,46.92]],[[129.4577,46.92],[129.4577,46.8]],[[129.4577,46.8],[129.3365,46.8]],[[129.7,46.92],[129.8212,46.92]],[[129.7,46.8],[129.7,46.92]],[[130.1846,46.8],[130.0635,46.8]],[[134.1827,46.92],[134.1827,46.8]],[[134.1827,46.8],[134.0615,46.8]],[[87.0538,46.68],[87.0538,46.8]],[[90.8096,46.8],[90.9308,46.8]],[[90.9308,46.8],[90.9308,46.68]],[[118.5538,46.8],[118.675,46.8]],[[118.5538,46.68],[118.5538,46.8]],[[118.675,46.8],[118.7962,46.8]],[[118.7962,46.8],[118.9173,46.8]],[[118.9173,46.8],[119.0385,46.8]],[[119.0385,46.8],[119.0385,46.68]],[[119.7654,46.68],[119.7654,46.8]],[[129.3365,46.8],[129.3365,46.68]],[[129.7,46.68],[129.7,46.8]],[[129.9423,46.68],[129.8212,46.68]],[[130.0635,46.8],[130.0635,46.68]],[[130.1846,46.68],[130.1846,46.8]],[[134.0615,46.8],[134.0615,46.68]],[[134.0615,46.68],[133.9404,46.68]],[[87.175,46.56],[87.0538,46.56]],[[87.0538,46.56],[87.0538,46.68]],[[90.9308,46.68],[91.0519,46.68]],[[91.0519,46.68],[91.0519,46.56]],[[118.0692,46.68],[118.1904,46.68]],[[118.0692,46.56],[118.0692,46.68]],[[118.1904,46.68],[118.3115,46.68]],[[118.3115,46.68],[118.4327,46.68]],[[118.4327,46.68],[118.5538,46.68]],[[119.0385,46.68],[119.1596,46.68]],[[119.1596,46.68],[119.2808,46.68]],[[119.2808,46.68],[119.2808,46.56]],[[119.7654,46.56],[119.7654,46.68]],[[127.6404,46.56],[127.5192,46.56]],[[127.7615,46.56],[127.6404,46.56]],[[128.125,46.56],[128.0038,46.56]],[[129.3365,46.68],[129.3365,46.56]],[[129.8212,46.68],[129.8212,46.56]],[[129.7,46.56],[129.7,46.68]],[[129.9423,46.56],[129.9423,46.68]],[[130.0635,46.68],[130.1846,46.68]],[[133.9404,46.68],[133.9404,46.56]],[[133.9404,46.56],[133.8192,46.56]],[[87.175,46.44],[87.175,46.56]],[[91.0519,46.56],[91.0519,46.44]],[[91.0519,46.44],[90.9308,46.44]],[[117.4635,46.56],[117.5846,46.56]],[[117.4635,46.44],[117.4635,46.56]],[[117.5846,46.56],[117.7058,46.56]],[[117.7058,46.56],[117.8269,46.56]],[[117.8269,46.56],[117.9481,46.56]],[[117.9481,46.56],[118.0692,46.56]],[[119.2808,46.56],[119.4019,46.56]],[[119.4019,46.56],[119.4019,46.44]],[[119.6442,46.56],[119.7654,46.56]],[[119.6442,46.44],[119.6442,46.56]],[[125.5808,46.44],[125.4596,46.44]],[[127.5192,46.56],[127.5192,46.44]],[[127.7615,46.44],[127.7615,46.56]],[[128.0038,46.56],[128.0038,46.44]],[[128.125,46.44],[128.125,46.56]],[[129.3365,46.44],[129.2154,46.44]],[[129.3365,46.56],[129.4577,46.56]],[[129.4577,46.56],[129.5788,46.56]],[[129.5788,46.56],[129.7,46.56]],[[129.8212,46.56],[129.9423,46.56]],[[133.8192,46.56],[133.8192,46.44]],[[87.175,46.32],[87.175,46.44]],[[90.9308,46.44],[90.9308,46.32]],[[116.8577,46.44],[116.9788,46.44]],[[116.8577,46.32],[116.8577,46.44]],[[116.9788,46.44],[117.1,46.44]],[[117.1,46.44],[117.2212,46.44]],[[117.2212,46.44],[117.3423,46.44]],[[117.3423,46.44],[117.4635,46.44]],[[119.4019,46.44],[119.5231,46.44]],[[119.5231,46.44],[119.6442,46.44]],[[125.4596,46.44],[125.4596,46.32]],[[125.4596,46.32],[125.3385,46.32]],[[125.5808,46.32],[125.5808,46.44]],[[127.5192,46.44],[127.5192,46.32]],[[127.7615,46.32],[127.7615,46.44]],[[128.0038,46.44],[128.125,46.44]],[[129.2154,46.44],[129.2154,46.32]],[[129.3365,46.32],[129.3365,46.44]],[[133.8192,46.44],[133.8192,46.32]],[[133.8192,46.32],[133.6981,46.32]],[[87.175,46.2],[87.175,46.32]],[[90.9308,46.32],[90.9308,46.2]],[[90.9308,46.2],[90.8096,46.2]],[[116.7365,46.32],[116.8577,46.32]],[[116.7365,46.2],[116.7365,46.32]],[[125.3385,46.32],[125.3385,46.2]],[[125.4596,46.32],[125.5808,46.32]],[[125.4596,46.2],[125.4596,46.32]],[[127.5192,46.32],[127.5192,46.2]],[[127.5192,46.2],[127.3981,46.2]],[[127.6404,46.32],[127.7615,46.32]],[[127.6404,46.2],[127.6404,46.32]],[[129.2154,46.32],[129.2154,46.2]],[[129.2154,46.2],[129.0942,46.2]],[[129.4577,46.2],[129.3365,46.2]],[[129.3365,46.2],[129.3365,46.32]],[[133.6981,46.32],[133.6981,46.2]],[[87.175,46.08],[87.175,46.2]],[[90.8096,46.2],[90.8096,46.08]],[[116.6154,46.2],[116.7365,46.2]],[[116.6154,46.08],[116.6154,46.2]],[[125.3385,46.2],[125.4596,46.2]],[[127.3981,46.2],[127.3981,46.08]],[[127.6404,46.08],[127.6404,46.2]],[[129.0942,46.2],[129.0942,46.08]],[[129.4577,46.08],[129.4577,46.2]],[[133.6981,46.2],[133.6981,46.08]],[[133.6981,46.08],[133.5769,46.08]],[[87.175,45.96],[87.175,46.08]],[[90.8096,46.08],[90.8096,45.96]],[[90.8096,45.96],[90.6885,45.96]],[[116.3731,46.08],[116.4942,46.08]],[[116.3731,45.96],[116.3731,46.08]],[[116.4942,46.08],[116.6154,46.08]],[[126.6712,45.96],[126.55,45.96]],[[126.7923,45.96],[126.6712,45.96]],[[126.9135,45.96],[126.7923,45.96]],[[127.0346,45.96],[126.9135,45.96]],[[127.1558,45.96],[127.0346,45.96]],[[127.2769,45.96],[127.1558,45.96]],[[127.3981,46.08],[127.3981,45.96]],[[127.3981,45.96],[127.2769,45.96]],[[127.5192,46.08],[127.6404,46.08]],[[127.5192,45.96],[127.5192,46.08]],[[128.8519,45.96],[128.7308,45.96]],[[128.9731,45.96],[128.8519,45.96]],[[129.0942,46.08],[129.2154,46.08]],[[129.2154,46.08],[129.3365,46.08]],[[129.3365,46.08],[129.4577,46.08]],[[133.5769,46.08],[133.5769,45.96]],[[133.5769,45.96],[133.4558,45.96]],[[87.2962,45.84],[87.175,45.84]],[[87.175,45.84],[87.175,45.96]],[[90.6885,45.96],[90.6885,45.84]],[[116.2519,45.96],[116.3731,45.96]],[[116.2519,45.84],[116.2519,45.96]],[[124.1269,45.84],[124.0058,45.84]],[[126.4288,45.84],[126.3077,45.84]],[[126.55,45.96],[126.55,45.84]],[[126.55,45.84],[126.4288,45.84]],[[127.3981,45.96],[127.5192,45.96]],[[127.3981,45.84],[127.3981,45.96]],[[128.7308,45.96],[128.7308,45.84]],[[128.9731,45.84],[128.9731,45.96]],[[133.4558,45.96],[133.4558,45.84]],[[87.2962,45.72],[87.2962,45.84]],[[90.6885,45.84],[90.6885,45.72]],[[90.6885,45.72],[90.5673,45.72]],[[116.1308,45.84],[116.2519,45.84]],[[116.1308,45.72],[116.1308,45.84]],[[124.0058,45.84],[124.0058,45.72]],[[124.1269,45.72],[124.1269,45.84]],[[126.3077,45.84],[126.3077,45.72]],[[126.6712,45.84],[126.7923,45.84]],[[126.6712,45.72],[126.6712,45.84]],[[126.7923,45.84],[126.9135,45.84]],[[126.9135,45.84],[127.0346,45.84]],[[127.0346,45.84],[127.1558,45.84]],[[127.1558,45.84],[127.2769,45.84]],[[127.2769,45.84],[127.3981,45.84]],[[128.7308,45.84],[128.8519,45.84]],[[128.8519,45.84],[128.9731,45.84]],[[133.4558,45.84],[133.4558,45.72]],[[133.4558,45.72],[133.3346,45.72]],[[87.2962,45.6],[87.2962,45.72]],[[90.5673,45.72],[90.5673,45.6]],[[90.5673,45.6],[90.4462,45.6]],[[116.0096,45.72],[116.1308,45.72]],[[116.0096,45.6],[116.0096,45.72]],[[124.0058,45.72],[124.1269,45.72]],[[124.2481,45.6],[124.1269,45.6]],[[124.3692,45.6],[124.2481,45.6]],[[126.3077,45.6],[126.1865,45.6]],[[126.3077,45.72],[126.4288,45.72]],[[126.4288,45.6],[126.3077,45.6]],[[126.4288,45.72],[126.55,45.72]],[[126.55,45.72],[126.6712,45.72]],[[133.3346,45.72],[133.3346,45.6]],[[87.2962,45.48],[87.2962,45.6]],[[90.4462,45.6],[90.4462,45.48]],[[115.6462,45.6],[115.7673,45.6]],[[115.6462,45.48],[115.6462,45.6]],[[115.7673,45.6],[115.8885,45.6]],[[115.8885,45.6],[115.8885,45.48]],[[116.0096,45.48],[116.0096,45.6]],[[123.2788,45.48],[123.1577,45.48]],[[124.1269,45.6],[124.1269,45.48]],[[124.4904,45.48],[124.3692,45.48]],[[124.3692,45.48],[124.3692,45.6]],[[125.8231,45.48],[125.7019,45.48]],[[126.1865,45.6],[126.1865,45.48]],[[126.4288,45.48],[126.4288,45.6]],[[126.7923,45.48],[126.6712,45.48]],[[133.3346,45.6],[133.3346,45.48]],[[133.3346,45.48],[133.2135,45.48]],[[87.2962,45.36],[87.2962,45.48]],[[90.4462,45.48],[90.4462,45.36]],[[90.4462,45.36],[90.325,45.36]],[[114.6769,45.48],[114.7981,45.48]],[[114.6769,45.36],[114.6769,45.48]],[[114.7981,45.48],[114.9192,45.48]],[[114.9192,45.48],[115.0404,45.48]],[[115.0404,45.48],[115.1615,45.48]],[[115.1615,45.48],[115.2827,45.48]],[[115.2827,45.48],[115.4038,45.48]],[[115.4038,45.48],[115.525,45.48]],[[115.525,45.48],[115.6462,45.48]],[[115.8885,45.48],[115.8885,45.36]],[[116.0096,45.36],[116.0096,45.48]],[[123.1577,45.48],[123.1577,45.36]],[[123.4,45.36],[123.2788,45.36]],[[123.2788,45.36],[123.2788,45.48]],[[124.1269,45.48],[124.1269,45.36]],[[124.4904,45.36],[124.4904,45.48]],[[125.7019,45.48],[125.7019,45.36]],[[125.9442,45.36],[125.8231,45.36]],[[125.8231,45.36],[125.8231,45.48]],[[126.1865,45.48],[126.3077,45.48]],[[126.3077,45.48],[126.4288,45.48]],[[126.55,45.36],[126.4288,45.36]],[[126.6712,45.48],[126.6712,45.36]],[[126.6712,45.36],[126.55,45.36]],[[126.7923,45.36],[126.7923,45.48]],[[132.0019,45.36],[131.8808,45.36]],[[133.2135,45.48],[133.2135,45.36]],[[133.2135,45.36],[133.0923,45.36]],[[87.2962,45.24],[87.2962,45.36]],[[90.325,45.36],[90.325,45.24]],[[114.4346,45.36],[114.5558,45.36]],[[114.4346,45.24],[114.4346,45.36]],[[114.5558,45.36],[114.6769,45.36]],[[115.8885,45.36],[116.0096,45.36]],[[116.1308,45.24],[116.0096,45.24]],[[119.5231,45.24],[119.4019,45.24]],[[123.1577,45.36],[123.2788,45.36]],[[123.2788,45.36],[123.2788,45.24]],[[123.4,45.24],[123.4,45.36]],[[124.1269,45.36],[124.2481,45.36]],[[124.2481,45.36],[124.3692,45.36]],[[124.3692,45.36],[124.4904,45.36]],[[125.7019,45.36],[125.8231,45.36]],[[125.8231,45.36],[125.8231,45.24]],[[126.0654,45.24],[125.9442,45.24]],[[125.9442,45.24],[125.9442,45.36]],[[126.3077,45.24],[126.1865,45.24]],[[126.4288,45.36],[126.4288,45.24]],[[126.4288,45.24],[126.3077,45.24]],[[126.6712,45.36],[126.7923,45.36]],[[126.6712,45.24],[126.6712,45.36]],[[131.7596,45.24],[131.6385,45.24]],[[131.8808,45.36],[131.8808,45.24]],[[131.8808,45.24],[131.7596,45.24]],[[132.1231,45.24],[132.0019,45.24]],[[132.0019,45.24],[132.0019,45.36]],[[132.2442,45.24],[132.1231,45.24]],[[132.3654,45.24],[132.2442,45.24]],[[132.4865,45.24],[132.3654,45.24]],[[133.0923,45.36],[133.0923,45.24]],[[87.4173,45.12],[87.2962,45.12]],[[87.2962,45.12],[87.2962,45.24]],[[90.325,45.24],[90.325,45.12]],[[90.325,45.12],[90.2038,45.12]],[[114.1923,45.24],[114.3135,45.24]],[[114.1923,45.12],[114.1923,45.24]],[[114.3135,45.24],[114.4346,45.24]],[[116.0096,45.24],[116.0096,45.12]],[[116.1308,45.12],[116.1308,45.24]],[[118.1904,45.12],[118.0692,45.12]],[[119.4019,45.24],[119.4019,45.12]],[[119.4019,45.12],[119.2808,45.12]],[[119.5231,45.12],[119.5231,45.24]],[[123.2788,45.24],[123.2788,45.12]],[[123.4,45.12],[123.4,45.24]],[[125.8231,45.24],[125.9442,45.24]],[[125.9442,45.24],[125.9442,45.12]],[[126.1865,45.24],[126.1865,45.12]],[[126.1865,45.12],[126.0654,45.12]],[[126.0654,45.12],[126.0654,45.24]],[[126.4288,45.24],[126.55,45.24]],[[126.4288,45.12],[126.4288,45.24]],[[126.55,45.24],[126.6712,45.24]],[[131.5173,45.12],[131.3962,45.12]],[[131.6385,45.24],[131.6385,45.12]],[[131.6385,45.12],[131.5173,45.12]],[[132.6077,45.12],[132.4865,45.12]],[[132.4865,45.12],[132.4865,45.24]],[[132.7288,45.12],[132.6077,45.12]],[[132.85,45.12],[132.7288,45.12]],[[133.0923,45.24],[133.0923,45.12]],[[133.0923,45.12],[132.9712,45.12]],[[87.5385,45.0],[87.4173,45.0]],[[87.4173,45.0],[87.4173,45.12]],[[87.6596,45.0],[87.5385,45.0]],[[87.7808,45.0],[87.6596,45.0]],[[87.9019,45.0],[87.7808,45.0]],[[88.0231,45.0],[87.9019,45.0]],[[88.1442,45.0],[88.0231,45.0]],[[88.2654,45.0],[88.1442,45.0]],[[88.3865,45.0],[88.2654,45.0]],[[88.5077,45.0],[88.3865,45.0]],[[88.6288,45.0],[88.5077,45.0]],[[88.75,45.0],[88.6288,45.0]],[[88.8712,45.0],[88.75,45.0]],[[88.9923,45.0],[88.8712,45.0]],[[89.1135,45.0],[88.9923,45.0]],[[89.2346,45.0],[89.1135,45.0]],[[89.3558,45.0],[89.2346,45.0]],[[89.4769,45.0],[89.3558,45.0]],[[89.5981,45.0],[89.4769,45.0]],[[89.7192,45.0],[89.5981,45.0]],[[89.8404,45.0],[89.7192,45.0]],[[89.9615,45.0],[89.8404,45.0]],[[90.0827,45.0],[89.9615,45.0]],[[90.2038,45.12],[90.2038,45.0]],[[90.2038,45.0],[90.0827,45.0]],[[114.0712,45.12],[114.1923,45.12]],[[114.0712,45.0],[114.0712,45.12]],[[116.0096,45.12],[116.1308,45.12]],[[116.2519,45.0],[116.1308,45.0]],[[118.0692,45.12],[118.0692,45.0]],[[118.1904,45.0],[118.1904,45.12]],[[119.2808,45.12],[119.2808,45.0]],[[119.5231,45.0],[119.5231,45.12]],[[123.2788,45.12],[123.4,45.12]],[[123.5212,45.0],[123.4,45.0]],[[125.9442,45.12],[126.0654,45.12]],[[126.0654,45.12],[126.0654,45.0]],[[126.3077,45.12],[126.4288,45.12]],[[126.3077,45.0],[126.3077,45.12]],[[131.275,45.0],[131.1538,45.0]],[[131.3962,45.12],[131.3962,45.0]],[[131.3962,45.0],[131.275,45.0]],[[132.9712,45.12],[132.9712,45.0]],[[132.9712,45.0],[132.85,45.0]],[[132.85,45.0],[132.85,45.12]],[[111.7692,45.0],[111.8904,45.0]],[[111.7692,44.88],[111.7692,45.0]],[[111.8904,45.0],[112.0115,45.0]],[[112.0115,45.0],[112.1327,45.0]],[[112.1327,45.0],[112.2538,45.0]],[[112.2538,45.0],[112.375,45.0]],[[112.375,45.0],[112.4962,45.0]],[[112.4962,45.0],[112.6173,45.0]],[[112.6173,45.0],[112.7385,45.0]],[[112.7385,45.0],[112.8596,45.0]],[[112.8596,45.0],[112.8596,44.88]],[[113.8288,45.0],[113.95,45.0]],[[113.8288,44.88],[113.8288,45.0]],[[113.95,45.0],[114.0712,45.0]],[[116.1308,45.0],[116.1308,44.88]],[[116.2519,44.88],[116.2519,45.0]],[[118.0692,45.0],[118.1904,45.0]],[[119.2808,45.0],[119.2808,44.88]],[[119.5231,44.88],[119.5231,45.0]],[[123.4,45.0],[123.4,44.88]],[[123.5212,44.88],[123.5212,45.0]],[[125.3385,44.88],[125.2173,44.88]],[[126.0654,44.88],[125.9442,44.88]],[[126.0654,45.0],[126.1865,45.0]],[[126.1865,45.0],[126.3077,45.0]],[[131.0327,44.88],[130.9115,44.88]],[[131.1538,45.0],[131.1538,44.88]],[[131.1538,44.88],[131.0327,44.88]],[[111.6481,44.88],[111.7692,44.88]],[[111.6481,44.76],[111.6481,44.88]],[[112.8596,44.88],[112.9808,44.88]],[[112.9808,44.88],[113.1019,44.88]],[[113.1019,44.88],[113.2231,44.88]],[[113.2231,44.88],[113.3442,44.88]],[[113.3442,44.88],[113.3442,44.76]],[[113.5865,44.88],[113.7077,44.88]],[[113.5865,44.76],[113.5865,44.88]],[[113.7077,44.88],[113.8288,44.88]],[[116.1308,44.88],[116.2519,44.88]],[[119.2808,44.88],[119.2808,44.76]],[[119.5231,44.76],[119.5231,44.88]],[[123.4,44.88],[123.5212,44.88]],[[125.2173,44.88],[125.2173,44.76]],[[125.3385,44.76],[125.3385,44.88]],[[125.9442,44.88],[125.9442,44.76]],[[126.1865,44.76],[126.0654,44.76]],[[126.0654,44.76],[126.0654,44.88]],[[126.3077,44.76],[126.1865,44.76]],[[126.4288,44.76],[126.3077,44.76]],[[130.9115,44.88],[130.9115,44.76]],[[111.6481,44.64],[111.6481,44.76]],[[113.3442,44.76],[113.4654,44.76]],[[113.4654,44.76],[113.5865,44.76]],[[119.2808,44.76],[119.4019,44.76]],[[119.4019,44.76],[119.4019,44.64]],[[119.5231,44.64],[119.5231,44.76]],[[124.7327,44.64],[124.6115,44.64]],[[125.2173,44.76],[125.3385,44.76]],[[125.9442,44.76],[126.0654,44.76]],[[126.0654,44.76],[126.0654,44.64]],[[126.55,44.64],[126.4288,44.64]],[[126.4288,44.64],[126.4288,44.76]],[[126.6712,44.64],[126.55,44.64]],[[126.7923,44.64],[126.6712,44.64]],[[126.9135,44.64],[126.7923,44.64]],[[128.3673,44.64],[128.2462,44.64]],[[128.4885,44.64],[128.3673,44.64]],[[130.9115,44.76],[131.0327,44.76]],[[131.0327,44.76],[131.0327,44.64]],[[111.5269,44.64],[111.6481,44.64]],[[111.5269,44.52],[111.5269,44.64]],[[119.4019,44.64],[119.4019,44.52]],[[119.5231,44.52],[119.5231,44.64]],[[122.7942,44.52],[122.6731,44.52]],[[122.9154,44.52],[122.7942,44.52]],[[123.0365,44.52],[122.9154,44.52]],[[124.6115,44.64],[124.6115,44.52]],[[124.7327,44.52],[124.7327,44.64]],[[126.0654,44.64],[126.1865,44.64]],[[126.1865,44.64],[126.3077,44.64]],[[126.3077,44.64],[126.3077,44.52]],[[126.9135,44.52],[126.9135,44.64]],[[128.125,44.52],[128.0038,44.52]],[[128.2462,44.64],[128.2462,44.52]],[[128.2462,44.52],[128.125,44.52]],[[128.4885,44.52],[128.4885,44.64]],[[131.0327,44.64],[131.0327,44.52]],[[111.4058,44.52],[111.5269,44.52]],[[111.4058,44.4],[111.4058,44.52]],[[119.4019,44.52],[119.4019,44.4]],[[119.5231,44.4],[119.5231,44.52]],[[121.825,44.4],[121.7038,44.4]],[[122.0673,44.4],[121.9462,44.4]],[[122.1885,44.4],[122.0673,44.4]],[[122.3096,44.4],[122.1885,44.4]],[[122.4308,44.4],[122.3096,44.4]],[[122.5519,44.4],[122.4308,44.4]],[[122.6731,44.52],[122.6731,44.4]],[[122.6731,44.4],[122.5519,44.4]],[[123.0365,44.4],[123.0365,44.52]],[[124.6115,44.52],[124.6115,44.4]],[[124.7327,44.4],[124.7327,44.52]],[[126.3077,44.52],[126.4288,44.52]],[[126.4288,44.52],[126.55,44.52]],[[126.55,44.52],[126.6712,44.52]],[[126.6712,44.52],[126.7923,44.52]],[[126.7923,44.52],[126.9135,44.52]],[[128.0038,44.52],[128.0038,44.4]],[[128.2462,44.52],[128.3673,44.52]],[[128.2462,44.4],[128.2462,44.52]],[[128.3673,44.52],[128.4885,44.52]],[[131.0327,44.52],[131.0327,44.4]],[[111.5269,44.28],[111.4058,44.28]],[[111.4058,44.28],[111.4058,44.4]],[[119.4019,44.4],[119.5231,44.4]],[[119.6442,44.28],[119.5231,44.28]],[[121.7038,44.4],[121.7038,44.28]],[[121.9462,44.4],[121.9462,44.28]],[[121.825,44.28],[121.825,44.4]],[[122.7942,44.4],[122.9154,44.4]],[[122.7942,44.28],[122.7942,44.4]],[[122.9154,44.4],[123.0365,44.4]],[[123.2788,44.28],[123.1577,44.28]],[[124.6115,44.4],[124.7327,44.4]],[[127.7615,44.28],[127.6404,44.28]],[[128.0038,44.4],[128.0038,44.28]],[[128.2462,44.28],[128.2462,44.4]],[[131.0327,44.4],[131.0327,44.28]],[[111.6481,44.16],[111.5269,44.16]],[[111.5269,44.16],[111.5269,44.28]],[[119.5231,44.28],[119.5231,44.16]],[[119.6442,44.16],[119.6442,44.28]],[[121.7038,44.28],[121.825,44.28]],[[121.9462,44.28],[122.0673,44.28]],[[122.0673,44.28],[122.1885,44.28]],[[122.1885,44.28],[122.3096,44.28]],[[122.3096,44.28],[122.4308,44.28]],[[122.4308,44.28],[122.5519,44.28]],[[122.5519,44.28],[122.6731,44.28]],[[122.6731,44.28],[122.7942,44.28]],[[123.1577,44.28],[123.1577,44.16]],[[123.2788,44.16],[123.2788,44.28]],[[124.1269,44.16],[124.0058,44.16]],[[124.2481,44.16],[124.1269,44.16]],[[124.3692,44.16],[124.2481,44.16]],[[124.4904,44.16],[124.3692,44.16]],[[124.6115,44.16],[124.4904,44.16]],[[124.7327,44.16],[124.6115,44.16]],[[127.6404,44.28],[127.6404,44.16]],[[127.8827,44.16],[127.7615,44.16]],[[127.7615,44.16],[127.7615,44.28]],[[128.0038,44.16],[127.8827,44.16]],[[128.0038,44.28],[128.125,44.28]],[[128.125,44.28],[128.125,44.16]],[[128.125,44.16],[128.0038,44.16]],[[128.2462,44.16],[128.2462,44.28]],[[131.0327,44.28],[131.1538,44.28]],[[131.1538,44.28],[131.1538,44.16]],[[111.7692,44.04],[111.6481,44.04]],[[111.6481,44.04],[111.6481,44.16]],[[119.5231,44.16],[119.5231,44.04]],[[119.6442,44.04],[119.6442,44.16]],[[123.1577,44.16],[123.2788,44.16]],[[123.4,44.04],[123.2788,44.04]],[[124.0058,44.16],[124.0058,44.04]],[[124.8538,44.04],[124.7327,44.04]],[[124.7327,44.04],[124.7327,44.16]],[[127.6404,44.16],[127.6404,44.04]],[[128.125,44.16],[128.2462,44.16]],[[128.125,44.04],[128.125,44.16]],[[131.1538,44.16],[131.1538,44.04]],[[111.8904,43.92],[111.7692,43.92]],[[111.7692,43.92],[111.7692,44.04]],[[118.7962,43.92],[118.675,43.92]],[[119.2808,43.92],[119.1596,43.92]],[[119.5231,44.04],[119.6442,44.04]],[[123.2788,44.04],[123.2788,43.92]],[[123.4,43.92],[123.4,44.04]],[[124.0058,43.92],[123.8846,43.92]],[[124.0058,44.04],[124.1269,44.04]],[[124.1269,43.92],[124.0058,43.92]],[[124.1269,44.04],[124.2481,44.04]],[[124.2481,44.04],[124.3692,44.04]],[[124.3692,44.04],[124.3692,43.92]],[[124.8538,43.92],[124.8538,44.04]],[[127.6404,44.04],[127.7615,44.04]],[[127.7615,44.04],[127.7615,43.92]],[[128.0038,44.04],[128.125,44.04]],[[128.0038,43.92],[128.0038,44.04]],[[131.1538,44.04],[131.1538,43.92]],[[111.8904,43.8],[111.8904,43.92]],[[117.1,43.8],[116.9788,43.8]],[[118.675,43.92],[118.675,43.8]],[[118.675,43.8],[118.5538,43.8]],[[118.7962,43.8],[118.7962,43.92]],[[119.1596,43.92],[119.1596,43.8]],[[119.4019,43.8],[119.2808,43.8]],[[119.2808,43.8],[119.2808,43.92]],[[119.5231,43.8],[119.4019,43.8]],[[123.2788,43.92],[123.2788,43.8]],[[123.5212,43.8],[123.4,43.8]],[[123.4,43.8],[123.4,43.92]],[[123.8846,43.92],[123.8846,43.8]],[[124.2481,43.8],[124.1269,43.8]],[[124.1269,43.8],[124.1269,43.92]],[[124.3692,43.92],[124.4904,43.92]],[[124.4904,43.92],[124.6115,43.92]],[[124.6115,43.92],[124.7327,43.92]],[[124.7327,43.92],[124.8538,43.92]],[[127.7615,43.92],[127.7615,43.8]],[[128.0038,43.8],[128.0038,43.92]],[[131.1538,43.92],[131.1538,43.8]],[[111.8904,43.68],[111.8904,43.8]],[[116.9788,43.8],[116.9788,43.68]],[[117.1,43.68],[117.1,43.8]],[[118.4327,43.68],[118.3115,43.68]],[[118.5538,43.8],[118.5538,43.68]],[[118.675,43.8],[118.7962,43.8]],[[118.675,43.68],[118.675,43.8]],[[119.1596,43.8],[119.2808,43.8]],[[119.2808,43.8],[119.2808,43.68]],[[119.6442,43.68],[119.5231,43.68]],[[119.5231,43.68],[119.5231,43.8]],[[123.2788,43.8],[123.4,43.8]],[[123.4,43.8],[123.4,43.68]],[[123.5212,43.68],[123.5212,43.8]],[[123.8846,43.8],[123.8846,43.68]],[[123.8846,43.68],[123.7635,43.68]],[[124.2481,43.68],[124.2481,43.8]],[[127.7615,43.8],[127.8827,43.8]],[[127.8827,43.8],[128.0038,43.8]],[[131.1538,43.8],[131.275,43.8]],[[131.275,43.8],[131.275,43.68]],[[111.6481,43.68],[111.7692,43.68]],[[111.6481,43.56],[111.6481,43.68]],[[111.7692,43.68],[111.8904,43.68]],[[116.9788,43.68],[117.1,43.68]],[[118.3115,43.68],[118.3115,43.56]],[[118.4327,43.56],[118.4327,43.68]],[[118.5538,43.68],[118.675,43.68]],[[119.2808,43.68],[119.4019,43.68]],[[119.4019,43.68],[119.4019,43.56]],[[119.6442,43.56],[119.6442,43.68]],[[119.8865,43.56],[119.7654,43.56]],[[120.0077,43.56],[119.8865,43.56]],[[120.1288,43.56],[120.0077,43.56]],[[123.4,43.68],[123.4,43.56]],[[123.6423,43.56],[123.5212,43.56]],[[123.5212,43.56],[123.5212,43.68]],[[123.7635,43.68],[123.7635,43.56]],[[124.1269,43.68],[124.2481,43.68]],[[124.1269,43.56],[124.1269,43.68]],[[131.275,43.68],[131.275,43.56]],[[111.4058,43.56],[111.5269,43.56]],[[111.4058,43.44],[111.4058,43.56]],[[111.5269,43.56],[111.6481,43.56]],[[118.3115,43.56],[118.4327,43.56]],[[118.5538,43.44],[118.4327,43.44]],[[118.7962,43.44],[118.675,43.44]],[[118.9173,43.44],[118.7962,43.44]],[[119.0385,43.44],[118.9173,43.44]],[[119.1596,43.44],[119.0385,43.44]],[[119.4019,43.56],[119.5231,43.56]],[[119.5231,43.56],[119.6442,43.56]],[[119.7654,43.56],[119.7654,43.44]],[[120.25,43.44],[120.1288,43.44]],[[120.1288,43.44],[120.1288,43.56]],[[120.8558,43.44],[120.7346,43.44]],[[121.825,43.44],[121.7038,43.44]],[[123.4,43.56],[123.4,43.44]],[[123.6423,43.44],[123.6423,43.56]],[[123.7635,43.56],[123.8846,43.56]],[[123.8846,43.56],[124.0058,43.56]],[[124.0058,43.56],[124.1269,43.56]],[[126.0654,43.44],[125.9442,43.44]],[[126.1865,43.44],[126.0654,43.44]],[[126.3077,43.44],[126.1865,43.44]],[[126.4288,43.44],[126.3077,43.44]],[[126.55,43.44],[126.4288,43.44]],[[126.6712,43.44],[126.55,43.44]],[[126.7923,43.44],[126.6712,43.44]],[[126.9135,43.44],[126.7923,43.44]],[[127.6404,43.44],[127.5192,43.44]],[[131.275,43.56],[131.275,43.44]],[[111.1635,43.44],[111.2846,43.44]],[[111.1635,43.32],[111.1635,43.44]],[[111.2846,43.44],[111.4058,43.44]],[[118.4327,43.44],[118.4327,43.32]],[[118.675,43.44],[118.675,43.32]],[[118.675,43.32],[118.5538,43.32]],[[118.5538,43.32],[118.5538,43.44]],[[119.2808,43.32],[119.1596,43.32]],[[119.1596,43.32],[119.1596,43.44]],[[119.7654,43.44],[119.8865,43.44]],[[119.8865,43.44],[120.0077,43.44]],[[120.0077,43.44],[120.0077,43.32]],[[120.25,43.32],[120.25,43.44]],[[120.7346,43.44],[120.7346,43.32]],[[120.7346,43.32],[120.6135,43.32]],[[120.8558,43.32],[120.8558,43.44]],[[121.7038,43.44],[121.7038,43.32]],[[121.825,43.32],[121.825,43.44]],[[123.4,43.44],[123.5212,43.44]],[[123.5212,43.44],[123.5212,43.32]],[[123.7635,43.32],[123.6423,43.32]],[[123.6423,43.32],[123.6423,43.44]],[[125.9442,43.44],[125.9442,43.32]],[[126.9135,43.32],[126.9135,43.44]],[[127.5192,43.44],[127.5192,43.32]],[[127.6404,43.32],[127.6404,43.44]],[[131.275,43.44],[131.275,43.32]],[[110.9212,43.32],[111.0423,43.32]],[[110.9212,43.2],[110.9212,43.32]],[[111.0423,43.32],[111.1635,43.32]],[[118.4327,43.32],[118.5538,43.32]],[[118.5538,43.32],[118.5538,43.2]],[[119.2808,43.2],[119.2808,43.32]],[[120.0077,43.32],[120.1288,43.32]],[[120.1288,43.32],[120.25,43.32]],[[120.6135,43.32],[120.6135,43.2]],[[120.7346,43.32],[120.8558,43.32]],[[120.7346,43.2],[120.7346,43.32]],[[121.7038,43.32],[121.825,43.32]],[[123.5212,43.32],[123.5212,43.2]],[[123.7635,43.2],[123.7635,43.32]],[[125.9442,43.32],[126.0654,43.32]],[[126.0654,43.32],[126.1865,43.32]],[[126.1865,43.32],[126.3077,43.32]],[[126.3077,43.32],[126.4288,43.32]],[[126.4288,43.32],[126.55,43.32]],[[126.55,43.32],[126.6712,43.32]],[[126.6712,43.32],[126.7923,43.32]],[[126.7923,43.32],[126.9135,43.32]],[[127.5192,43.32],[127.6404,43.32]],[[131.275,43.32],[131.275,43.2]],[[131.275,43.2],[131.1538,43.2]],[[110.6788,43.2],[110.8,43.2]],[[110.6788,43.08],[110.6788,43.2]],[[110.8,43.2],[110.9212,43.2]],[[115.1615,43.08],[115.0404,43.08]],[[118.5538,43.2],[118.675,43.2]],[[118.675,43.2],[118.7962,43.2]],[[118.7962,43.2],[118.9173,43.2]],[[118.9173,43.2],[119.0385,43.2]],[[119.0385,43.2],[119.1596,43.2]],[[119.1596,43.2],[119.2808,43.2]],[[120.6135,43.2],[120.7346,43.2]],[[123.5212,43.2],[123.5212,43.08]],[[123.7635,43.08],[123.7635,43.2]],[[131.1538,43.2],[131.1538,43.08]],[[110.4365,43.08],[110.5577,43.08]],[[110.4365,42.96],[110.4365,43.08]],[[110.5577,43.08],[110.6788,43.08]],[[115.0404,43.08],[115.0404,42.96]],[[115.1615,42.96],[115.1615,43.08]],[[123.5212,43.08],[123.5212,42.96]],[[123.7635,42.96],[123.7635,43.08]],[[124.975,42.96],[124.8538,42.96]],[[129.9423,42.96],[129.8212,42.96]],[[130.0635,42.96],[129.9423,42.96]],[[131.1538,43.08],[131.1538,42.96]],[[131.1538,42.96],[131.0327,42.96]],[[110.1942,42.96],[110.3154,42.96]],[[110.1942,42.84],[110.1942,42.96]],[[110.3154,42.96],[110.4365,42.96]],[[115.0404,42.96],[115.1615,42.96]],[[119.1596,42.84],[119.0385,42.84]],[[119.8865,42.84],[119.7654,42.84]],[[120.0077,42.84],[119.8865,42.84]],[[120.6135,42.84],[120.4923,42.84]],[[122.6731,42.84],[122.5519,42.84]],[[122.7942,42.84],[122.6731,42.84]],[[122.9154,42.84],[122.7942,42.84]],[[123.0365,42.84],[122.9154,42.84]],[[123.5212,42.96],[123.5212,42.84]],[[123.6423,42.96],[123.7635,42.96]],[[123.6423,42.84],[123.6423,42.96]],[[124.1269,42.84],[124.0058,42.84]],[[124.2481,42.84],[124.1269,42.84]],[[124.3692,42.84],[124.2481,42.84]],[[124.4904,42.84],[124.3692,42.84]],[[124.8538,42.96],[124.8538,42.84]],[[124.975,42.84],[124.975,42.96]],[[125.7019,42.84],[125.5808,42.84]],[[127.7615,42.84],[127.6404,42.84]],[[129.8212,42.96],[129.8212,42.84]],[[130.1846,42.84],[130.0635,42.84]],[[130.0635,42.84],[130.0635,42.96]],[[130.7904,42.84],[130.6692,42.84]],[[130.9115,42.84],[130.7904,42.84]],[[131.0327,42.96],[131.0327,42.84]],[[131.0327,42.84],[130.9115,42.84]],[[110.0731,42.84],[110.1942,42.84]],[[110.0731,42.72],[110.0731,42.84]],[[114.1923,42.72],[114.0712,42.72]],[[114.3135,42.72],[114.1923,42.72]],[[114.4346,42.72],[114.3135,42.72]],[[117.9481,42.72],[117.8269,42.72]],[[119.0385,42.84],[119.0385,42.72]],[[119.1596,42.72],[119.1596,42.84]],[[119.6442,42.72],[119.5231,42.72]],[[119.7654,42.84],[119.7654,42.72]],[[119.7654,42.72],[119.6442,42.72]],[[120.0077,42.72],[120.0077,42.84]],[[120.4923,42.84],[120.4923,42.72]],[[120.7346,42.72],[120.6135,42.72]],[[120.6135,42.72],[120.6135,42.84]],[[122.5519,42.84],[122.5519,42.72]],[[123.1577,42.72],[123.0365,42.72]],[[123.0365,42.72],[123.0365,42.84]],[[123.2788,42.72],[123.1577,42.72]],[[123.4,42.72],[123.2788,42.72]],[[123.5212,42.84],[123.6423,42.84]],[[123.7635,42.72],[123.6423,42.72]],[[123.8846,42.72],[123.7635,42.72]],[[124.0058,42.84],[124.0058,42.72]],[[124.0058,42.72],[123.8846,42.72]],[[124.4904,42.72],[124.4904,42.84]],[[124.8538,42.84],[124.975,42.84]],[[125.0962,42.72],[124.975,42.72]],[[125.5808,42.84],[125.5808,42.72]],[[125.5808,42.72],[125.4596,42.72]],[[125.7019,42.72],[125.7019,42.84]],[[126.6712,42.72],[126.55,42.72]],[[127.6404,42.84],[127.6404,42.72]],[[127.7615,42.72],[127.7615,42.84]],[[129.8212,42.84],[129.8212,42.72]],[[130.3058,42.72],[130.1846,42.72]],[[130.1846,42.72],[130.1846,42.84]],[[130.5481,42.72],[130.4269,42.72]],[[130.6692,42.84],[130.6692,42.72]],[[130.6692,42.72],[130.5481,42.72]],[[109.8308,42.72],[109.9519,42.72]],[[109.8308,42.6],[109.8308,42.72]],[[109.9519,42.72],[110.0731,42.72]],[[114.0712,42.72],[114.0712,42.6]],[[114.5558,42.6],[114.4346,42.6]],[[114.4346,42.6],[114.4346,42.72]],[[115.525,42.6],[115.4038,42.6]],[[117.7058,42.6],[117.5846,42.6]],[[117.8269,42.72],[117.8269,42.6]],[[117.8269,42.6],[117.7058,42.6]],[[118.0692,42.6],[117.9481,42.6]],[[117.9481,42.6],[117.9481,42.72]],[[118.1904,42.6],[118.0692,42.6]],[[118.3115,42.6],[118.1904,42.6]],[[118.4327,42.6],[118.3115,42.6]],[[118.5538,42.6],[118.4327,42.6]],[[119.0385,42.72],[119.1596,42.72]],[[119.5231,42.72],[119.5231,42.6]],[[119.7654,42.72],[119.8865,42.72]],[[119.7654,42.6],[119.7654,42.72]],[[119.8865,42.72],[120.0077,42.72]],[[120.4923,42.72],[120.6135,42.72]],[[120.6135,42.72],[120.6135,42.6]],[[120.7346,42.6],[120.7346,42.72]],[[122.5519,42.72],[122.6731,42.72]],[[122.6731,42.72],[122.7942,42.72]],[[122.7942,42.72],[122.7942,42.6]],[[123.4,42.6],[123.4,42.72]],[[123.6423,42.72],[123.6423,42.6]],[[124.0058,42.72],[124.1269,42.72]],[[124.1269,42.72],[124.1269,42.6]],[[124.1269,42.6],[124.0058,42.6]],[[124.0058,42.6],[124.0058,42.72]],[[124.3692,42.72],[124.4904,42.72]],[[124.3692,42.6],[124.3692,42.72]],[[124.975,42.72],[124.975,42.6]],[[125.0962,42.6],[125.0962,42.72]],[[125.4596,42.72],[125.4596,42.6]],[[125.4596,42.6],[125.3385,42.6]],[[125.5808,42.72],[125.7019,42.72]],[[125.5808,42.6],[125.5808,42.72]],[[126.55,42.72],[126.55,42.6]],[[126.6712,42.6],[126.6712,42.72]],[[127.6404,42.72],[127.7615,42.72]],[[129.8212,42.72],[129.8212,42.6]],[[129.8212,42.6],[129.7,42.6]],[[130.4269,42.72],[130.4269,42.6]],[[130.4269,42.6],[130.3058,42.6]],[[130.3058,42.6],[130.3058,42.72]],[[109.5885,42.6],[109.7096,42.6]],[[109.5885,42.48],[109.5885,42.6]],[[109.7096,42.6],[109.8308,42.6]],[[113.7077,42.48],[113.5865,42.48]],[[114.0712,42.6],[114.1923,42.6]],[[114.1923,42.6],[114.3135,42.6]],[[114.3135,42.6],[114.3135,42.48]],[[114.5558,42.48],[114.5558,42.6]],[[115.4038,42.6],[115.4038,42.48]],[[115.525,42.48],[115.525,42.6]],[[117.5846,42.6],[117.5846,42.48]],[[118.5538,42.48],[118.5538,42.6]],[[119.5231,42.6],[119.6442,42.6]],[[119.6442,42.6],[119.7654,42.6]],[[120.6135,42.6],[120.7346,42.6]],[[120.8558,42.48],[120.7346,42.48]],[[121.2192,42.48],[121.0981,42.48]],[[122.7942,42.6],[122.7942,42.48]],[[122.7942,42.48],[122.6731,42.48]],[[122.9154,42.6],[123.0365,42.6]],[[122.9154,42.48],[122.9154,42.6]],[[123.0365,42.6],[123.1577,42.6]],[[123.1577,42.6],[123.2788,42.6]],[[123.2788,42.6],[123.4,42.6]],[[123.6423,42.6],[123.7635,42.6]],[[123.7635,42.6],[123.8846,42.6]],[[123.8846,42.6],[124.0058,42.6]],[[124.0058,42.6],[124.0058,42.48]],[[124.0058,42.48],[123.8846,42.48]],[[124.1269,42.6],[124.2481,42.6]],[[124.1269,42.48],[124.1269,42.6]],[[124.2481,42.6],[124.3692,42.6]],[[124.8538,42.48],[124.7327,42.48]],[[124.975,42.6],[124.975,42.48]],[[125.0962,42.48],[125.0962,42.6]],[[125.3385,42.6],[125.3385,42.48]],[[125.3385,42.48],[125.2173,42.48]],[[125.5808,42.48],[125.5808,42.6]],[[126.55,42.6],[126.6712,42.6]],[[128.0038,42.48],[127.8827,42.48]],[[129.7,42.6],[129.7,42.48]],[[130.4269,42.6],[130.5481,42.6]],[[130.5481,42.6],[130.5481,42.48]],[[130.5481,42.48],[130.4269,42.48]],[[130.4269,42.48],[130.4269,42.6]],[[109.3462,42.48],[109.4673,42.48]],[[109.3462,42.36],[109.3462,42.48]],[[109.4673,42.48],[109.5885,42.48]],[[113.4654,42.36],[113.3442,42.36]],[[113.5865,42.48],[113.5865,42.36]],[[113.5865,42.36],[113.4654,42.36]],[[113.7077,42.36],[113.7077,42.48]],[[114.3135,42.48],[114.4346,42.48]],[[114.4346,42.48],[114.5558,42.48]],[[115.4038,42.48],[115.525,42.48]],[[115.525,42.36],[115.4038,42.36]],[[117.5846,42.48],[117.7058,42.48]],[[117.7058,42.48],[117.8269,42.48]],[[117.8269,42.48],[117.9481,42.48]],[[117.9481,42.48],[118.0692,42.48]],[[118.0692,42.48],[118.1904,42.48]],[[118.1904,42.48],[118.3115,42.48]],[[118.3115,42.48],[118.4327,42.48]],[[118.4327,42.48],[118.5538,42.48]],[[120.7346,42.48],[120.7346,42.36]],[[120.9769,42.36],[120.8558,42.36]],[[120.8558,42.36],[120.8558,42.48]],[[121.0981,42.48],[121.0981,42.36]],[[121.2192,42.36],[121.2192,42.48]],[[122.6731,42.48],[122.6731,42.36]],[[122.6731,42.36],[122.5519,42.36]],[[122.7942,42.48],[122.9154,42.48]],[[122.7942,42.36],[122.7942,42.48]],[[123.8846,42.48],[123.8846,42.36]],[[123.8846,42.36],[123.7635,42.36]],[[124.1269,42.36],[124.1269,42.48]],[[124.7327,42.48],[124.7327,42.36]],[[124.8538,42.36],[124.8538,42.48]],[[124.975,42.48],[125.0962,42.48]],[[125.2173,42.48],[125.2173,42.36]],[[125.5808,42.36],[125.5808,42.48]],[[127.8827,42.48],[127.8827,42.36]],[[128.0038,42.36],[128.0038,42.48]],[[129.5788,42.36],[129.4577,42.36]],[[129.7,42.48],[129.7,42.36]],[[129.7,42.36],[129.5788,42.36]],[[109.3462,42.24],[109.3462,42.36]],[[113.3442,42.36],[113.3442,42.24]],[[113.3442,42.24],[113.2231,42.24]],[[113.5865,42.36],[113.7077,42.36]],[[113.5865,42.24],[113.5865,42.36]],[[115.2827,42.24],[115.1615,42.24]],[[115.4038,42.36],[115.4038,42.24]],[[115.4038,42.24],[115.2827,42.24]],[[115.525,42.24],[115.525,42.36]],[[120.7346,42.24],[120.6135,42.24]],[[120.7346,42.36],[120.8558,42.36]],[[120.8558,42.36],[120.8558,42.24]],[[121.0981,42.36],[121.0981,42.24]],[[121.0981,42.24],[120.9769,42.24]],[[120.9769,42.24],[120.9769,42.36]],[[121.2192,42.24],[121.2192,42.36]],[[122.5519,42.36],[122.5519,42.24]],[[122.5519,42.24],[122.4308,42.24]],[[122.7942,42.24],[122.7942,42.36]],[[123.7635,42.36],[123.7635,42.24]],[[123.7635,42.24],[123.6423,42.24]],[[124.2481,42.24],[124.1269,42.24]],[[124.1269,42.24],[124.1269,42.36]],[[124.3692,42.24],[124.2481,42.24]],[[124.7327,42.36],[124.8538,42.36]],[[125.2173,42.36],[125.2173,42.24]],[[125.4596,42.36],[125.5808,42.36]],[[125.4596,42.24],[125.4596,42.36]],[[127.8827,42.36],[128.0038,42.36]],[[129.3365,42.24],[129.2154,42.24]],[[129.4577,42.36],[129.4577,42.24]],[[129.4577,42.24],[129.3365,42.24]],[[109.3462,42.12],[109.3462,42.24]],[[113.1019,42.12],[112.9808,42.12]],[[113.2231,42.24],[113.2231,42.12]],[[113.2231,42.12],[113.1019,42.12]],[[113.4654,42.24],[113.5865,42.24]],[[113.4654,42.12],[113.4654,42.24]],[[115.1615,42.24],[115.1615,42.12]],[[115.4038,42.24],[115.525,42.24]],[[115.4038,42.12],[115.4038,42.24]],[[120.6135,42.24],[120.6135,42.12]],[[120.6135,42.12],[120.4923,42.12]],[[120.7346,42.12],[120.7346,42.24]],[[120.8558,42.24],[120.9769,42.24]],[[120.9769,42.24],[120.9769,42.12]],[[121.2192,42.12],[121.2192,42.24]],[[122.3096,42.12],[122.1885,42.12]],[[122.4308,42.24],[122.4308,42.12]],[[122.6731,42.24],[122.7942,42.24]],[[122.6731,42.12],[122.6731,42.24]],[[123.6423,42.24],[123.6423,42.12]],[[124.3692,42.12],[124.3692,42.24]],[[125.2173,42.24],[125.2173,42.12]],[[125.4596,42.12],[125.4596,42.24]],[[129.0942,42.12],[128.9731,42.12]],[[129.2154,42.24],[129.2154,42.12]],[[129.2154,42.12],[129.0942,42.12]],[[109.3462,42.0],[109.3462,42.12]],[[112.8596,42.0],[112.7385,42.0]],[[112.9808,42.12],[112.9808,42.0]],[[112.9808,42.0],[112.8596,42.0]],[[113.2231,42.12],[113.3442,42.12]],[[113.2231,42.0],[113.2231,42.12]],[[113.3442,42.12],[113.4654,42.12]],[[115.1615,42.12],[115.2827,42.12]],[[115.2827,42.12],[115.4038,42.12]],[[120.4923,42.12],[120.4923,42.0]],[[120.6135,42.12],[120.7346,42.12]],[[120.6135,42.0],[120.6135,42.12]],[[120.9769,42.12],[121.0981,42.12]],[[121.0981,42.12],[121.0981,42.0]],[[121.2192,42.0],[121.2192,42.12]],[[121.9462,42.0],[121.825,42.0]],[[122.0673,42.0],[121.9462,42.0]],[[122.1885,42.12],[122.1885,42.0]],[[122.4308,42.12],[122.4308,42.0]],[[122.3096,42.0],[122.3096,42.12]],[[122.5519,42.12],[122.6731,42.12]],[[122.5519,42.0],[122.5519,42.12]],[[123.6423,42.12],[123.6423,42.0]],[[123.7635,42.12],[123.8846,42.12]],[[123.7635,42.0],[123.7635,42.12]],[[123.8846,42.12],[124.0058,42.12]],[[124.0058,42.12],[124.1269,42.12]],[[124.1269,42.12],[124.2481,42.12]],[[124.2481,42.12],[124.3692,42.12]],[[125.2173,42.12],[125.2173,42.0]],[[125.4596,42.0],[125.4596,42.12]],[[125.9442,42.0],[125.8231,42.0]],[[128.2462,42.0],[128.125,42.0]],[[128.3673,42.0],[128.2462,42.0]],[[128.4885,42.0],[128.3673,42.0]],[[128.6096,42.0],[128.4885,42.0]],[[128.7308,42.0],[128.6096,42.0]],[[128.8519,42.0],[128.7308,42.0]],[[128.9731,42.12],[128.9731,42.0]],[[128.9731,42.0],[128.8519,42.0]],[[109.3462,41.88],[109.3462,42.0]],[[112.6173,41.88],[112.4962,41.88]],[[112.7385,42.0],[112.7385,41.88]],[[112.7385,41.88],[112.6173,41.88]],[[113.1019,42.0],[113.2231,42.0]],[[113.1019,41.88],[113.1019,42.0]],[[120.3712,41.88],[120.25,41.88]],[[120.4923,42.0],[120.6135,42.0]],[[121.0981,42.0],[121.2192,42.0]],[[121.5827,41.88],[121.4615,41.88]],[[121.7038,41.88],[121.5827,41.88]],[[121.825,42.0],[121.825,41.88]],[[121.825,41.88],[121.7038,41.88]],[[122.0673,41.88],[122.0673,42.0]],[[122.1885,42.0],[122.3096,42.0]],[[122.4308,42.0],[122.4308,41.88]],[[122.5519,41.88],[122.5519,42.0]],[[123.4,41.88],[123.2788,41.88]],[[123.5212,41.88],[123.4,41.88]],[[123.6423,42.0],[123.6423,41.88]],[[123.6423,41.88],[123.5212,41.88]],[[123.7635,41.88],[123.7635,42.0]],[[125.2173,42.0],[125.3385,42.0]],[[125.3385,42.0],[125.4596,42.0]],[[125.7019,41.88],[125.5808,41.88]],[[125.8231,42.0],[125.8231,41.88]],[[125.8231,41.88],[125.7019,41.88]],[[125.9442,41.88],[125.9442,42.0]],[[128.125,42.0],[128.125,41.88]],[[109.225,41.88],[109.3462,41.88]],[[109.3462,41.76],[109.225,41.76]],[[109.225,41.76],[109.225,41.88]],[[109.4673,41.76],[109.3462,41.76]],[[112.375,41.76],[112.2538,41.76]],[[112.4962,41.88],[112.4962,41.76]],[[112.4962,41.76],[112.375,41.76]],[[112.8596,41.88],[112.9808,41.88]],[[112.8596,41.76],[112.8596,41.88]],[[112.9808,41.88],[113.1019,41.88]],[[120.25,41.88],[120.25,41.76]],[[120.4923,41.76],[120.3712,41.76]],[[120.3712,41.76],[120.3712,41.88]],[[121.2192,41.76],[121.0981,41.76]],[[121.4615,41.88],[121.4615,41.76]],[[121.9462,41.88],[122.0673,41.88]],[[122.0673,41.76],[121.9462,41.76]],[[121.9462,41.76],[121.9462,41.88]],[[122.4308,41.88],[122.4308,41.76]],[[122.5519,41.76],[122.5519,41.88]],[[122.7942,41.76],[122.6731,41.76]],[[123.2788,41.88],[123.2788,41.76]],[[123.2788,41.76],[123.1577,41.76]],[[123.7635,41.76],[123.7635,41.88]],[[125.4596,41.76],[125.3385,41.76]],[[125.5808,41.88],[125.5808,41.76]],[[125.5808,41.76],[125.4596,41.76]],[[125.8231,41.88],[125.9442,41.88]],[[125.8231,41.76],[125.8231,41.88]],[[126.4288,41.76],[126.3077,41.76]],[[126.9135,41.76],[126.7923,41.76]],[[127.0346,41.76],[126.9135,41.76]],[[128.125,41.88],[128.125,41.76]],[[109.5885,41.64],[109.4673,41.64]],[[109.4673,41.64],[109.4673,41.76]],[[112.2538,41.76],[112.2538,41.64]],[[112.2538,41.64],[112.1327,41.64]],[[112.6173,41.76],[112.7385,41.76]],[[112.6173,41.64],[112.6173,41.76]],[[112.7385,41.76],[112.8596,41.76]],[[120.25,41.76],[120.3712,41.76]],[[120.3712,41.76],[120.3712,41.64]],[[120.4923,41.64],[120.4923,41.76]],[[121.0981,41.76],[121.0981,41.64]],[[121.0981,41.64],[120.9769,41.64]],[[121.2192,41.64],[121.2192,41.76]],[[121.4615,41.76],[121.5827,41.76]],[[121.5827,41.76],[121.7038,41.76]],[[121.7038,41.76],[121.7038,41.64]],[[121.7038,41.64],[121.5827,41.64]],[[122.1885,41.64],[122.0673,41.64]],[[122.0673,41.64],[122.0673,41.76]],[[122.3096,41.64],[122.1885,41.64]],[[122.4308,41.76],[122.4308,41.64]],[[122.4308,41.64],[122.3096,41.64]],[[122.6731,41.76],[122.6731,41.64]],[[122.5519,41.64],[122.5519,41.76]],[[122.7942,41.64],[122.7942,41.76]],[[123.1577,41.76],[123.1577,41.64]],[[123.1577,41.64],[123.0365,41.64]],[[123.7635,41.64],[123.7635,41.76]],[[125.3385,41.76],[125.3385,41.64]],[[125.5808,41.76],[125.7019,41.76]],[[125.5808,41.64],[125.5808,41.76]],[[125.7019,41.76],[125.8231,41.76]],[[126.3077,41.76],[126.3077,41.64]],[[126.4288,41.64],[126.4288,41.76]],[[126.7923,41.76],[126.7923,41.64]],[[126.7923,41.64],[126.6712,41.64]],[[127.1558,41.64],[127.0346,41.64]],[[127.0346,41.64],[127.0346,41.76]],[[128.125,41.76],[128.125,41.64]],[[109.7096,41.52],[109.5885,41.52]],[[109.5885,41.52],[109.5885,41.64]],[[112.1327,41.64],[112.1327,41.52]],[[112.1327,41.52],[112.0115,41.52]],[[112.375,41.64],[112.4962,41.64]],[[112.375,41.52],[112.375,41.64]],[[112.4962,41.64],[112.6173,41.64]],[[120.3712,41.64],[120.3712,41.52]],[[120.4923,41.52],[120.4923,41.64]],[[120.9769,41.64],[120.9769,41.52]],[[120.9769,41.52],[120.8558,41.52]],[[121.2192,41.52],[121.2192,41.64]],[[121.5827,41.64],[121.5827,41.52]],[[122.5519,41.52],[122.5519,41.64]],[[122.6731,41.64],[122.7942,41.64]],[[123.0365,41.64],[123.0365,41.52]],[[123.8846,41.52],[123.7635,41.52]],[[123.7635,41.52],[123.7635,41.64]],[[125.3385,41.64],[125.4596,41.64]],[[125.4596,41.64],[125.5808,41.64]],[[126.3077,41.64],[126.4288,41.64]],[[126.6712,41.64],[126.6712,41.52]],[[126.6712,41.52],[126.55,41.52]],[[127.2769,41.52],[127.1558,41.52]],[[127.1558,41.52],[127.1558,41.64]],[[127.3981,41.52],[127.2769,41.52]],[[127.5192,41.52],[127.3981,41.52]],[[127.6404,41.52],[127.5192,41.52]],[[127.7615,41.52],[127.6404,41.52]],[[128.125,41.64],[128.2462,41.64]],[[128.2462,41.64],[128.2462,41.52]],[[109.7096,41.4],[109.7096,41.52]],[[112.0115,41.52],[112.0115,41.4]],[[112.1327,41.52],[112.2538,41.52]],[[112.1327,41.4],[112.1327,41.52]],[[112.2538,41.52],[112.375,41.52]],[[116.1308,41.4],[116.0096,41.4]],[[120.3712,41.52],[120.3712,41.4]],[[120.4923,41.4],[120.4923,41.52]],[[120.8558,41.52],[120.8558,41.4]],[[121.0981,41.52],[121.2192,41.52]],[[121.0981,41.4],[121.0981,41.52]],[[121.5827,41.52],[121.7038,41.52]],[[121.7038,41.52],[121.825,41.52]],[[121.825,41.52],[121.9462,41.52]],[[121.9462,41.52],[122.0673,41.52]],[[122.0673,41.52],[122.0673,41.4]],[[122.0673,41.4],[121.9462,41.4]],[[122.4308,41.52],[122.5519,41.52]],[[122.4308,41.4],[122.4308,41.52]],[[123.0365,41.52],[123.1577,41.52]],[[123.1577,41.52],[123.2788,41.52]],[[123.2788,41.52],[123.4,41.52]],[[123.4,41.52],[123.5212,41.52]],[[123.5212,41.52],[123.5212,41.4]],[[123.8846,41.4],[123.8846,41.52]],[[124.3692,41.4],[124.2481,41.4]],[[126.3077,41.4],[126.1865,41.4]],[[126.55,41.52],[126.55,41.4]],[[126.55,41.4],[126.4288,41.4]],[[127.8827,41.4],[127.7615,41.4]],[[127.7615,41.4],[127.7615,41.52]],[[128.0038,41.4],[127.8827,41.4]],[[128.125,41.4],[128.0038,41.4]],[[128.2462,41.52],[128.2462,41.4]],[[128.2462,41.4],[128.125,41.4]],[[109.5885,41.4],[109.7096,41.4]],[[109.5885,41.28],[109.5885,41.4]],[[111.2846,41.28],[111.1635,41.28]],[[111.4058,41.28],[111.2846,41.28]],[[111.5269,41.28],[111.4058,41.28]],[[112.0115,41.4],[112.0115,41.28]],[[112.0115,41.28],[111.8904,41.28]],[[112.2538,41.28],[112.1327,41.28]],[[112.1327,41.28],[112.1327,41.4]],[[112.375,41.28],[112.2538,41.28]],[[112.4962,41.28],[112.375,41.28]],[[116.0096,41.4],[116.0096,41.28]],[[116.1308,41.28],[116.1308,41.4]],[[120.3712,41.4],[120.4923,41.4]],[[120.8558,41.4],[120.9769,41.4]],[[120.9769,41.4],[121.0981,41.4]],[[121.9462,41.4],[121.9462,41.28]],[[122.4308,41.28],[122.4308,41.4]],[[123.5212,41.4],[123.5212,41.28]],[[123.5212,41.28],[123.4,41.28]],[[123.7635,41.4],[123.8846,41.4]],[[123.7635,41.28],[123.7635,41.4]],[[124.2481,41.4],[124.2481,41.28]],[[124.3692,41.28],[124.3692,41.4]],[[124.6115,41.28],[124.4904,41.28]],[[124.7327,41.28],[124.6115,41.28]],[[125.7019,41.28],[125.5808,41.28]],[[126.1865,41.4],[126.1865,41.28]],[[126.4288,41.4],[126.4288,41.28]],[[126.4288,41.28],[126.3077,41.28]],[[126.3077,41.28],[126.3077,41.4]],[[109.5885,41.16],[109.5885,41.28]],[[111.1635,41.28],[111.1635,41.16]],[[111.5269,41.16],[111.5269,41.28]],[[111.8904,41.28],[111.8904,41.16]],[[112.4962,41.16],[112.4962,41.28]],[[116.0096,41.28],[116.1308,41.28]],[[116.2519,41.16],[116.1308,41.16]],[[121.9462,41.28],[122.0673,41.28]],[[122.0673,41.28],[122.1885,41.28]],[[122.1885,41.28],[122.3096,41.28]],[[122.3096,41.28],[122.4308,41.28]],[[123.4,41.28],[123.4,41.16]],[[123.4,41.16],[123.2788,41.16]],[[123.5212,41.28],[123.6423,41.28]],[[123.6423,41.28],[123.6423,41.16]],[[123.5212,41.16],[123.5212,41.28]],[[123.7635,41.16],[123.7635,41.28]],[[124.2481,41.28],[124.3692,41.28]],[[124.4904,41.28],[124.4904,41.16]],[[124.7327,41.16],[124.7327,41.28]],[[125.5808,41.28],[125.5808,41.16]],[[125.7019,41.16],[125.7019,41.28]],[[126.1865,41.28],[126.3077,41.28]],[[126.3077,41.28],[126.3077,41.16]],[[126.3077,41.16],[126.1865,41.16]],[[109.225,41.16],[109.3462,41.16]],[[109.225,41.04],[109.225,41.16]],[[109.3462,41.16],[109.4673,41.16]],[[109.4673,41.16],[109.5885,41.16]],[[111.1635,41.16],[111.2846,41.16]],[[111.2846,41.16],[111.4058,41.16]],[[111.4058,41.16],[111.5269,41.16]],[[111.8904,41.16],[112.0115,41.16]],[[112.0115,41.16],[112.1327,41.16]],[[112.1327,41.16],[112.2538,41.16]],[[112.2538,41.16],[112.375,41.16]],[[112.375,41.16],[112.4962,41.16]],[[116.1308,41.16],[116.1308,41.04]],[[116.3731,41.04],[116.2519,41.04]],[[116.2519,41.04],[116.2519,41.16]],[[123.2788,41.16],[123.2788,41.04]],[[123.4,41.16],[123.5212,41.16]],[[123.4,41.04],[123.4,41.16]],[[123.6423,41.16],[123.7635,41.16]],[[124.2481,41.04],[124.1269,41.04]],[[124.3692,41.04],[124.2481,41.04]],[[124.4904,41.16],[124.6115,41.16]],[[124.6115,41.16],[124.7327,41.16]],[[125.5808,41.16],[125.5808,41.04]],[[125.7019,41.04],[125.7019,41.16]],[[126.1865,41.16],[126.1865,41.04]],[[126.1865,41.04],[126.0654,41.04]],[[108.6192,41.04],[108.7404,41.04]],[[108.6192,40.92],[108.6192,41.04]],[[108.7404,41.04],[108.8615,41.04]],[[108.8615,41.04],[108.9827,41.04]],[[108.9827,41.04],[109.1038,41.04]],[[109.1038,41.04],[109.225,41.04]],[[116.1308,41.04],[116.1308,40.92]],[[116.4942,40.92],[116.3731,40.92]],[[116.3731,40.92],[116.3731,41.04]],[[116.9788,40.92],[116.8577,40.92]],[[117.1,40.92],[116.9788,40.92]],[[121.5827,40.92],[121.4615,40.92]],[[121.7038,40.92],[121.5827,40.92]],[[121.825,40.92],[121.7038,40.92]],[[121.9462,40.92],[121.825,40.92]],[[122.5519,40.92],[122.4308,40.92]],[[122.6731,40.92],[122.5519,40.92]],[[122.7942,40.92],[122.6731,40.92]],[[122.9154,40.92],[122.7942,40.92]],[[123.1577,40.92],[123.0365,40.92]],[[123.2788,40.92],[123.1577,40.92]],[[123.2788,41.04],[123.4,41.04]],[[123.4,40.92],[123.2788,40.92]],[[123.5212,40.92],[123.4,40.92]],[[123.6423,40.92],[123.5212,40.92]],[[123.7635,40.92],[123.6423,40.92]],[[123.8846,40.92],[123.7635,40.92]],[[124.0058,40.92],[123.8846,40.92]],[[124.1269,41.04],[124.1269,40.92]],[[124.1269,40.92],[124.0058,40.92]],[[124.3692,40.92],[124.3692,41.04]],[[125.5808,41.04],[125.7019,41.04]],[[125.8231,40.92],[125.7019,40.92]],[[125.9442,40.92],[125.8231,40.92]],[[126.0654,41.04],[126.0654,40.92]],[[126.0654,40.92],[125.9442,40.92]],[[108.2558,40.92],[108.3769,40.92]],[[108.3769,40.8],[108.2558,40.8]],[[108.2558,40.8],[108.2558,40.92]],[[108.3769,40.92],[108.4981,40.92]],[[108.4981,40.8],[108.3769,40.8]],[[108.4981,40.92],[108.6192,40.92]],[[108.6192,40.8],[108.4981,40.8]],[[110.4365,40.8],[110.3154,40.8]],[[111.6481,40.8],[111.5269,40.8]],[[116.1308,40.92],[116.2519,40.92]],[[116.2519,40.92],[116.2519,40.8]],[[116.4942,40.8],[116.4942,40.92]],[[116.8577,40.92],[116.8577,40.8]],[[117.2212,40.8],[117.1,40.8]],[[117.1,40.8],[117.1,40.92]],[[117.3423,40.8],[117.2212,40.8]],[[117.4635,40.8],[117.3423,40.8]],[[117.5846,40.8],[117.4635,40.8]],[[117.7058,40.8],[117.5846,40.8]],[[117.8269,40.8],[117.7058,40.8]],[[120.3712,40.8],[120.25,40.8]],[[120.4923,40.8],[120.3712,40.8]],[[120.6135,40.8],[120.4923,40.8]],[[121.2192,40.8],[121.0981,40.8]],[[121.3404,40.8],[121.2192,40.8]],[[121.4615,40.92],[121.4615,40.8]],[[121.4615,40.8],[121.3404,40.8]],[[122.0673,40.8],[121.9462,40.8]],[[121.9462,40.8],[121.9462,40.92]],[[122.1885,40.8],[122.0673,40.8]],[[122.4308,40.92],[122.4308,40.8]],[[123.0365,40.92],[123.0365,40.8]],[[122.9154,40.8],[122.9154,40.92]],[[124.1269,40.92],[124.2481,40.92]],[[124.1269,40.8],[124.1269,40.92]],[[124.2481,40.92],[124.3692,40.92]],[[125.7019,40.92],[125.7019,40.8]],[[125.7019,40.8],[125.5808,40.8]],[[108.7404,40.68],[108.6192,40.68]],[[108.6192,40.68],[108.6192,40.8]],[[108.8615,40.68],[108.7404,40.68]],[[108.9827,40.68],[108.8615,40.68]],[[109.1038,40.68],[108.9827,40.68]],[[109.9519,40.68],[109.8308,40.68]],[[110.0731,40.68],[109.9519,40.68]],[[110.1942,40.68],[110.0731,40.68]],[[110.3154,40.8],[110.3154,40.68]],[[110.4365,40.68],[110.4365,40.8]],[[111.5269,40.8],[111.5269,40.68]],[[111.7692,40.68],[111.6481,40.68]],[[111.6481,40.68],[111.6481,40.8]],[[116.2519,40.8],[116.2519,40.68]],[[116.3731,40.8],[116.4942,40.8]],[[116.3731,40.68],[116.3731,40.8]],[[116.8577,40.8],[116.9788,40.8]],[[116.9788,40.8],[116.9788,40.68]],[[117.8269,40.68],[117.8269,40.8]],[[118.1904,40.68],[118.0692,40.68]],[[119.4019,40.68],[119.2808,40.68]],[[120.25,40.8],[120.25,40.68]],[[120.25,40.68],[120.1288,40.68]],[[120.6135,40.68],[120.6135,40.8]],[[120.8558,40.68],[120.7346,40.68]],[[120.9769,40.68],[120.8558,40.68]],[[121.0981,40.8],[121.0981,40.68]],[[121.0981,40.68],[120.9769,40.68]],[[122.3096,40.68],[122.1885,40.68]],[[122.1885,40.68],[122.1885,40.8]],[[122.4308,40.8],[122.4308,40.68]],[[122.4308,40.68],[122.3096,40.68]],[[122.6731,40.8],[122.7942,40.8]],[[122.6731,40.68],[122.6731,40.8]],[[122.7942,40.8],[122.9154,40.8]],[[123.0365,40.8],[123.0365,40.68]],[[123.2788,40.8],[123.4,40.8]],[[123.2788,40.68],[123.2788,40.8]],[[123.4,40.8],[123.5212,40.8]],[[123.5212,40.8],[123.6423,40.8]],[[123.6423,40.8],[123.7635,40.8]],[[123.7635,40.8],[123.8846,40.8]],[[123.8846,40.8],[124.0058,40.8]],[[124.0058,40.8],[124.1269,40.8]],[[125.3385,40.68],[125.2173,40.68]],[[125.4596,40.68],[125.3385,40.68]],[[125.5808,40.8],[125.5808,40.68]],[[125.5808,40.68],[125.4596,40.68]],[[109.1038,40.56],[109.1038,40.68]],[[109.3462,40.56],[109.225,40.56]],[[109.4673,40.56],[109.3462,40.56]],[[109.5885,40.56],[109.4673,40.56]],[[109.7096,40.56],[109.5885,40.56]],[[109.8308,40.68],[109.8308,40.56]],[[109.8308,40.56],[109.7096,40.56]],[[110.1942,40.56],[110.1942,40.68]],[[110.3154,40.68],[110.4365,40.68]],[[111.5269,40.68],[111.6481,40.68]],[[111.6481,40.68],[111.6481,40.56]],[[111.7692,40.56],[111.7692,40.68]],[[116.2519,40.68],[116.3731,40.68]],[[116.9788,40.68],[117.1,40.68]],[[117.1,40.68],[117.2212,40.68]],[[117.2212,40.68],[117.3423,40.68]],[[117.3423,40.68],[117.4635,40.68]],[[117.4635,40.68],[117.5846,40.68]],[[117.5846,40.68],[117.7058,40.68]],[[117.7058,40.68],[117.8269,40.68]],[[118.0692,40.68],[118.0692,40.56]],[[118.3115,40.56],[118.1904,40.56]],[[118.1904,40.56],[118.1904,40.68]],[[119.1596,40.56],[119.0385,40.56]],[[119.2808,40.68],[119.2808,40.56]],[[119.4019,40.56],[119.4019,40.68]],[[119.6442,40.56],[119.5231,40.56]],[[119.7654,40.56],[119.6442,40.56]],[[119.8865,40.56],[119.7654,40.56]],[[120.1288,40.68],[120.1288,40.56]],[[120.3712,40.68],[120.4923,40.68]],[[120.3712,40.56],[120.3712,40.68]],[[120.4923,40.68],[120.6135,40.68]],[[120.7346,40.68],[120.7346,40.56]],[[122.5519,40.68],[122.6731,40.68]],[[122.5519,40.56],[122.5519,40.68]],[[123.0365,40.56],[122.9154,40.56]],[[123.0365,40.68],[123.1577,40.68]],[[123.1577,40.68],[123.2788,40.68]],[[124.975,40.56],[124.8538,40.56]],[[125.0962,40.56],[124.975,40.56]],[[125.2173,40.68],[125.2173,40.56]],[[125.2173,40.56],[125.0962,40.56]],[[109.225,40.56],[109.225,40.44]],[[109.1038,40.44],[109.1038,40.56]],[[110.0731,40.56],[110.1942,40.56]],[[110.0731,40.44],[110.0731,40.56]],[[110.3154,40.44],[110.1942,40.44]],[[110.4365,40.44],[110.3154,40.44]],[[111.6481,40.56],[111.7692,40.56]],[[115.8885,40.44],[115.7673,40.44]],[[118.0692,40.56],[118.1904,40.56]],[[118.1904,40.56],[118.1904,40.44]],[[118.3115,40.44],[118.3115,40.56]],[[119.0385,40.56],[119.0385,40.44]],[[119.1596,40.44],[119.1596,40.56]],[[119.2808,40.56],[119.4019,40.56]],[[119.5231,40.56],[119.5231,40.44]],[[119.8865,40.44],[119.8865,40.56]],[[120.1288,40.56],[120.25,40.56]],[[120.25,40.56],[120.3712,40.56]],[[120.7346,40.56],[120.7346,40.44]],[[120.7346,40.44],[120.6135,40.44]],[[122.3096,40.56],[122.4308,40.56]],[[122.3096,40.44],[122.3096,40.56]],[[122.4308,40.56],[122.5519,40.56]],[[122.6731,40.44],[122.5519,40.44]],[[122.9154,40.56],[122.9154,40.44]],[[123.0365,40.44],[123.0365,40.56]],[[124.6115,40.44],[124.4904,40.44]],[[124.7327,40.44],[124.6115,40.44]],[[124.8538,40.56],[124.8538,40.44]],[[124.8538,40.44],[124.7327,40.44]],[[109.1038,40.32],[109.1038,40.44]],[[109.225,40.44],[109.3462,40.44]],[[109.3462,40.44],[109.4673,40.44]],[[109.4673,40.44],[109.5885,40.44]],[[109.5885,40.44],[109.7096,40.44]],[[109.7096,40.44],[109.8308,40.44]],[[109.8308,40.44],[109.9519,40.44]],[[109.9519,40.44],[110.0731,40.44]],[[110.1942,40.44],[110.1942,40.32]],[[110.4365,40.32],[110.4365,40.44]],[[110.8,40.32],[110.6788,40.32]],[[110.9212,40.32],[110.8,40.32]],[[111.0423,40.32],[110.9212,40.32]],[[111.1635,40.32],[111.0423,40.32]],[[112.1327,40.32],[112.0115,40.32]],[[114.9192,40.32],[114.7981,40.32]],[[115.7673,40.44],[115.7673,40.32]],[[115.7673,40.32],[115.6462,40.32]],[[116.0096,40.32],[115.8885,40.32]],[[115.8885,40.32],[115.8885,40.44]],[[118.1904,40.44],[118.1904,40.32]],[[118.3115,40.32],[118.3115,40.44]],[[118.675,40.32],[118.5538,40.32]],[[119.0385,40.44],[119.1596,40.44]],[[119.5231,40.44],[119.6442,40.44]],[[119.6442,40.44],[119.7654,40.44]],[[119.7654,40.44],[119.8865,40.44]],[[120.6135,40.44],[120.6135,40.32]],[[120.6135,40.32],[120.4923,40.32]],[[122.1885,40.44],[122.3096,40.44]],[[122.1885,40.32],[122.1885,40.44]],[[122.5519,40.44],[122.5519,40.32]],[[122.7942,40.32],[122.6731,40.32]],[[122.6731,40.32],[122.6731,40.44]],[[122.9154,40.32],[122.7942,40.32]],[[122.9154,40.44],[123.0365,40.44]],[[124.4904,40.44],[124.4904,40.32]],[[124.4904,40.32],[124.3692,40.32]],[[109.1038,40.2],[109.1038,40.32]],[[110.1942,40.32],[110.3154,40.32]],[[110.3154,40.32],[110.4365,40.32]],[[110.6788,40.32],[110.6788,40.2]],[[110.6788,40.2],[110.5577,40.2]],[[111.2846,40.2],[111.1635,40.2]],[[111.1635,40.2],[111.1635,40.32]],[[112.0115,40.32],[112.0115,40.2]],[[112.1327,40.2],[112.1327,40.32]],[[114.7981,40.32],[114.7981,40.2]],[[114.7981,40.2],[114.6769,40.2]],[[114.9192,40.2],[114.9192,40.32]],[[115.6462,40.32],[115.6462,40.2]],[[115.6462,40.2],[115.525,40.2]],[[116.0096,40.2],[116.0096,40.32]],[[118.1904,40.32],[118.3115,40.32]],[[118.5538,40.32],[118.5538,40.2]],[[118.5538,40.2],[118.4327,40.2]],[[118.675,40.2],[118.675,40.32]],[[120.3712,40.2],[120.25,40.2]],[[120.4923,40.32],[120.4923,40.2]],[[120.4923,40.2],[120.3712,40.2]],[[122.0673,40.32],[122.1885,40.32]],[[122.0673,40.2],[122.0673,40.32]],[[122.5519,40.32],[122.5519,40.2]],[[122.9154,40.2],[122.9154,40.32]],[[124.3692,40.32],[124.3692,40.2]],[[109.1038,40.08],[109.1038,40.2]],[[110.5577,40.2],[110.5577,40.08]],[[111.4058,40.08],[111.2846,40.08]],[[111.2846,40.08],[111.2846,40.2]],[[112.0115,40.2],[112.1327,40.2]],[[114.4346,40.08],[114.3135,40.08]],[[114.6769,40.2],[114.6769,40.08]],[[114.7981,40.2],[114.9192,40.2]],[[114.7981,40.08],[114.7981,40.2]],[[115.525,40.2],[115.525,40.08]],[[115.525,40.08],[115.4038,40.08]],[[115.7673,40.2],[115.8885,40.2]],[[115.7673,40.08],[115.7673,40.2]],[[115.8885,40.2],[116.0096,40.2]],[[118.4327,40.2],[118.4327,40.08]],[[118.5538,40.2],[118.675,40.2]],[[118.5538,40.08],[118.5538,40.2]],[[120.0077,40.08],[119.8865,40.08]],[[120.1288,40.08],[120.0077,40.08]],[[120.25,40.2],[120.25,40.08]],[[120.25,40.08],[120.1288,40.08]],[[121.9462,40.2],[122.0673,40.2]],[[121.9462,40.08],[121.9462,40.2]],[[122.4308,40.08],[122.3096,40.08]],[[122.5519,40.2],[122.5519,40.08]],[[122.5519,40.08],[122.4308,40.08]],[[122.9154,40.08],[122.9154,40.2]],[[124.3692,40.2],[124.3692,40.08]],[[124.3692,40.08],[124.2481,40.08]],[[109.225,39.96],[109.1038,39.96]],[[109.1038,39.96],[109.1038,40.08]],[[110.5577,40.08],[110.5577,39.96]],[[110.5577,39.96],[110.4365,39.96]],[[111.4058,39.96],[111.4058,40.08]],[[114.0712,39.96],[113.95,39.96]],[[114.3135,40.08],[114.3135,39.96]],[[114.4346,39.96],[114.4346,40.08]],[[114.6769,40.08],[114.7981,40.08]],[[115.4038,40.08],[115.4038,39.96]],[[115.4038,39.96],[115.2827,39.96]],[[115.525,40.08],[115.6462,40.08]],[[115.525,39.96],[115.525,40.08]],[[115.6462,40.08],[115.7673,40.08]],[[118.4327,40.08],[118.5538,40.08]],[[118.5538,39.96],[118.4327,39.96]],[[118.675,39.96],[118.5538,39.96]],[[119.6442,39.96],[119.5231,39.96]],[[119.7654,39.96],[119.6442,39.96]],[[119.8865,40.08],[119.8865,39.96]],[[119.8865,39.96],[119.7654,39.96]],[[121.9462,39.96],[121.9462,40.08]],[[122.3096,40.08],[122.3096,39.96]],[[122.7942,40.08],[122.9154,40.08]],[[122.7942,39.96],[122.7942,40.08]],[[124.2481,40.08],[124.2481,39.96]],[[109.225,39.84],[109.225,39.96]],[[110.1942,39.84],[110.0731,39.84]],[[110.3154,39.84],[110.1942,39.84]],[[110.4365,39.96],[110.4365,39.84]],[[110.4365,39.84],[110.3154,39.84]],[[111.4058,39.84],[111.4058,39.96]],[[112.375,39.84],[112.2538,39.84]],[[112.4962,39.84],[112.375,39.84]],[[112.6173,39.84],[112.4962,39.84]],[[113.95,39.96],[113.95,39.84]],[[114.0712,39.84],[114.0712,39.96]],[[114.3135,39.96],[114.4346,39.96]],[[115.2827,39.96],[115.2827,39.84]],[[115.4038,39.96],[115.525,39.96]],[[115.4038,39.84],[115.4038,39.96]],[[118.4327,39.96],[118.4327,39.84]],[[118.675,39.84],[118.675,39.96]],[[119.5231,39.96],[119.5231,39.84]],[[119.5231,39.84],[119.4019,39.84]],[[121.9462,39.84],[121.9462,39.96]],[[122.3096,39.96],[122.3096,39.84]],[[122.7942,39.84],[122.7942,39.96]],[[124.0058,39.84],[123.8846,39.84]],[[124.1269,39.84],[124.0058,39.84]],[[124.2481,39.96],[124.2481,39.84]],[[124.2481,39.84],[124.1269,39.84]],[[109.3462,39.72],[109.225,39.72]],[[109.225,39.72],[109.225,39.84]],[[109.4673,39.72],[109.3462,39.72]],[[109.5885,39.72],[109.4673,39.72]],[[109.7096,39.72],[109.5885,39.72]],[[109.8308,39.72],[109.7096,39.72]],[[109.9519,39.72],[109.8308,39.72]],[[110.0731,39.84],[110.0731,39.72]],[[110.0731,39.72],[109.9519,39.72]],[[111.4058,39.72],[111.4058,39.84]],[[112.2538,39.84],[112.2538,39.72]],[[112.6173,39.72],[112.6173,39.84]],[[113.95,39.84],[114.0712,39.84]],[[115.2827,39.84],[115.4038,39.84]],[[118.4327,39.84],[118.5538,39.84]],[[118.5538,39.84],[118.675,39.84]],[[119.4019,39.84],[119.4019,39.72]],[[119.4019,39.72],[119.2808,39.72]],[[121.5827,39.84],[121.7038,39.84]],[[121.5827,39.72],[121.5827,39.84]],[[121.7038,39.84],[121.825,39.84]],[[121.825,39.84],[121.825,39.72]],[[121.9462,39.72],[121.9462,39.84]],[[122.3096,39.84],[122.3096,39.72]],[[122.6731,39.84],[122.7942,39.84]],[[122.6731,39.72],[122.6731,39.84]],[[123.5212,39.72],[123.4,39.72]],[[123.6423,39.72],[123.5212,39.72]],[[123.7635,39.72],[123.6423,39.72]],[[123.8846,39.84],[123.8846,39.72]],[[123.8846,39.72],[123.7635,39.72]],[[111.5269,39.6],[111.4058,39.6]],[[111.4058,39.6],[111.4058,39.72]],[[112.2538,39.72],[112.375,39.72]],[[112.375,39.72],[112.375,39.6]],[[112.4962,39.72],[112.6173,39.72]],[[112.6173,39.6],[112.4962,39.6]],[[112.4962,39.6],[112.4962,39.72]],[[119.2808,39.72],[119.2808,39.6]],[[119.2808,39.6],[119.1596,39.6]],[[121.5827,39.6],[121.5827,39.72]],[[121.825,39.72],[121.9462,39.72]],[[122.3096,39.72],[122.3096,39.6]],[[122.6731,39.6],[122.6731,39.72]],[[123.0365,39.6],[122.9154,39.6]],[[123.1577,39.6],[123.0365,39.6]],[[123.2788,39.6],[123.1577,39.6]],[[123.4,39.72],[123.4,39.6]],[[123.4,39.6],[123.2788,39.6]],[[111.5269,39.48],[111.5269,39.6]],[[112.375,39.6],[112.4962,39.6]],[[112.4962,39.6],[112.4962,39.48]],[[112.6173,39.48],[112.6173,39.6]],[[118.3115,39.48],[118.1904,39.48]],[[119.1596,39.6],[119.1596,39.48]],[[119.1596,39.48],[119.0385,39.48]],[[121.4615,39.6],[121.5827,39.6]],[[121.4615,39.48],[121.4615,39.6]],[[122.3096,39.6],[122.3096,39.48]],[[122.5519,39.6],[122.6731,39.6]],[[122.6731,39.48],[122.5519,39.48]],[[122.5519,39.48],[122.5519,39.6]],[[122.7942,39.48],[122.6731,39.48]],[[122.9154,39.6],[122.9154,39.48]],[[122.9154,39.48],[122.7942,39.48]],[[111.2846,39.48],[111.4058,39.48]],[[111.4058,39.36],[111.2846,39.36]],[[111.2846,39.36],[111.2846,39.48]],[[111.4058,39.48],[111.5269,39.48]],[[112.1327,39.36],[112.0115,39.36]],[[112.2538,39.36],[112.1327,39.36]],[[112.375,39.36],[112.2538,39.36]],[[112.4962,39.48],[112.6173,39.48]],[[113.1019,39.36],[112.9808,39.36]],[[113.2231,39.36],[113.1019,39.36]],[[113.3442,39.36],[113.2231,39.36]],[[113.4654,39.36],[113.3442,39.36]],[[113.5865,39.36],[113.4654,39.36]],[[113.7077,39.36],[113.5865,39.36]],[[113.8288,39.36],[113.7077,39.36]],[[113.95,39.36],[113.8288,39.36]],[[118.1904,39.48],[118.1904,39.36]],[[118.4327,39.36],[118.3115,39.36]],[[118.3115,39.36],[118.3115,39.48]],[[119.0385,39.48],[119.0385,39.36]],[[119.0385,39.36],[118.9173,39.36]],[[121.2192,39.48],[121.3404,39.48]],[[121.3404,39.36],[121.2192,39.36]],[[121.2192,39.36],[121.2192,39.48]],[[121.3404,39.48],[121.4615,39.48]],[[121.4615,39.36],[121.3404,39.36]],[[121.5827,39.36],[121.4615,39.36]],[[121.7038,39.36],[121.5827,39.36]],[[122.3096,39.48],[122.3096,39.36]],[[122.3096,39.36],[122.1885,39.36]],[[111.5269,39.24],[111.4058,39.24]],[[111.4058,39.24],[111.4058,39.36]],[[112.0115,39.36],[112.0115,39.24]],[[112.4962,39.24],[112.375,39.24]],[[112.375,39.24],[112.375,39.36]],[[112.6173,39.24],[112.4962,39.24]],[[112.7385,39.24],[112.6173,39.24]],[[112.8596,39.24],[112.7385,39.24]],[[112.9808,39.36],[112.9808,39.24]],[[112.9808,39.24],[112.8596,39.24]],[[113.95,39.24],[113.95,39.36]],[[116.9788,39.24],[116.8577,39.24]],[[117.1,39.24],[116.9788,39.24]],[[117.2212,39.24],[117.1,39.24]],[[117.3423,39.24],[117.2212,39.24]],[[117.4635,39.24],[117.3423,39.24]],[[117.5846,39.24],[117.4635,39.24]],[[117.7058,39.24],[117.5846,39.24]],[[117.8269,39.24],[117.7058,39.24]],[[117.9481,39.24],[117.8269,39.24]],[[118.0692,39.24],[117.9481,39.24]],[[118.1904,39.36],[118.1904,39.24]],[[118.1904,39.24],[118.0692,39.24]],[[118.5538,39.24],[118.4327,39.24]],[[118.4327,39.24],[118.4327,39.36]],[[118.675,39.24],[118.5538,39.24]],[[118.7962,39.24],[118.675,39.24]],[[118.9173,39.36],[118.9173,39.24]],[[118.9173,39.24],[118.7962,39.24]],[[121.7038,39.24],[121.7038,39.36]],[[122.0673,39.24],[121.9462,39.24]],[[122.1885,39.36],[122.1885,39.24]],[[122.1885,39.24],[122.0673,39.24]],[[111.6481,39.12],[111.5269,39.12]],[[111.5269,39.12],[111.5269,39.24]],[[112.0115,39.24],[112.0115,39.12]],[[112.0115,39.12],[111.8904,39.12]],[[114.0712,39.12],[113.95,39.12]],[[113.95,39.12],[113.95,39.24]],[[114.1923,39.12],[114.0712,39.12]],[[114.3135,39.12],[114.1923,39.12]],[[114.4346,39.12],[114.3135,39.12]],[[114.5558,39.12],[114.4346,39.12]],[[114.6769,39.12],[114.5558,39.12]],[[114.7981,39.12],[114.6769,39.12]],[[114.9192,39.12],[114.7981,39.12]],[[115.0404,39.12],[114.9192,39.12]],[[115.1615,39.12],[115.0404,39.12]],[[115.2827,39.12],[115.1615,39.12]],[[115.4038,39.12],[115.2827,39.12]],[[115.525,39.12],[115.4038,39.12]],[[115.6462,39.12],[115.525,39.12]],[[115.7673,39.12],[115.6462,39.12]],[[115.8885,39.12],[115.7673,39.12]],[[116.0096,39.12],[115.8885,39.12]],[[116.1308,39.12],[116.0096,39.12]],[[116.2519,39.12],[116.1308,39.12]],[[116.3731,39.12],[116.2519,39.12]],[[116.4942,39.12],[116.3731,39.12]],[[116.6154,39.12],[116.4942,39.12]],[[116.7365,39.12],[116.6154,39.12]],[[116.8577,39.24],[116.8577,39.12]],[[116.8577,39.12],[116.7365,39.12]],[[121.5827,39.24],[121.7038,39.24]],[[121.5827,39.12],[121.5827,39.24]],[[121.825,39.12],[121.7038,39.12]],[[121.9462,39.24],[121.9462,39.12]],[[121.9462,39.12],[121.825,39.12]],[[111.7692,39.0],[111.6481,39.0]],[[111.6481,39.0],[111.6481,39.12]],[[111.8904,39.12],[111.8904,39.0]],[[121.4615,39.12],[121.5827,39.12]],[[121.5827,39.0],[121.4615,39.0]],[[121.4615,39.0],[121.4615,39.12]],[[121.7038,39.12],[121.7038,39.0]],[[121.7038,39.0],[121.5827,39.0]],[[111.8904,39.0],[111.8904,38.88]],[[111.7692,38.88],[111.7692,39.0]],[[121.3404,39.0],[121.4615,39.0]],[[121.4615,39.0],[121.4615,38.88]],[[121.4615,38.88],[121.3404,38.88]],[[121.3404,38.88],[121.3404,39.0]],[[111.8904,38.88],[111.8904,38.76]],[[111.8904,38.76],[111.7692,38.76]],[[111.7692,38.76],[111.7692,38.88]],[[121.2192,38.88],[121.3404,38.88]],[[121.3404,38.88],[121.3404,38.76]],[[121.3404,38.76],[121.2192,38.76]],[[121.2192,38.76],[121.2192,38.88]]]}},{"type":"Feature","properties":{"regime_key":"western_xia","regime_name":"Western Xia","regime_name_zh":"西夏","color":"#c77d24","kind":"regime_outer_boundary","year":1080,"method":"rasterized union mask from Hartwell-derived polygons","grid_width":520,"grid_height":300,"accuracy_note":"Coarse visual outer boundary for map readability; not a strict historical boundary."},"geometry":{"type":"MultiLineString","coordinates":[[[96.3827,42.72],[96.5038,42.72]],[[96.3827,42.6],[96.3827,42.72]],[[96.5038,42.72],[96.625,42.72]],[[96.625,42.72],[96.7462,42.72]],[[96.7462,42.72],[96.8673,42.72]],[[96.8673,42.72],[96.9885,42.72]],[[96.9885,42.72],[97.1096,42.72]],[[97.1096,42.72],[97.2308,42.72]],[[97.2308,42.72],[97.3519,42.72]],[[97.3519,42.72],[97.4731,42.72]],[[97.4731,42.72],[97.5942,42.72]],[[97.5942,42.72],[97.7154,42.72]],[[97.7154,42.72],[97.8365,42.72]],[[97.8365,42.72],[97.9577,42.72]],[[97.9577,42.72],[98.0788,42.72]],[[98.0788,42.72],[98.2,42.72]],[[98.2,42.72],[98.3212,42.72]],[[98.3212,42.72],[98.4423,42.72]],[[98.4423,42.72],[98.5635,42.72]],[[98.5635,42.72],[98.6846,42.72]],[[98.6846,42.72],[98.8058,42.72]],[[98.8058,42.72],[98.9269,42.72]],[[98.9269,42.72],[99.0481,42.72]],[[99.0481,42.72],[99.1692,42.72]],[[99.1692,42.72],[99.2904,42.72]],[[99.2904,42.72],[99.4115,42.72]],[[99.4115,42.72],[99.5327,42.72]],[[99.5327,42.72],[99.6538,42.72]],[[99.6538,42.72],[99.775,42.72]],[[99.775,42.72],[99.8962,42.72]],[[99.8962,42.72],[100.0173,42.72]],[[100.0173,42.72],[100.1385,42.72]],[[100.1385,42.72],[100.2596,42.72]],[[100.2596,42.72],[100.3808,42.72]],[[100.3808,42.72],[100.5019,42.72]],[[100.5019,42.72],[100.5019,42.6]],[[96.2615,42.6],[96.3827,42.6]],[[96.2615,42.48],[96.2615,42.6]],[[100.5019,42.6],[100.6231,42.6]],[[100.6231,42.6],[100.7442,42.6]],[[100.7442,42.6],[100.8654,42.6]],[[100.8654,42.6],[100.9865,42.6]],[[100.9865,42.6],[101.1077,42.6]],[[101.1077,42.6],[101.2288,42.6]],[[101.2288,42.6],[101.2288,42.48]],[[96.2615,42.36],[96.2615,42.48]],[[101.2288,42.48],[101.35,42.48]],[[101.35,42.48],[101.4712,42.48]],[[101.4712,42.48],[101.5923,42.48]],[[101.5923,42.48],[101.7135,42.48]],[[101.7135,42.48],[101.7135,42.36]],[[107.2865,42.48],[107.4077,42.48]],[[107.2865,42.36],[107.2865,42.48]],[[107.4077,42.48],[107.5288,42.48]],[[107.5288,42.48],[107.65,42.48]],[[107.65,42.48],[107.7712,42.48]],[[107.7712,42.48],[107.8923,42.48]],[[107.8923,42.48],[108.0135,42.48]],[[108.0135,42.48],[108.1346,42.48]],[[108.1346,42.48],[108.2558,42.48]],[[108.2558,42.48],[108.3769,42.48]],[[108.3769,42.48],[108.4981,42.48]],[[108.4981,42.48],[108.6192,42.48]],[[108.6192,42.48],[108.7404,42.48]],[[108.7404,42.48],[108.8615,42.48]],[[108.8615,42.48],[108.9827,42.48]],[[108.9827,42.48],[109.1038,42.48]],[[109.1038,42.48],[109.225,42.48]],[[109.225,42.48],[109.3462,42.48]],[[109.3462,42.48],[109.3462,42.36]],[[96.1404,42.36],[96.2615,42.36]],[[96.1404,42.24],[96.1404,42.36]],[[101.7135,42.36],[101.8346,42.36]],[[101.8346,42.36],[101.9558,42.36]],[[101.9558,42.36],[102.0769,42.36]],[[102.0769,42.36],[102.1981,42.36]],[[102.1981,42.36],[102.1981,42.24]],[[107.0442,42.36],[107.1654,42.36]],[[107.0442,42.24],[107.0442,42.36]],[[107.1654,42.36],[107.2865,42.36]],[[109.3462,42.36],[109.3462,42.24]],[[96.1404,42.12],[96.1404,42.24]],[[102.1981,42.24],[102.3192,42.24]],[[102.3192,42.24],[102.4404,42.24]],[[102.4404,42.24],[102.5615,42.24]],[[102.5615,42.24],[102.6827,42.24]],[[102.6827,42.24],[102.6827,42.12]],[[106.6808,42.24],[106.8019,42.24]],[[106.6808,42.12],[106.6808,42.24]],[[106.8019,42.24],[106.9231,42.24]],[[106.9231,42.24],[107.0442,42.24]],[[109.3462,42.24],[109.3462,42.12]],[[96.0192,42.12],[96.1404,42.12]],[[96.0192,42.0],[96.0192,42.12]],[[102.6827,42.12],[102.8038,42.12]],[[102.8038,42.12],[102.925,42.12]],[[102.925,42.12],[103.0462,42.12]],[[103.0462,42.12],[103.1673,42.12]],[[103.1673,42.12],[103.1673,42.0]],[[106.3173,42.12],[106.4385,42.12]],[[106.3173,42.0],[106.3173,42.12]],[[106.4385,42.12],[106.5596,42.12]],[[106.5596,42.12],[106.6808,42.12]],[[109.3462,42.12],[109.3462,42.0]],[[109.3462,42.0],[109.225,42.0]],[[96.0192,41.88],[96.0192,42.0]],[[103.1673,42.0],[103.2885,42.0]],[[103.2885,42.0],[103.4096,42.0]],[[103.4096,42.0],[103.5308,42.0]],[[103.5308,42.0],[103.6519,42.0]],[[103.6519,42.0],[103.6519,41.88]],[[106.075,42.0],[106.1962,42.0]],[[106.075,41.88],[106.075,42.0]],[[106.1962,42.0],[106.3173,42.0]],[[109.225,42.0],[109.225,41.88]],[[95.5346,41.88],[95.6558,41.88]],[[95.5346,41.76],[95.5346,41.88]],[[95.6558,41.88],[95.7769,41.88]],[[95.7769,41.88],[95.8981,41.88]],[[95.8981,41.88],[96.0192,41.88]],[[103.6519,41.88],[103.7731,41.88]],[[103.7731,41.88],[103.8942,41.88]],[[103.8942,41.88],[104.0154,41.88]],[[104.0154,41.88],[104.0154,41.76]],[[105.7115,41.88],[105.8327,41.88]],[[105.7115,41.76],[105.7115,41.88]],[[105.8327,41.88],[105.9538,41.88]],[[105.9538,41.88],[106.075,41.88]],[[109.225,41.88],[109.225,41.76]],[[95.05,41.76],[95.1712,41.76]],[[95.05,41.64],[95.05,41.76]],[[95.1712,41.76],[95.2923,41.76]],[[95.2923,41.76],[95.4135,41.76]],[[95.4135,41.76],[95.5346,41.76]],[[104.0154,41.76],[104.1365,41.76]],[[104.1365,41.76],[104.2577,41.76]],[[104.2577,41.76],[104.3788,41.76]],[[104.3788,41.76],[104.5,41.76]],[[104.5,41.76],[104.5,41.64]],[[105.3481,41.76],[105.4692,41.76]],[[105.3481,41.64],[105.3481,41.76]],[[105.4692,41.76],[105.5904,41.76]],[[105.5904,41.76],[105.7115,41.76]],[[109.225,41.76],[109.3462,41.76]],[[109.3462,41.76],[109.3462,41.64]],[[94.6865,41.64],[94.8077,41.64]],[[94.6865,41.52],[94.6865,41.64]],[[94.8077,41.64],[94.9288,41.64]],[[94.9288,41.64],[95.05,41.64]],[[104.5,41.64],[104.6212,41.64]],[[104.6212,41.64],[104.7423,41.64]],[[104.7423,41.64],[104.8635,41.64]],[[104.8635,41.64],[104.9846,41.64]],[[104.9846,41.64],[104.9846,41.52]],[[105.1058,41.64],[105.2269,41.64]],[[105.1058,41.52],[105.1058,41.64]],[[105.2269,41.64],[105.3481,41.64]],[[109.3462,41.64],[109.4673,41.64]],[[109.4673,41.64],[109.4673,41.52]],[[94.5654,41.52],[94.6865,41.52]],[[94.5654,41.4],[94.5654,41.52]],[[104.9846,41.52],[105.1058,41.52]],[[109.4673,41.52],[109.5885,41.52]],[[109.5885,41.52],[109.5885,41.4]],[[94.3231,41.4],[94.4442,41.4]],[[94.3231,41.28],[94.3231,41.4]],[[94.4442,41.4],[94.5654,41.4]],[[109.4673,41.28],[109.3462,41.28]],[[109.5885,41.28],[109.4673,41.28]],[[109.5885,41.4],[109.7096,41.4]],[[109.7096,41.4],[109.7096,41.28]],[[109.7096,41.28],[109.5885,41.28]],[[94.2019,41.28],[94.3231,41.28]],[[94.2019,41.16],[94.2019,41.28]],[[109.1038,41.16],[108.9827,41.16]],[[109.225,41.16],[109.1038,41.16]],[[109.3462,41.28],[109.3462,41.16]],[[109.3462,41.16],[109.225,41.16]],[[94.0808,41.16],[94.2019,41.16]],[[94.0808,41.04],[94.0808,41.16]],[[108.6192,41.04],[108.4981,41.04]],[[108.7404,41.04],[108.6192,41.04]],[[108.8615,41.04],[108.7404,41.04]],[[108.9827,41.16],[108.9827,41.04]],[[108.9827,41.04],[108.8615,41.04]],[[93.9596,41.04],[94.0808,41.04]],[[93.9596,40.92],[93.9596,41.04]],[[108.3769,40.92],[108.2558,40.92]],[[108.4981,41.04],[108.4981,40.92]],[[108.4981,40.92],[108.3769,40.92]],[[93.8385,40.92],[93.9596,40.92]],[[93.8385,40.8],[93.8385,40.92]],[[108.2558,40.92],[108.2558,40.8]],[[93.7173,40.8],[93.8385,40.8]],[[93.7173,40.68],[93.7173,40.8]],[[108.2558,40.8],[108.3769,40.8]],[[108.3769,40.8],[108.4981,40.8]],[[108.4981,40.8],[108.4981,40.68]],[[93.475,40.68],[93.5962,40.68]],[[93.475,40.56],[93.475,40.68]],[[93.5962,40.68],[93.7173,40.68]],[[108.4981,40.68],[108.6192,40.68]],[[108.6192,40.68],[108.7404,40.68]],[[108.7404,40.68],[108.8615,40.68]],[[108.8615,40.68],[108.8615,40.56]],[[92.9904,40.56],[93.1115,40.56]],[[92.9904,40.44],[92.9904,40.56]],[[93.1115,40.56],[93.2327,40.56]],[[93.2327,40.56],[93.3538,40.56]],[[93.3538,40.56],[93.475,40.56]],[[108.8615,40.56],[108.9827,40.56]],[[108.9827,40.56],[109.1038,40.56]],[[109.1038,40.56],[109.1038,40.44]],[[92.8692,40.44],[92.9904,40.44]],[[92.8692,40.32],[92.8692,40.44]],[[109.1038,40.44],[109.1038,40.32]],[[92.8692,40.2],[92.8692,40.32]],[[109.1038,40.32],[109.1038,40.2]],[[92.8692,40.08],[92.8692,40.2]],[[109.1038,40.2],[109.1038,40.08]],[[92.7481,40.08],[92.8692,40.08]],[[92.7481,39.96],[92.7481,40.08]],[[109.1038,40.08],[109.1038,39.96]],[[92.7481,39.84],[92.7481,39.96]],[[109.1038,39.96],[109.225,39.96]],[[109.225,39.96],[109.225,39.84]],[[92.8692,39.72],[92.7481,39.72]],[[92.7481,39.72],[92.7481,39.84]],[[109.225,39.84],[109.225,39.72]],[[92.8692,39.6],[92.8692,39.72]],[[109.225,39.72],[109.3462,39.72]],[[109.3462,39.72],[109.4673,39.72]],[[109.4673,39.72],[109.4673,39.6]],[[92.8692,39.48],[92.8692,39.6]],[[109.4673,39.6],[109.5885,39.6]],[[109.5885,39.6],[109.7096,39.6]],[[109.7096,39.6],[109.8308,39.6]],[[109.8308,39.6],[109.9519,39.6]],[[109.9519,39.6],[109.9519,39.48]],[[92.9904,39.36],[92.8692,39.36]],[[92.8692,39.36],[92.8692,39.48]],[[109.9519,39.48],[110.0731,39.48]],[[110.0731,39.48],[110.0731,39.36]],[[110.0731,39.36],[109.9519,39.36]],[[92.9904,39.24],[92.9904,39.36]],[[94.4442,39.24],[94.3231,39.24]],[[94.5654,39.24],[94.4442,39.24]],[[94.6865,39.24],[94.5654,39.24]],[[94.8077,39.24],[94.6865,39.24]],[[94.9288,39.24],[94.8077,39.24]],[[95.05,39.24],[94.9288,39.24]],[[95.1712,39.24],[95.05,39.24]],[[95.2923,39.24],[95.1712,39.24]],[[109.9519,39.36],[109.9519,39.24]],[[93.1115,39.12],[92.9904,39.12]],[[92.9904,39.12],[92.9904,39.24]],[[93.2327,39.12],[93.1115,39.12]],[[93.3538,39.12],[93.2327,39.12]],[[93.475,39.12],[93.3538,39.12]],[[93.5962,39.12],[93.475,39.12]],[[93.7173,39.12],[93.5962,39.12]],[[93.8385,39.12],[93.7173,39.12]],[[93.9596,39.12],[93.8385,39.12]],[[94.0808,39.12],[93.9596,39.12]],[[94.2019,39.12],[94.0808,39.12]],[[94.3231,39.24],[94.3231,39.12]],[[94.3231,39.12],[94.2019,39.12]],[[95.4135,39.12],[95.2923,39.12]],[[95.2923,39.12],[95.2923,39.24]],[[95.5346,39.12],[95.4135,39.12]],[[97.2308,39.12],[97.1096,39.12]],[[97.3519,39.12],[97.2308,39.12]],[[97.4731,39.12],[97.3519,39.12]],[[98.9269,39.12],[98.8058,39.12]],[[109.9519,39.24],[109.9519,39.12]],[[109.9519,39.12],[109.8308,39.12]],[[95.6558,39.0],[95.5346,39.0]],[[95.5346,39.0],[95.5346,39.12]],[[95.7769,39.0],[95.6558,39.0]],[[97.1096,39.12],[97.1096,39.0]],[[97.1096,39.0],[96.9885,39.0]],[[97.5942,39.0],[97.4731,39.0]],[[97.4731,39.0],[97.4731,39.12]],[[97.7154,39.0],[97.5942,39.0]],[[98.5635,39.0],[98.4423,39.0]],[[98.6846,39.0],[98.5635,39.0]],[[98.8058,39.12],[98.8058,39.0]],[[98.8058,39.0],[98.6846,39.0]],[[99.0481,39.0],[98.9269,39.0]],[[98.9269,39.0],[98.9269,39.12]],[[109.8308,39.12],[109.8308,39.0]],[[109.8308,39.0],[109.7096,39.0]],[[95.8981,38.88],[95.7769,38.88]],[[95.7769,38.88],[95.7769,39.0]],[[96.0192,38.88],[95.8981,38.88]],[[96.9885,39.0],[96.9885,38.88]],[[97.8365,38.88],[97.7154,38.88]],[[97.7154,38.88],[97.7154,39.0]],[[97.9577,38.88],[97.8365,38.88]],[[98.3212,38.88],[98.2,38.88]],[[98.4423,39.0],[98.4423,38.88]],[[98.4423,38.88],[98.3212,38.88]],[[99.1692,38.88],[99.0481,38.88]],[[99.0481,38.88],[99.0481,39.0]],[[109.7096,39.0],[109.7096,38.88]],[[96.1404,38.76],[96.0192,38.76]],[[96.0192,38.76],[96.0192,38.88]],[[96.9885,38.88],[96.9885,38.76]],[[96.9885,38.76],[96.8673,38.76]],[[98.0788,38.76],[97.9577,38.76]],[[97.9577,38.76],[97.9577,38.88]],[[98.2,38.88],[98.2,38.76]],[[98.2,38.76],[98.0788,38.76]],[[99.2904,38.76],[99.1692,38.76]],[[99.1692,38.76],[99.1692,38.88]],[[109.7096,38.88],[109.8308,38.88]],[[109.8308,38.88],[109.8308,38.76]],[[96.2615,38.64],[96.1404,38.64]],[[96.1404,38.64],[96.1404,38.76]],[[96.3827,38.64],[96.2615,38.64]],[[96.8673,38.76],[96.8673,38.64]],[[99.4115,38.64],[99.2904,38.64]],[[99.2904,38.64],[99.2904,38.76]],[[109.8308,38.76],[109.8308,38.64]],[[96.5038,38.52],[96.3827,38.52]],[[96.3827,38.52],[96.3827,38.64]],[[96.625,38.52],[96.5038,38.52]],[[96.8673,38.64],[96.8673,38.52]],[[99.5327,38.52],[99.4115,38.52]],[[99.4115,38.52],[99.4115,38.64]],[[99.6538,38.52],[99.5327,38.52]],[[109.8308,38.64],[109.9519,38.64]],[[109.9519,38.64],[109.9519,38.52]],[[96.7462,38.4],[96.625,38.4]],[[96.625,38.4],[96.625,38.52]],[[96.8673,38.52],[96.8673,38.4]],[[96.8673,38.4],[96.7462,38.4]],[[99.775,38.4],[99.6538,38.4]],[[99.6538,38.4],[99.6538,38.52]],[[99.8962,38.4],[99.775,38.4]],[[100.0173,38.4],[99.8962,38.4]],[[109.9519,38.52],[110.0731,38.52]],[[110.0731,38.52],[110.0731,38.4]],[[100.1385,38.28],[100.0173,38.28]],[[100.0173,38.28],[100.0173,38.4]],[[100.2596,38.28],[100.1385,38.28]],[[100.3808,38.28],[100.2596,38.28]],[[110.0731,38.4],[110.1942,38.4]],[[110.1942,38.4],[110.1942,38.28]],[[100.5019,38.16],[100.3808,38.16]],[[100.3808,38.16],[100.3808,38.28]],[[100.6231,38.16],[100.5019,38.16]],[[100.7442,38.16],[100.6231,38.16]],[[110.1942,38.28],[110.3154,38.28]],[[110.3154,38.28],[110.3154,38.16]],[[100.8654,38.04],[100.7442,38.04]],[[100.7442,38.04],[100.7442,38.16]],[[100.9865,38.04],[100.8654,38.04]],[[101.1077,38.04],[100.9865,38.04]],[[110.0731,38.04],[109.9519,38.04]],[[110.1942,38.04],[110.0731,38.04]],[[110.3154,38.04],[110.1942,38.04]],[[110.3154,38.16],[110.4365,38.16]],[[110.4365,38.16],[110.4365,38.04]],[[101.1077,37.92],[101.1077,38.04]],[[109.9519,38.04],[109.9519,37.92]],[[109.9519,37.92],[109.8308,37.92]],[[110.4365,37.92],[110.3154,37.92]],[[110.3154,37.92],[110.3154,38.04]],[[110.4365,38.04],[110.5577,38.04]],[[110.5577,38.04],[110.5577,37.92]],[[110.5577,37.92],[110.4365,37.92]],[[101.1077,37.8],[101.1077,37.92]],[[109.8308,37.92],[109.8308,37.8]],[[109.8308,37.8],[109.7096,37.8]],[[110.5577,37.92],[110.6788,37.92]],[[110.6788,37.92],[110.6788,37.8]],[[110.6788,37.8],[110.5577,37.8]],[[110.5577,37.8],[110.5577,37.92]],[[100.9865,37.8],[101.1077,37.8]],[[100.9865,37.68],[100.9865,37.8]],[[109.7096,37.8],[109.7096,37.68]],[[109.7096,37.68],[109.5885,37.68]],[[100.9865,37.56],[100.9865,37.68]],[[109.5885,37.68],[109.5885,37.56]],[[109.5885,37.56],[109.4673,37.56]],[[100.9865,37.44],[100.9865,37.56]],[[106.3173,37.44],[106.1962,37.44]],[[106.4385,37.44],[106.3173,37.44]],[[106.5596,37.44],[106.4385,37.44]],[[109.3462,37.44],[109.225,37.44]],[[109.4673,37.56],[109.4673,37.44]],[[109.4673,37.44],[109.3462,37.44]],[[101.1077,37.32],[100.9865,37.32]],[[100.9865,37.32],[100.9865,37.44]],[[101.2288,37.32],[101.1077,37.32]],[[101.35,37.32],[101.2288,37.32]],[[105.9538,37.32],[105.8327,37.32]],[[106.075,37.32],[105.9538,37.32]],[[106.1962,37.44],[106.1962,37.32]],[[106.1962,37.32],[106.075,37.32]],[[106.5596,37.32],[106.5596,37.44]],[[108.0135,37.32],[107.8923,37.32]],[[108.1346,37.32],[108.0135,37.32]],[[108.2558,37.32],[108.1346,37.32]],[[108.3769,37.32],[108.2558,37.32]],[[108.4981,37.32],[108.3769,37.32]],[[109.225,37.44],[109.225,37.32]],[[109.225,37.32],[109.1038,37.32]],[[101.4712,37.2],[101.35,37.2]],[[101.35,37.2],[101.35,37.32]],[[101.5923,37.2],[101.4712,37.2]],[[101.7135,37.2],[101.5923,37.2]],[[101.8346,37.2],[101.7135,37.2]],[[101.9558,37.2],[101.8346,37.2]],[[102.0769,37.2],[101.9558,37.2]],[[102.1981,37.2],[102.0769,37.2]],[[105.7115,37.2],[105.5904,37.2]],[[105.8327,37.32],[105.8327,37.2]],[[105.8327,37.2],[105.7115,37.2]],[[106.5596,37.2],[106.5596,37.32]],[[107.8923,37.32],[107.8923,37.2]],[[107.8923,37.2],[107.7712,37.2]],[[108.6192,37.2],[108.4981,37.2]],[[108.4981,37.2],[108.4981,37.32]],[[109.1038,37.32],[109.1038,37.2]],[[109.1038,37.2],[108.9827,37.2]],[[102.3192,37.08],[102.1981,37.08]],[[102.1981,37.08],[102.1981,37.2]],[[102.4404,37.08],[102.3192,37.08]],[[102.5615,37.08],[102.4404,37.08]],[[105.3481,37.08],[105.2269,37.08]],[[105.4692,37.08],[105.3481,37.08]],[[105.5904,37.2],[105.5904,37.08]],[[105.5904,37.08],[105.4692,37.08]],[[106.6808,37.08],[106.5596,37.08]],[[106.5596,37.08],[106.5596,37.2]],[[106.8019,37.08],[106.6808,37.08]],[[106.9231,37.08],[106.8019,37.08]],[[107.7712,37.2],[107.7712,37.08]],[[107.7712,37.08],[107.65,37.08]],[[108.7404,37.08],[108.6192,37.08]],[[108.6192,37.08],[108.6192,37.2]],[[108.9827,37.2],[108.9827,37.08]],[[108.9827,37.08],[108.8615,37.08]],[[102.5615,36.96],[102.5615,37.08]],[[105.2269,37.08],[105.2269,36.96]],[[107.0442,36.96],[106.9231,36.96]],[[106.9231,36.96],[106.9231,37.08]],[[107.1654,36.96],[107.0442,36.96]],[[107.2865,36.96],[107.1654,36.96]],[[107.4077,36.96],[107.2865,36.96]],[[107.65,37.08],[107.65,36.96]],[[108.8615,37.08],[108.8615,36.96]],[[108.8615,36.96],[108.7404,36.96]],[[108.7404,36.96],[108.7404,37.08]],[[102.6827,36.84],[102.5615,36.84]],[[102.5615,36.84],[102.5615,36.96]],[[105.2269,36.96],[105.2269,36.84]],[[107.5288,36.84],[107.4077,36.84]],[[107.4077,36.84],[107.4077,36.96]],[[107.65,36.96],[107.65,36.84]],[[107.65,36.84],[107.5288,36.84]],[[102.6827,36.72],[102.6827,36.84]],[[105.2269,36.84],[105.2269,36.72]],[[102.8038,36.6],[102.6827,36.6]],[[102.6827,36.6],[102.6827,36.72]],[[105.2269,36.72],[105.2269,36.6]],[[102.8038,36.48],[102.8038,36.6]],[[105.2269,36.6],[105.2269,36.48]],[[102.925,36.36],[102.8038,36.36]],[[102.8038,36.36],[102.8038,36.48]],[[105.2269,36.48],[105.2269,36.36]],[[103.0462,36.24],[102.925,36.24]],[[102.925,36.24],[102.925,36.36]],[[103.1673,36.24],[103.0462,36.24]],[[105.2269,36.36],[105.2269,36.24]],[[103.2885,36.12],[103.1673,36.12]],[[103.1673,36.12],[103.1673,36.24]],[[103.4096,36.12],[103.2885,36.12]],[[105.2269,36.24],[105.3481,36.24]],[[105.3481,36.24],[105.3481,36.12]],[[103.5308,36.0],[103.4096,36.0]],[[103.4096,36.0],[103.4096,36.12]],[[104.6212,36.0],[104.5,36.0]],[[104.7423,36.0],[104.6212,36.0]],[[105.3481,36.12],[105.3481,36.0]],[[103.6519,35.88],[103.5308,35.88]],[[103.5308,35.88],[103.5308,36.0]],[[103.7731,35.88],[103.6519,35.88]],[[104.5,36.0],[104.5,35.88]],[[104.5,35.88],[104.3788,35.88]],[[104.7423,35.88],[104.7423,36.0]],[[105.3481,36.0],[105.3481,35.88]],[[103.8942,35.76],[103.7731,35.76]],[[103.7731,35.76],[103.7731,35.88]],[[104.0154,35.76],[103.8942,35.76]],[[104.3788,35.88],[104.3788,35.76]],[[104.3788,35.76],[104.2577,35.76]],[[104.8635,35.76],[104.7423,35.76]],[[104.7423,35.76],[104.7423,35.88]],[[105.3481,35.88],[105.3481,35.76]],[[104.1365,35.64],[104.0154,35.64]],[[104.0154,35.64],[104.0154,35.76]],[[104.2577,35.76],[104.2577,35.64]],[[104.2577,35.64],[104.1365,35.64]],[[104.8635,35.64],[104.8635,35.76]],[[105.3481,35.76],[105.3481,35.64]],[[104.9846,35.52],[104.8635,35.52]],[[104.8635,35.52],[104.8635,35.64]],[[105.1058,35.52],[104.9846,35.52]],[[105.2269,35.52],[105.1058,35.52]],[[105.3481,35.64],[105.3481,35.52]],[[105.3481,35.52],[105.2269,35.52]]]}},{"type":"Feature","properties":{"regime_key":"dali","regime_name":"Dali","regime_name_zh":"大理","color":"#00897b","kind":"regime_outer_boundary","year":1080,"method":"rasterized union mask from Hartwell-derived polygons","grid_width":520,"grid_height":300,"accuracy_note":"Coarse visual outer boundary for map readability; not a strict historical boundary."},"geometry":{"type":"MultiLineString","coordinates":[[[99.0481,29.16],[99.1692,29.16]],[[99.1692,29.16],[99.1692,29.04]],[[99.0481,29.04],[99.0481,29.16]],[[99.1692,29.04],[99.1692,28.92]],[[99.0481,28.92],[99.0481,29.04]],[[98.6846,28.92],[98.8058,28.92]],[[98.8058,28.92],[98.8058,28.8]],[[98.6846,28.8],[98.6846,28.92]],[[98.9269,28.92],[99.0481,28.92]],[[98.9269,28.8],[98.9269,28.92]],[[99.1692,28.92],[99.1692,28.8]],[[98.6846,28.68],[98.6846,28.8]],[[98.8058,28.8],[98.9269,28.8]],[[99.1692,28.8],[99.2904,28.8]],[[99.2904,28.8],[99.2904,28.68]],[[99.6538,28.8],[99.775,28.8]],[[99.775,28.8],[99.775,28.68]],[[99.6538,28.68],[99.6538,28.8]],[[103.1673,28.8],[103.2885,28.8]],[[103.2885,28.8],[103.2885,28.68]],[[103.1673,28.68],[103.1673,28.8]],[[98.6846,28.56],[98.6846,28.68]],[[99.2904,28.68],[99.2904,28.56]],[[99.6538,28.56],[99.6538,28.68]],[[99.775,28.68],[99.8962,28.68]],[[99.8962,28.68],[99.8962,28.56]],[[103.0462,28.68],[103.1673,28.68]],[[103.0462,28.56],[103.0462,28.68]],[[103.2885,28.68],[103.2885,28.56]],[[98.6846,28.44],[98.6846,28.56]],[[99.2904,28.56],[99.2904,28.44]],[[99.5327,28.56],[99.6538,28.56]],[[99.5327,28.44],[99.5327,28.56]],[[99.8962,28.56],[99.8962,28.44]],[[102.925,28.56],[103.0462,28.56]],[[102.925,28.44],[102.925,28.56]],[[103.2885,28.56],[103.2885,28.44]],[[98.6846,28.32],[98.6846,28.44]],[[99.2904,28.44],[99.2904,28.32]],[[99.5327,28.32],[99.5327,28.44]],[[99.8962,28.44],[100.0173,28.44]],[[100.0173,28.44],[100.0173,28.32]],[[102.8038,28.44],[102.925,28.44]],[[102.8038,28.32],[102.8038,28.44]],[[103.2885,28.44],[103.2885,28.32]],[[98.2,28.32],[98.3212,28.32]],[[98.3212,28.32],[98.3212,28.2]],[[98.2,28.2],[98.2,28.32]],[[98.6846,28.2],[98.6846,28.32]],[[99.2904,28.32],[99.4115,28.32]],[[99.4115,28.32],[99.5327,28.32]],[[100.0173,28.32],[100.0173,28.2]],[[101.5923,28.32],[101.7135,28.32]],[[101.7135,28.32],[101.7135,28.2]],[[101.5923,28.2],[101.5923,28.32]],[[102.6827,28.32],[102.8038,28.32]],[[102.6827,28.2],[102.6827,28.32]],[[103.2885,28.32],[103.2885,28.2]],[[98.0788,28.2],[98.2,28.2]],[[98.2,28.08],[98.0788,28.08]],[[98.0788,28.08],[98.0788,28.2]],[[98.3212,28.2],[98.3212,28.08]],[[98.4423,28.2],[98.5635,28.2]],[[98.4423,28.08],[98.4423,28.2]],[[98.5635,28.2],[98.6846,28.2]],[[100.0173,28.2],[100.1385,28.2]],[[100.1385,28.2],[100.1385,28.08]],[[101.5923,28.08],[101.5923,28.2]],[[101.7135,28.2],[101.8346,28.2]],[[101.8346,28.2],[101.8346,28.08]],[[102.5615,28.2],[102.6827,28.2]],[[102.5615,28.08],[102.5615,28.2]],[[103.2885,28.2],[103.2885,28.08]],[[98.2,27.96],[98.2,28.08]],[[98.3212,28.08],[98.4423,28.08]],[[100.1385,28.08],[100.1385,27.96]],[[101.4712,28.08],[101.5923,28.08]],[[101.4712,27.96],[101.4712,28.08]],[[101.8346,28.08],[101.9558,28.08]],[[101.9558,28.08],[102.0769,28.08]],[[102.0769,28.08],[102.0769,27.96]],[[102.4404,28.08],[102.5615,28.08]],[[102.4404,27.96],[102.4404,28.08]],[[103.2885,28.08],[103.2885,27.96]],[[98.2,27.84],[98.2,27.96]],[[100.1385,27.96],[100.2596,27.96]],[[100.2596,27.96],[100.2596,27.84]],[[101.4712,27.84],[101.4712,27.96]],[[102.0769,27.96],[102.1981,27.96]],[[102.1981,27.96],[102.3192,27.96]],[[102.3192,27.96],[102.4404,27.96]],[[103.2885,27.96],[103.2885,27.84]],[[98.3212,27.72],[98.2,27.72]],[[98.2,27.72],[98.2,27.84]],[[100.2596,27.84],[100.2596,27.72]],[[101.35,27.84],[101.4712,27.84]],[[101.35,27.72],[101.35,27.84]],[[103.2885,27.84],[103.4096,27.84]],[[103.4096,27.84],[103.4096,27.72]],[[103.4096,27.72],[103.2885,27.72]],[[98.4423,27.6],[98.3212,27.6]],[[98.3212,27.6],[98.3212,27.72]],[[98.5635,27.6],[98.4423,27.6]],[[98.6846,27.6],[98.5635,27.6]],[[100.2596,27.72],[100.3808,27.72]],[[100.3808,27.72],[100.5019,27.72]],[[100.5019,27.72],[100.6231,27.72]],[[100.6231,27.72],[100.7442,27.72]],[[100.7442,27.72],[100.8654,27.72]],[[100.8654,27.72],[100.9865,27.72]],[[100.9865,27.72],[101.1077,27.72]],[[101.1077,27.72],[101.2288,27.72]],[[101.2288,27.72],[101.35,27.72]],[[103.2885,27.72],[103.2885,27.6]],[[103.2885,27.6],[103.1673,27.6]],[[98.6846,27.48],[98.6846,27.6]],[[103.1673,27.6],[103.1673,27.48]],[[103.1673,27.48],[103.0462,27.48]],[[98.6846,27.36],[98.6846,27.48]],[[103.0462,27.48],[103.0462,27.36]],[[103.0462,27.36],[102.925,27.36]],[[98.6846,27.24],[98.6846,27.36]],[[102.925,27.36],[102.925,27.24]],[[98.6846,27.12],[98.6846,27.24]],[[102.925,27.24],[102.925,27.12]],[[98.6846,27.0],[98.6846,27.12]],[[102.925,27.12],[102.925,27.0]],[[98.6846,26.88],[98.6846,27.0]],[[102.925,27.0],[103.0462,27.0]],[[103.0462,27.0],[103.0462,26.88]],[[98.6846,26.76],[98.6846,26.88]],[[103.0462,26.88],[103.0462,26.76]],[[98.6846,26.64],[98.6846,26.76]],[[103.0462,26.76],[103.0462,26.64]],[[98.6846,26.52],[98.6846,26.64]],[[103.0462,26.64],[103.0462,26.52]],[[103.0462,26.52],[102.925,26.52]],[[104.1365,26.64],[104.2577,26.64]],[[104.1365,26.52],[104.1365,26.64]],[[104.2577,26.64],[104.3788,26.64]],[[104.3788,26.64],[104.5,26.64]],[[104.5,26.64],[104.5,26.52]],[[98.6846,26.4],[98.6846,26.52]],[[102.925,26.52],[102.925,26.4]],[[102.925,26.4],[102.8038,26.4]],[[103.7731,26.52],[103.8942,26.52]],[[103.7731,26.4],[103.7731,26.52]],[[103.8942,26.52],[104.0154,26.52]],[[104.0154,26.52],[104.1365,26.52]],[[104.5,26.52],[104.5,26.4]],[[98.6846,26.28],[98.6846,26.4]],[[102.8038,26.4],[102.8038,26.28]],[[103.6519,26.4],[103.7731,26.4]],[[103.6519,26.28],[103.6519,26.4]],[[104.5,26.4],[104.6212,26.4]],[[104.6212,26.4],[104.6212,26.28]],[[98.6846,26.16],[98.6846,26.28]],[[102.8038,26.28],[102.8038,26.16]],[[103.6519,26.16],[103.6519,26.28]],[[104.6212,26.28],[104.6212,26.16]],[[98.6846,26.04],[98.6846,26.16]],[[102.8038,26.16],[102.925,26.16]],[[102.925,26.16],[103.0462,26.16]],[[103.0462,26.16],[103.0462,26.04]],[[103.6519,26.04],[103.6519,26.16]],[[104.6212,26.16],[104.7423,26.16]],[[104.7423,26.16],[104.7423,26.04]],[[104.8635,26.16],[104.9846,26.16]],[[104.8635,26.04],[104.8635,26.16]],[[104.9846,26.16],[105.1058,26.16]],[[105.1058,26.16],[105.2269,26.16]],[[105.2269,26.16],[105.2269,26.04]],[[98.6846,25.92],[98.6846,26.04]],[[103.0462,26.04],[103.1673,26.04]],[[103.1673,26.04],[103.1673,25.92]],[[103.5308,26.04],[103.6519,26.04]],[[103.5308,25.92],[103.5308,26.04]],[[104.7423,26.04],[104.8635,26.04]],[[105.2269,26.04],[105.3481,26.04]],[[105.3481,26.04],[105.3481,25.92]],[[98.6846,25.8],[98.6846,25.92]],[[103.1673,25.92],[103.2885,25.92]],[[103.2885,25.92],[103.4096,25.92]],[[103.4096,25.92],[103.4096,25.8]],[[103.5308,25.8],[103.5308,25.92]],[[105.3481,25.92],[105.3481,25.8]],[[98.5635,25.8],[98.6846,25.8]],[[98.5635,25.68],[98.5635,25.8]],[[103.4096,25.8],[103.5308,25.8]],[[105.2269,25.68],[105.1058,25.68]],[[105.3481,25.8],[105.3481,25.68]],[[105.3481,25.68],[105.2269,25.68]],[[98.3212,25.68],[98.4423,25.68]],[[98.3212,25.56],[98.3212,25.68]],[[98.4423,25.68],[98.5635,25.68]],[[104.9846,25.56],[104.8635,25.56]],[[105.1058,25.68],[105.1058,25.56]],[[105.1058,25.56],[104.9846,25.56]],[[98.2,25.56],[98.3212,25.56]],[[98.2,25.44],[98.2,25.56]],[[104.7423,25.44],[104.6212,25.44]],[[104.8635,25.56],[104.8635,25.44]],[[104.8635,25.44],[104.7423,25.44]],[[97.9577,25.44],[98.0788,25.44]],[[97.9577,25.32],[97.9577,25.44]],[[98.0788,25.44],[98.2,25.44]],[[104.6212,25.44],[104.6212,25.32]],[[97.8365,25.32],[97.9577,25.32]],[[97.8365,25.2],[97.8365,25.32]],[[104.6212,25.32],[104.6212,25.2]],[[97.8365,25.08],[97.8365,25.2]],[[104.6212,25.2],[104.6212,25.08]],[[97.8365,24.96],[97.8365,25.08]],[[104.6212,25.08],[104.6212,24.96]],[[104.6212,24.96],[104.5,24.96]],[[97.7154,24.96],[97.8365,24.96]],[[97.7154,24.84],[97.7154,24.96]],[[104.5,24.96],[104.5,24.84]],[[97.7154,24.72],[97.7154,24.84]],[[104.5,24.84],[104.5,24.72]],[[97.7154,24.6],[97.7154,24.72]],[[104.5,24.72],[104.5,24.6]],[[97.7154,24.48],[97.7154,24.6]],[[104.5,24.6],[104.5,24.48]],[[97.5942,24.48],[97.7154,24.48]],[[97.5942,24.36],[97.5942,24.48]],[[104.5,24.48],[104.5,24.36]],[[97.5942,24.24],[97.5942,24.36]],[[104.5,24.36],[104.5,24.24]],[[97.5942,24.12],[97.5942,24.24]],[[98.4423,24.12],[98.3212,24.12]],[[98.5635,24.12],[98.4423,24.12]],[[98.6846,24.12],[98.5635,24.12]],[[98.8058,24.12],[98.6846,24.12]],[[98.9269,24.12],[98.8058,24.12]],[[104.5,24.24],[104.6212,24.24]],[[104.6212,24.24],[104.6212,24.12]],[[97.7154,24.0],[97.5942,24.0]],[[97.5942,24.0],[97.5942,24.12]],[[97.8365,24.0],[97.7154,24.0]],[[97.9577,24.0],[97.8365,24.0]],[[98.0788,24.0],[97.9577,24.0]],[[98.2,24.0],[98.0788,24.0]],[[98.3212,24.12],[98.3212,24.0]],[[98.3212,24.0],[98.2,24.0]],[[98.9269,24.0],[98.9269,24.12]],[[104.6212,24.12],[104.6212,24.0]],[[98.9269,23.88],[98.9269,24.0]],[[104.6212,24.0],[104.6212,23.88]],[[98.9269,23.76],[98.9269,23.88]],[[104.6212,23.88],[104.6212,23.76]],[[98.9269,23.64],[98.9269,23.76]],[[104.6212,23.76],[104.6212,23.64]],[[98.9269,23.52],[98.9269,23.64]],[[104.6212,23.64],[104.7423,23.64]],[[104.7423,23.64],[104.8635,23.64]],[[104.8635,23.64],[104.8635,23.52]],[[98.9269,23.4],[98.9269,23.52]],[[104.8635,23.52],[104.9846,23.52]],[[104.9846,23.52],[105.1058,23.52]],[[105.1058,23.52],[105.1058,23.4]],[[98.9269,23.28],[98.9269,23.4]],[[105.1058,23.4],[105.2269,23.4]],[[105.2269,23.4],[105.2269,23.28]],[[105.2269,23.28],[105.1058,23.28]],[[99.0481,23.16],[98.9269,23.16]],[[98.9269,23.16],[98.9269,23.28]],[[99.1692,23.16],[99.0481,23.16]],[[104.9846,23.16],[104.8635,23.16]],[[105.1058,23.28],[105.1058,23.16]],[[105.1058,23.16],[104.9846,23.16]],[[99.2904,23.04],[99.1692,23.04]],[[99.1692,23.04],[99.1692,23.16]],[[99.4115,23.04],[99.2904,23.04]],[[104.8635,23.16],[104.8635,23.04]],[[104.8635,23.04],[104.7423,23.04]],[[99.5327,22.92],[99.4115,22.92]],[[99.4115,22.92],[99.4115,23.04]],[[104.6212,22.92],[104.5,22.92]],[[104.7423,23.04],[104.7423,22.92]],[[104.7423,22.92],[104.6212,22.92]],[[99.5327,22.8],[99.5327,22.92]],[[102.5615,22.8],[102.4404,22.8]],[[103.4096,22.8],[103.2885,22.8]],[[103.5308,22.8],[103.4096,22.8]],[[104.5,22.92],[104.5,22.8]],[[104.5,22.8],[104.3788,22.8]],[[99.4115,22.8],[99.5327,22.8]],[[99.4115,22.68],[99.4115,22.8]],[[102.4404,22.8],[102.4404,22.68]],[[102.6827,22.68],[102.5615,22.68]],[[102.5615,22.68],[102.5615,22.8]],[[102.8038,22.68],[102.6827,22.68]],[[103.2885,22.8],[103.2885,22.68]],[[103.2885,22.68],[103.1673,22.68]],[[103.6519,22.68],[103.5308,22.68]],[[103.5308,22.68],[103.5308,22.8]],[[103.7731,22.68],[103.6519,22.68]],[[104.2577,22.68],[104.1365,22.68]],[[104.3788,22.8],[104.3788,22.68]],[[104.3788,22.68],[104.2577,22.68]],[[99.4115,22.56],[99.4115,22.68]],[[102.4404,22.68],[102.4404,22.56]],[[102.4404,22.56],[102.3192,22.56]],[[102.925,22.56],[102.8038,22.56]],[[102.8038,22.56],[102.8038,22.68]],[[103.0462,22.56],[102.925,22.56]],[[103.1673,22.68],[103.1673,22.56]],[[103.8942,22.56],[103.7731,22.56]],[[103.7731,22.56],[103.7731,22.68]],[[104.0154,22.56],[103.8942,22.56]],[[104.1365,22.68],[104.1365,22.56]],[[104.1365,22.56],[104.0154,22.56]],[[99.2904,22.56],[99.4115,22.56]],[[99.2904,22.44],[99.2904,22.56]],[[101.8346,22.44],[101.7135,22.44]],[[101.9558,22.44],[101.8346,22.44]],[[102.0769,22.44],[101.9558,22.44]],[[102.1981,22.44],[102.0769,22.44]],[[102.3192,22.56],[102.3192,22.44]],[[102.3192,22.44],[102.1981,22.44]],[[103.1673,22.56],[103.1673,22.44]],[[103.1673,22.44],[103.0462,22.44]],[[103.0462,22.44],[103.0462,22.56]],[[99.2904,22.32],[99.2904,22.44]],[[101.7135,22.44],[101.7135,22.32]],[[99.1692,22.32],[99.2904,22.32]],[[99.2904,22.2],[99.1692,22.2]],[[99.1692,22.2],[99.1692,22.32]],[[101.7135,22.32],[101.7135,22.2]],[[99.4115,22.08],[99.2904,22.08]],[[99.2904,22.08],[99.2904,22.2]],[[99.5327,22.08],[99.4115,22.08]],[[99.6538,22.08],[99.5327,22.08]],[[99.775,22.08],[99.6538,22.08]],[[99.8962,22.08],[99.775,22.08]],[[100.0173,22.08],[99.8962,22.08]],[[101.7135,22.2],[101.7135,22.08]],[[100.0173,21.96],[100.0173,22.08]],[[101.7135,22.08],[101.7135,21.96]],[[100.0173,21.84],[100.0173,21.96]],[[101.7135,21.96],[101.7135,21.84]],[[100.1385,21.72],[100.0173,21.72]],[[100.0173,21.72],[100.0173,21.84]],[[100.9865,21.72],[100.8654,21.72]],[[101.1077,21.72],[100.9865,21.72]],[[101.7135,21.84],[101.7135,21.72]],[[100.1385,21.6],[100.1385,21.72]],[[100.6231,21.6],[100.5019,21.6]],[[100.7442,21.6],[100.6231,21.6]],[[100.8654,21.72],[100.8654,21.6]],[[100.8654,21.6],[100.7442,21.6]],[[101.2288,21.6],[101.1077,21.6]],[[101.1077,21.6],[101.1077,21.72]],[[101.7135,21.72],[101.7135,21.6]],[[100.2596,21.48],[100.1385,21.48]],[[100.1385,21.48],[100.1385,21.6]],[[100.3808,21.48],[100.2596,21.48]],[[100.5019,21.6],[100.5019,21.48]],[[100.5019,21.48],[100.3808,21.48]],[[101.2288,21.48],[101.2288,21.6]],[[101.7135,21.6],[101.7135,21.48]],[[101.2288,21.36],[101.2288,21.48]],[[101.7135,21.48],[101.7135,21.36]],[[101.2288,21.24],[101.2288,21.36]],[[101.7135,21.36],[101.7135,21.24]],[[101.35,21.12],[101.2288,21.12]],[[101.2288,21.12],[101.2288,21.24]],[[101.4712,21.12],[101.35,21.12]],[[101.5923,21.12],[101.4712,21.12]],[[101.7135,21.24],[101.7135,21.12]],[[101.7135,21.12],[101.5923,21.12]]]}},{"type":"Feature","properties":{"regime_key":"tufan_tribes","regime_name":"Tufan Tribes","regime_name_zh":"吐蕃诸部","color":"#8d6e63","kind":"regime_outer_boundary","year":1080,"method":"rasterized union mask from Hartwell-derived polygons","grid_width":520,"grid_height":300,"accuracy_note":"Coarse visual outer boundary for map readability; not a strict historical boundary."},"geometry":{"type":"MultiLineString","coordinates":[[[93.5962,39.24],[93.7173,39.24]],[[93.5962,39.12],[93.5962,39.24]],[[93.7173,39.24],[93.8385,39.24]],[[93.8385,39.24],[93.9596,39.24]],[[93.9596,39.24],[94.0808,39.24]],[[94.0808,39.24],[94.2019,39.24]],[[94.2019,39.24],[94.3231,39.24]],[[94.3231,39.24],[94.4442,39.24]],[[94.4442,39.24],[94.5654,39.24]],[[94.5654,39.24],[94.5654,39.12]],[[93.1115,39.12],[93.2327,39.12]],[[93.1115,39.0],[93.1115,39.12]],[[93.2327,39.12],[93.3538,39.12]],[[93.3538,39.12],[93.475,39.12]],[[93.475,39.12],[93.5962,39.12]],[[94.5654,39.12],[94.6865,39.12]],[[94.6865,39.12],[94.8077,39.12]],[[94.8077,39.12],[94.9288,39.12]],[[94.9288,39.12],[94.9288,39.0]],[[97.1096,39.12],[97.2308,39.12]],[[97.1096,39.0],[97.1096,39.12]],[[97.2308,39.12],[97.3519,39.12]],[[97.3519,39.12],[97.4731,39.12]],[[97.4731,39.12],[97.4731,39.0]],[[98.8058,39.12],[98.9269,39.12]],[[98.9269,39.12],[98.9269,39.0]],[[98.8058,39.0],[98.8058,39.12]],[[92.5058,39.0],[92.6269,39.0]],[[92.5058,38.88],[92.5058,39.0]],[[92.6269,39.0],[92.7481,39.0]],[[92.7481,39.0],[92.8692,39.0]],[[92.8692,39.0],[92.9904,39.0]],[[92.9904,39.0],[93.1115,39.0]],[[94.9288,39.0],[95.05,39.0]],[[95.05,39.0],[95.1712,39.0]],[[95.1712,39.0],[95.2923,39.0]],[[95.2923,39.0],[95.2923,38.88]],[[97.1096,38.88],[97.1096,39.0]],[[97.4731,39.0],[97.5942,39.0]],[[97.5942,39.0],[97.7154,39.0]],[[97.7154,39.0],[97.7154,38.88]],[[98.4423,39.0],[98.5635,39.0]],[[98.4423,38.88],[98.4423,39.0]],[[98.5635,39.0],[98.6846,39.0]],[[98.6846,39.0],[98.8058,39.0]],[[98.9269,39.0],[99.0481,39.0]],[[99.0481,39.0],[99.1692,39.0]],[[99.1692,39.0],[99.1692,38.88]],[[91.9,38.88],[92.0212,38.88]],[[91.9,38.76],[91.9,38.88]],[[92.0212,38.88],[92.1423,38.88]],[[92.1423,38.88],[92.2635,38.88]],[[92.2635,38.88],[92.3846,38.88]],[[92.3846,38.88],[92.5058,38.88]],[[95.2923,38.88],[95.4135,38.88]],[[95.4135,38.88],[95.5346,38.88]],[[95.5346,38.88],[95.6558,38.88]],[[95.6558,38.88],[95.6558,38.76]],[[96.9885,38.88],[97.1096,38.88]],[[96.9885,38.76],[96.9885,38.88]],[[97.7154,38.88],[97.8365,38.88]],[[97.8365,38.88],[97.9577,38.88]],[[97.9577,38.88],[97.9577,38.76]],[[98.2,38.88],[98.3212,38.88]],[[98.2,38.76],[98.2,38.88]],[[98.3212,38.88],[98.4423,38.88]],[[99.1692,38.88],[99.2904,38.88]],[[99.2904,38.88],[99.4115,38.88]],[[99.4115,38.88],[99.4115,38.76]],[[91.2942,38.76],[91.4154,38.76]],[[91.2942,38.64],[91.2942,38.76]],[[91.4154,38.76],[91.5365,38.76]],[[91.5365,38.76],[91.6577,38.76]],[[91.6577,38.76],[91.7788,38.76]],[[91.7788,38.76],[91.9,38.76]],[[95.6558,38.76],[95.7769,38.76]],[[95.7769,38.76],[95.8981,38.76]],[[95.8981,38.76],[96.0192,38.76]],[[96.0192,38.76],[96.0192,38.64]],[[96.9885,38.64],[96.9885,38.76]],[[97.9577,38.76],[98.0788,38.76]],[[98.0788,38.76],[98.2,38.76]],[[99.4115,38.76],[99.5327,38.76]],[[99.5327,38.76],[99.6538,38.76]],[[99.6538,38.76],[99.6538,38.64]],[[90.8096,38.64],[90.9308,38.64]],[[90.8096,38.52],[90.8096,38.64]],[[90.9308,38.64],[91.0519,38.64]],[[91.0519,38.64],[91.1731,38.64]],[[91.1731,38.64],[91.2942,38.64]],[[96.0192,38.64],[96.1404,38.64]],[[96.1404,38.64],[96.2615,38.64]],[[96.2615,38.64],[96.3827,38.64]],[[96.3827,38.64],[96.3827,38.52]],[[96.9885,38.52],[96.9885,38.64]],[[99.6538,38.64],[99.775,38.64]],[[99.775,38.64],[99.8962,38.64]],[[99.8962,38.64],[99.8962,38.52]],[[90.2038,38.52],[90.325,38.52]],[[90.2038,38.4],[90.2038,38.52]],[[90.325,38.52],[90.4462,38.52]],[[90.4462,38.52],[90.5673,38.52]],[[90.5673,38.52],[90.6885,38.52]],[[90.6885,38.52],[90.8096,38.52]],[[96.3827,38.52],[96.5038,38.52]],[[96.5038,38.52],[96.625,38.52]],[[96.625,38.52],[96.7462,38.52]],[[96.7462,38.52],[96.7462,38.4]],[[96.9885,38.4],[96.9885,38.52]],[[99.8962,38.52],[100.0173,38.52]],[[100.0173,38.52],[100.1385,38.52]],[[100.1385,38.52],[100.1385,38.4]],[[90.325,38.28],[90.2038,38.28]],[[90.2038,38.28],[90.2038,38.4]],[[96.7462,38.4],[96.8673,38.4]],[[96.8673,38.4],[96.9885,38.4]],[[100.1385,38.4],[100.2596,38.4]],[[100.2596,38.4],[100.3808,38.4]],[[100.3808,38.4],[100.3808,38.28]],[[90.4462,38.16],[90.325,38.16]],[[90.325,38.16],[90.325,38.28]],[[100.3808,38.28],[100.5019,38.28]],[[100.5019,38.28],[100.6231,38.28]],[[100.6231,38.28],[100.6231,38.16]],[[90.5673,38.04],[90.4462,38.04]],[[90.4462,38.04],[90.4462,38.16]],[[100.6231,38.16],[100.7442,38.16]],[[100.7442,38.16],[100.8654,38.16]],[[100.8654,38.16],[100.8654,38.04]],[[90.6885,37.92],[90.5673,37.92]],[[90.5673,37.92],[90.5673,38.04]],[[100.8654,38.04],[100.9865,38.04]],[[100.9865,38.04],[101.1077,38.04]],[[101.1077,38.04],[101.1077,37.92]],[[90.8096,37.8],[90.6885,37.8]],[[90.6885,37.8],[90.6885,37.92]],[[101.1077,37.92],[101.1077,37.8]],[[101.1077,37.8],[100.9865,37.8]],[[90.8096,37.68],[90.8096,37.8]],[[100.9865,37.8],[100.9865,37.68]],[[90.9308,37.56],[90.8096,37.56]],[[90.8096,37.56],[90.8096,37.68]],[[100.9865,37.68],[100.9865,37.56]],[[91.0519,37.44],[90.9308,37.44]],[[90.9308,37.44],[90.9308,37.56]],[[100.9865,37.56],[100.9865,37.44]],[[91.1731,37.32],[91.0519,37.32]],[[91.0519,37.32],[91.0519,37.44]],[[100.9865,37.44],[100.9865,37.32]],[[91.2942,37.2],[91.1731,37.2]],[[91.1731,37.2],[91.1731,37.32]],[[100.9865,37.32],[101.1077,37.32]],[[101.1077,37.32],[101.2288,37.32]],[[101.2288,37.32],[101.35,37.32]],[[101.35,37.32],[101.35,37.2]],[[91.2942,37.08],[91.2942,37.2]],[[101.35,37.2],[101.4712,37.2]],[[101.4712,37.2],[101.5923,37.2]],[[101.5923,37.2],[101.7135,37.2]],[[101.7135,37.2],[101.8346,37.2]],[[101.8346,37.2],[101.9558,37.2]],[[101.9558,37.2],[102.0769,37.2]],[[102.0769,37.2],[102.1981,37.2]],[[102.1981,37.2],[102.1981,37.08]],[[91.1731,37.08],[91.2942,37.08]],[[91.1731,36.96],[91.1731,37.08]],[[102.1981,37.08],[102.3192,37.08]],[[102.3192,37.08],[102.4404,37.08]],[[102.4404,37.08],[102.5615,37.08]],[[102.5615,37.08],[102.5615,36.96]],[[90.9308,36.96],[91.0519,36.96]],[[90.9308,36.84],[90.9308,36.96]],[[91.0519,36.96],[91.1731,36.96]],[[102.5615,36.96],[102.6827,36.96]],[[102.6827,36.96],[102.6827,36.84]],[[90.6885,36.84],[90.8096,36.84]],[[90.6885,36.72],[90.6885,36.84]],[[90.8096,36.84],[90.9308,36.84]],[[102.6827,36.84],[102.6827,36.72]],[[90.8096,36.6],[90.6885,36.6]],[[90.6885,36.6],[90.6885,36.72]],[[102.6827,36.72],[102.8038,36.72]],[[102.8038,36.72],[102.8038,36.6]],[[90.8096,36.48],[90.8096,36.6]],[[102.8038,36.6],[102.8038,36.48]],[[88.2654,36.48],[88.3865,36.48]],[[88.2654,36.36],[88.2654,36.48]],[[88.3865,36.48],[88.5077,36.48]],[[88.5077,36.48],[88.6288,36.48]],[[88.6288,36.48],[88.75,36.48]],[[88.75,36.48],[88.75,36.36]],[[90.8096,36.36],[90.8096,36.48]],[[102.8038,36.48],[102.925,36.48]],[[102.925,36.48],[102.925,36.36]],[[87.7808,36.36],[87.9019,36.36]],[[87.7808,36.24],[87.7808,36.36]],[[87.9019,36.36],[88.0231,36.36]],[[88.0231,36.36],[88.1442,36.36]],[[88.1442,36.36],[88.2654,36.36]],[[88.75,36.36],[88.8712,36.36]],[[88.8712,36.36],[88.9923,36.36]],[[88.9923,36.36],[89.1135,36.36]],[[89.1135,36.36],[89.2346,36.36]],[[89.2346,36.36],[89.3558,36.36]],[[89.3558,36.36],[89.3558,36.24]],[[90.8096,36.24],[90.8096,36.36]],[[102.925,36.36],[103.0462,36.36]],[[103.0462,36.36],[103.0462,36.24]],[[87.2962,36.24],[87.4173,36.24]],[[87.2962,36.12],[87.2962,36.24]],[[87.4173,36.24],[87.5385,36.24]],[[87.5385,36.24],[87.6596,36.24]],[[87.6596,36.24],[87.7808,36.24]],[[89.3558,36.24],[89.4769,36.24]],[[89.4769,36.24],[89.5981,36.24]],[[89.5981,36.24],[89.7192,36.24]],[[89.7192,36.24],[89.8404,36.24]],[[89.8404,36.24],[89.9615,36.24]],[[89.9615,36.24],[90.0827,36.24]],[[90.0827,36.24],[90.0827,36.12]],[[90.9308,36.12],[90.8096,36.12]],[[90.8096,36.12],[90.8096,36.24]],[[103.0462,36.24],[103.0462,36.12]],[[103.0462,36.12],[102.925,36.12]],[[86.8115,36.12],[86.9327,36.12]],[[86.8115,36.0],[86.8115,36.12]],[[86.9327,36.12],[87.0538,36.12]],[[87.0538,36.12],[87.175,36.12]],[[87.175,36.12],[87.2962,36.12]],[[90.0827,36.12],[90.2038,36.12]],[[90.2038,36.12],[90.325,36.12]],[[90.325,36.12],[90.4462,36.12]],[[90.4462,36.12],[90.5673,36.12]],[[90.5673,36.12],[90.6885,36.12]],[[90.6885,36.12],[90.6885,36.0]],[[90.9308,36.0],[90.9308,36.12]],[[102.925,36.12],[102.925,36.0]],[[102.925,36.0],[102.8038,36.0]],[[86.3269,36.0],[86.4481,36.0]],[[86.3269,35.88],[86.3269,36.0]],[[86.4481,36.0],[86.5692,36.0]],[[86.5692,36.0],[86.6904,36.0]],[[86.6904,36.0],[86.8115,36.0]],[[90.6885,36.0],[90.8096,36.0]],[[90.8096,36.0],[90.9308,36.0]],[[102.8038,36.0],[102.8038,35.88]],[[102.8038,35.88],[102.6827,35.88]],[[85.9635,35.88],[86.0846,35.88]],[[85.9635,35.76],[85.9635,35.88]],[[86.0846,35.88],[86.2058,35.88]],[[86.2058,35.88],[86.3269,35.88]],[[102.6827,35.88],[102.6827,35.76]],[[102.6827,35.76],[102.5615,35.76]],[[85.4788,35.76],[85.6,35.76]],[[85.4788,35.64],[85.4788,35.76]],[[85.6,35.76],[85.7212,35.76]],[[85.7212,35.76],[85.8423,35.76]],[[85.8423,35.76],[85.9635,35.76]],[[102.5615,35.76],[102.5615,35.64]],[[102.5615,35.64],[102.4404,35.64]],[[82.5712,35.64],[82.6923,35.64]],[[82.5712,35.52],[82.5712,35.64]],[[82.6923,35.64],[82.8135,35.64]],[[82.8135,35.64],[82.9346,35.64]],[[82.9346,35.64],[83.0558,35.64]],[[83.0558,35.64],[83.1769,35.64]],[[83.1769,35.64],[83.2981,35.64]],[[83.2981,35.64],[83.2981,35.52]],[[84.9942,35.64],[85.1154,35.64]],[[84.9942,35.52],[84.9942,35.64]],[[85.1154,35.64],[85.2365,35.64]],[[85.2365,35.64],[85.3577,35.64]],[[85.3577,35.64],[85.4788,35.64]],[[102.4404,35.64],[102.4404,35.52]],[[82.2077,35.52],[82.3288,35.52]],[[82.2077,35.4],[82.2077,35.52]],[[82.3288,35.52],[82.45,35.52]],[[82.45,35.52],[82.5712,35.52]],[[83.2981,35.52],[83.4192,35.52]],[[83.4192,35.52],[83.5404,35.52]],[[83.5404,35.52],[83.6615,35.52]],[[83.6615,35.52],[83.6615,35.4]],[[84.5096,35.52],[84.6308,35.52]],[[84.5096,35.4],[84.5096,35.52]],[[84.6308,35.52],[84.7519,35.52]],[[84.7519,35.52],[84.8731,35.52]],[[84.8731,35.52],[84.9942,35.52]],[[102.4404,35.52],[102.4404,35.4]],[[102.4404,35.4],[102.3192,35.4]],[[80.3904,35.4],[80.5115,35.4]],[[80.3904,35.28],[80.3904,35.4]],[[80.5115,35.4],[80.6327,35.4]],[[80.6327,35.4],[80.7538,35.4]],[[80.7538,35.4],[80.875,35.4]],[[80.875,35.4],[80.9962,35.4]],[[80.9962,35.4],[80.9962,35.28]],[[81.8442,35.4],[81.9654,35.4]],[[81.8442,35.28],[81.8442,35.4]],[[81.9654,35.4],[82.0865,35.4]],[[82.0865,35.4],[82.2077,35.4]],[[83.6615,35.4],[83.7827,35.4]],[[83.7827,35.4],[83.9038,35.4]],[[83.9038,35.4],[84.025,35.4]],[[84.025,35.4],[84.1462,35.4]],[[84.1462,35.4],[84.2673,35.4]],[[84.2673,35.4],[84.3885,35.4]],[[84.3885,35.4],[84.5096,35.4]],[[102.3192,35.4],[102.3192,35.28]],[[102.3192,35.28],[102.1981,35.28]],[[80.2692,35.28],[80.3904,35.28]],[[80.2692,35.16],[80.2692,35.28]],[[80.9962,35.28],[81.1173,35.28]],[[81.1173,35.28],[81.2385,35.28]],[[81.2385,35.28],[81.3596,35.28]],[[81.3596,35.28],[81.4808,35.28]],[[81.4808,35.28],[81.6019,35.28]],[[81.6019,35.28],[81.7231,35.28]],[[81.7231,35.28],[81.8442,35.28]],[[102.1981,35.28],[102.1981,35.16]],[[102.1981,35.16],[102.0769,35.16]],[[80.1481,35.16],[80.2692,35.16]],[[80.1481,35.04],[80.1481,35.16]],[[102.0769,35.16],[102.0769,35.04]],[[102.0769,35.04],[101.9558,35.04]],[[80.1481,34.92],[80.1481,35.04]],[[101.9558,35.04],[101.9558,34.92]],[[101.9558,34.92],[101.8346,34.92]],[[80.0269,34.92],[80.1481,34.92]],[[80.0269,34.8],[80.0269,34.92]],[[101.8346,34.92],[101.8346,34.8]],[[101.8346,34.8],[101.7135,34.8]],[[103.6519,34.92],[103.7731,34.92]],[[103.6519,34.8],[103.6519,34.92]],[[103.7731,34.92],[103.8942,34.92]],[[103.8942,34.92],[104.0154,34.92]],[[104.0154,34.92],[104.0154,34.8]],[[104.0154,34.8],[103.8942,34.8]],[[79.9058,34.8],[80.0269,34.8]],[[79.9058,34.68],[79.9058,34.8]],[[101.7135,34.8],[101.7135,34.68]],[[102.1981,34.8],[102.3192,34.8]],[[102.1981,34.68],[102.1981,34.8]],[[102.3192,34.8],[102.4404,34.8]],[[102.4404,34.8],[102.5615,34.8]],[[102.5615,34.8],[102.6827,34.8]],[[102.6827,34.8],[102.8038,34.8]],[[102.8038,34.8],[102.925,34.8]],[[102.925,34.8],[103.0462,34.8]],[[103.0462,34.8],[103.1673,34.8]],[[103.1673,34.8],[103.2885,34.8]],[[103.2885,34.8],[103.4096,34.8]],[[103.4096,34.8],[103.5308,34.8]],[[103.5308,34.8],[103.6519,34.8]],[[103.8942,34.8],[103.8942,34.68]],[[79.9058,34.56],[79.9058,34.68]],[[101.7135,34.68],[101.8346,34.68]],[[101.8346,34.68],[101.9558,34.68]],[[101.9558,34.68],[102.0769,34.68]],[[102.0769,34.68],[102.1981,34.68]],[[103.8942,34.68],[103.8942,34.56]],[[103.8942,34.56],[103.7731,34.56]],[[79.7846,34.56],[79.9058,34.56]],[[79.7846,34.44],[79.7846,34.56]],[[103.7731,34.56],[103.7731,34.44]],[[79.5423,34.44],[79.6635,34.44]],[[79.5423,34.32],[79.5423,34.44]],[[79.6635,34.44],[79.7846,34.44]],[[103.7731,34.44],[103.7731,34.32]],[[79.1788,34.32],[79.3,34.32]],[[79.1788,34.2],[79.1788,34.32]],[[79.3,34.32],[79.4212,34.32]],[[79.4212,34.32],[79.5423,34.32]],[[103.7731,34.32],[103.7731,34.2]],[[78.8154,34.2],[78.9365,34.2]],[[78.8154,34.08],[78.8154,34.2]],[[78.9365,34.2],[79.0577,34.2]],[[79.0577,34.2],[79.1788,34.2]],[[103.7731,34.2],[103.7731,34.08]],[[78.5731,34.08],[78.6942,34.08]],[[78.6942,33.96],[78.5731,33.96]],[[78.5731,33.96],[78.5731,34.08]],[[78.6942,34.08],[78.8154,34.08]],[[103.7731,34.08],[103.8942,34.08]],[[103.8942,34.08],[103.8942,33.96]],[[78.6942,33.84],[78.6942,33.96]],[[103.8942,33.96],[104.0154,33.96]],[[104.0154,33.96],[104.0154,33.84]],[[78.8154,33.72],[78.6942,33.72]],[[78.6942,33.72],[78.6942,33.84]],[[104.0154,33.84],[104.0154,33.72]],[[78.8154,33.6],[78.8154,33.72]],[[104.0154,33.72],[104.1365,33.72]],[[104.1365,33.72],[104.1365,33.6]],[[78.9365,33.48],[78.8154,33.48]],[[78.8154,33.48],[78.8154,33.6]],[[104.1365,33.6],[104.2577,33.6]],[[104.2577,33.6],[104.2577,33.48]],[[78.9365,33.36],[78.9365,33.48]],[[104.2577,33.48],[104.3788,33.48]],[[104.3788,33.48],[104.3788,33.36]],[[78.9365,33.24],[78.9365,33.36]],[[104.3788,33.36],[104.3788,33.24]],[[104.3788,33.24],[104.2577,33.24]],[[79.0577,33.12],[78.9365,33.12]],[[78.9365,33.12],[78.9365,33.24]],[[104.2577,33.24],[104.2577,33.12]],[[79.0577,33.0],[79.0577,33.12]],[[104.2577,33.12],[104.2577,33.0]],[[104.2577,33.0],[104.1365,33.0]],[[79.1788,32.88],[79.0577,32.88]],[[79.0577,32.88],[79.0577,33.0]],[[104.1365,33.0],[104.1365,32.88]],[[104.1365,32.88],[104.0154,32.88]],[[79.1788,32.76],[79.1788,32.88]],[[104.0154,32.88],[104.0154,32.76]],[[104.0154,32.76],[103.8942,32.76]],[[79.1788,32.64],[79.1788,32.76]],[[103.8942,32.76],[103.8942,32.64]],[[78.6942,32.64],[78.8154,32.64]],[[78.6942,32.52],[78.6942,32.64]],[[78.8154,32.64],[78.9365,32.64]],[[78.9365,32.64],[79.0577,32.64]],[[79.0577,32.64],[79.1788,32.64]],[[103.8942,32.64],[103.8942,32.52]],[[78.3308,32.52],[78.4519,32.52]],[[78.3308,32.4],[78.3308,32.52]],[[78.4519,32.52],[78.5731,32.52]],[[78.5731,32.52],[78.6942,32.52]],[[103.8942,32.52],[104.0154,32.52]],[[104.0154,32.52],[104.0154,32.4]],[[78.4519,32.28],[78.3308,32.28]],[[78.3308,32.28],[78.3308,32.4]],[[104.0154,32.4],[104.1365,32.4]],[[104.1365,32.4],[104.1365,32.28]],[[78.4519,32.16],[78.4519,32.28]],[[103.8942,32.16],[103.7731,32.16]],[[104.0154,32.16],[103.8942,32.16]],[[104.1365,32.16],[104.0154,32.16]],[[104.1365,32.28],[104.2577,32.28]],[[104.2577,32.28],[104.2577,32.16]],[[104.2577,32.16],[104.1365,32.16]],[[78.4519,32.04],[78.4519,32.16]],[[103.5308,32.04],[103.4096,32.04]],[[103.6519,32.04],[103.5308,32.04]],[[103.7731,32.16],[103.7731,32.04]],[[103.7731,32.04],[103.6519,32.04]],[[78.5731,31.92],[78.4519,31.92]],[[78.4519,31.92],[78.4519,32.04]],[[103.0462,31.92],[102.925,31.92]],[[103.1673,31.92],[103.0462,31.92]],[[103.2885,31.92],[103.1673,31.92]],[[103.4096,32.04],[103.4096,31.92]],[[103.4096,31.92],[103.2885,31.92]],[[78.5731,31.8],[78.5731,31.92]],[[102.5615,31.8],[102.4404,31.8]],[[102.6827,31.8],[102.5615,31.8]],[[102.8038,31.8],[102.6827,31.8]],[[102.925,31.92],[102.925,31.8]],[[102.925,31.8],[102.8038,31.8]],[[78.5731,31.68],[78.5731,31.8]],[[102.3192,31.68],[102.1981,31.68]],[[102.4404,31.8],[102.4404,31.68]],[[102.4404,31.68],[102.3192,31.68]],[[78.6942,31.56],[78.5731,31.56]],[[78.5731,31.56],[78.5731,31.68]],[[102.1981,31.68],[102.1981,31.56]],[[78.6942,31.44],[78.6942,31.56]],[[102.1981,31.56],[102.1981,31.44]],[[78.8154,31.32],[78.6942,31.32]],[[78.6942,31.32],[78.6942,31.44]],[[102.1981,31.44],[102.1981,31.32]],[[78.9365,31.2],[78.8154,31.2]],[[78.8154,31.2],[78.8154,31.32]],[[79.0577,31.2],[78.9365,31.2]],[[102.1981,31.32],[102.1981,31.2]],[[102.1981,31.2],[102.0769,31.2]],[[79.1788,31.08],[79.0577,31.08]],[[79.0577,31.08],[79.0577,31.2]],[[102.0769,31.2],[102.0769,31.08]],[[79.3,30.96],[79.1788,30.96]],[[79.1788,30.96],[79.1788,31.08]],[[79.4212,30.96],[79.3,30.96]],[[102.0769,31.08],[102.0769,30.96]],[[79.5423,30.84],[79.4212,30.84]],[[79.4212,30.84],[79.4212,30.96]],[[79.6635,30.84],[79.5423,30.84]],[[102.0769,30.96],[102.0769,30.84]],[[79.7846,30.72],[79.6635,30.72]],[[79.6635,30.72],[79.6635,30.84]],[[79.9058,30.72],[79.7846,30.72]],[[102.0769,30.84],[102.0769,30.72]],[[80.0269,30.6],[79.9058,30.6]],[[79.9058,30.6],[79.9058,30.72]],[[80.1481,30.6],[80.0269,30.6]],[[101.8346,30.6],[101.7135,30.6]],[[101.9558,30.6],[101.8346,30.6]],[[102.0769,30.72],[102.0769,30.6]],[[102.0769,30.6],[101.9558,30.6]],[[80.2692,30.48],[80.1481,30.48]],[[80.1481,30.48],[80.1481,30.6]],[[80.3904,30.48],[80.2692,30.48]],[[101.5923,30.48],[101.4712,30.48]],[[101.7135,30.6],[101.7135,30.48]],[[101.7135,30.48],[101.5923,30.48]],[[80.5115,30.36],[80.3904,30.36]],[[80.3904,30.36],[80.3904,30.48]],[[80.6327,30.36],[80.5115,30.36]],[[81.4808,30.36],[81.3596,30.36]],[[81.6019,30.36],[81.4808,30.36]],[[81.7231,30.36],[81.6019,30.36]],[[81.8442,30.36],[81.7231,30.36]],[[81.9654,30.36],[81.8442,30.36]],[[82.0865,30.36],[81.9654,30.36]],[[82.2077,30.36],[82.0865,30.36]],[[101.4712,30.48],[101.4712,30.36]],[[101.4712,30.36],[101.35,30.36]],[[80.7538,30.24],[80.6327,30.24]],[[80.6327,30.24],[80.6327,30.36]],[[80.875,30.24],[80.7538,30.24]],[[81.3596,30.36],[81.3596,30.24]],[[81.3596,30.24],[81.2385,30.24]],[[82.3288,30.24],[82.2077,30.24]],[[82.2077,30.24],[82.2077,30.36]],[[101.35,30.36],[101.35,30.24]],[[101.35,30.24],[101.2288,30.24]],[[80.9962,30.12],[80.875,30.12]],[[80.875,30.12],[80.875,30.24]],[[81.1173,30.12],[80.9962,30.12]],[[81.2385,30.24],[81.2385,30.12]],[[82.45,30.12],[82.3288,30.12]],[[82.3288,30.12],[82.3288,30.24]],[[82.5712,30.12],[82.45,30.12]],[[101.2288,30.24],[101.2288,30.12]],[[81.2385,30.12],[81.2385,30.0]],[[81.2385,30.0],[81.1173,30.0]],[[81.1173,30.0],[81.1173,30.12]],[[82.6923,30.0],[82.5712,30.0]],[[82.5712,30.0],[82.5712,30.12]],[[101.2288,30.12],[101.2288,30.0]],[[82.8135,29.88],[82.6923,29.88]],[[82.6923,29.88],[82.6923,30.0]],[[82.9346,29.88],[82.8135,29.88]],[[101.2288,30.0],[101.2288,29.88]],[[83.0558,29.76],[82.9346,29.76]],[[82.9346,29.76],[82.9346,29.88]],[[83.1769,29.76],[83.0558,29.76]],[[101.2288,29.88],[101.2288,29.76]],[[83.2981,29.64],[83.1769,29.64]],[[83.1769,29.64],[83.1769,29.76]],[[101.2288,29.76],[101.2288,29.64]],[[101.2288,29.64],[101.1077,29.64]],[[83.4192,29.52],[83.2981,29.52]],[[83.2981,29.52],[83.2981,29.64]],[[83.5404,29.52],[83.4192,29.52]],[[101.1077,29.64],[101.1077,29.52]],[[83.6615,29.4],[83.5404,29.4]],[[83.5404,29.4],[83.5404,29.52]],[[101.1077,29.52],[101.1077,29.4]],[[83.7827,29.28],[83.6615,29.28]],[[83.6615,29.28],[83.6615,29.4]],[[83.9038,29.28],[83.7827,29.28]],[[101.1077,29.4],[101.1077,29.28]],[[84.025,29.16],[83.9038,29.16]],[[83.9038,29.16],[83.9038,29.28]],[[99.1692,29.16],[99.0481,29.16]],[[101.1077,29.28],[101.1077,29.16]],[[84.1462,29.04],[84.025,29.04]],[[84.025,29.04],[84.025,29.16]],[[84.2673,29.04],[84.1462,29.04]],[[99.0481,29.16],[99.0481,29.04]],[[99.0481,29.04],[98.9269,29.04]],[[99.1692,29.04],[99.1692,29.16]],[[101.1077,29.16],[101.2288,29.16]],[[101.2288,29.16],[101.35,29.16]],[[101.35,29.16],[101.4712,29.16]],[[101.4712,29.16],[101.5923,29.16]],[[101.5923,29.16],[101.7135,29.16]],[[101.7135,29.16],[101.8346,29.16]],[[101.8346,29.16],[101.8346,29.04]],[[84.3885,28.92],[84.2673,28.92]],[[84.2673,28.92],[84.2673,29.04]],[[84.5096,28.92],[84.3885,28.92]],[[98.9269,29.04],[98.9269,28.92]],[[99.1692,28.92],[99.1692,29.04]],[[101.8346,29.04],[101.9558,29.04]],[[101.9558,29.04],[102.0769,29.04]],[[102.0769,29.04],[102.0769,28.92]],[[84.6308,28.8],[84.5096,28.8]],[[84.5096,28.8],[84.5096,28.92]],[[98.9269,28.92],[98.9269,28.8]],[[98.9269,28.8],[98.8058,28.8]],[[99.1692,28.8],[99.1692,28.92]],[[99.775,28.8],[99.6538,28.8]],[[102.0769,28.92],[102.0769,28.8]],[[102.0769,28.8],[101.9558,28.8]],[[84.7519,28.68],[84.6308,28.68]],[[84.6308,28.68],[84.6308,28.8]],[[84.8731,28.68],[84.7519,28.68]],[[98.8058,28.8],[98.8058,28.68]],[[99.2904,28.68],[99.1692,28.68]],[[99.1692,28.68],[99.1692,28.8]],[[99.6538,28.8],[99.6538,28.68]],[[99.775,28.68],[99.775,28.8]],[[101.9558,28.8],[101.9558,28.68]],[[101.9558,28.68],[101.8346,28.68]],[[84.9942,28.56],[84.8731,28.56]],[[84.8731,28.56],[84.8731,28.68]],[[97.7154,28.56],[97.5942,28.56]],[[98.8058,28.68],[98.8058,28.56]],[[99.2904,28.56],[99.2904,28.68]],[[99.6538,28.68],[99.6538,28.56]],[[99.6538,28.56],[99.5327,28.56]],[[99.8962,28.56],[99.775,28.56]],[[99.775,28.56],[99.775,28.68]],[[101.8346,28.68],[101.8346,28.56]],[[85.1154,28.44],[84.9942,28.44]],[[84.9942,28.44],[84.9942,28.56]],[[85.2365,28.44],[85.1154,28.44]],[[97.5942,28.56],[97.5942,28.44]],[[97.5942,28.44],[97.4731,28.44]],[[97.8365,28.44],[97.7154,28.44]],[[97.7154,28.44],[97.7154,28.56]],[[97.9577,28.44],[97.8365,28.44]],[[98.8058,28.56],[98.8058,28.44]],[[98.8058,28.44],[98.6846,28.44]],[[99.2904,28.44],[99.2904,28.56]],[[99.5327,28.56],[99.5327,28.44]],[[100.0173,28.44],[99.8962,28.44]],[[99.8962,28.44],[99.8962,28.56]],[[101.8346,28.56],[101.8346,28.44]],[[101.8346,28.44],[101.7135,28.44]],[[85.3577,28.32],[85.2365,28.32]],[[85.2365,28.32],[85.2365,28.44]],[[85.4788,28.32],[85.3577,28.32]],[[90.0827,28.32],[89.9615,28.32]],[[90.2038,28.32],[90.0827,28.32]],[[90.325,28.32],[90.2038,28.32]],[[97.4731,28.44],[97.4731,28.32]],[[97.4731,28.32],[97.3519,28.32]],[[98.0788,28.32],[97.9577,28.32]],[[97.9577,28.32],[97.9577,28.44]],[[98.2,28.32],[98.0788,28.32]],[[98.3212,28.32],[98.2,28.32]],[[98.6846,28.44],[98.6846,28.32]],[[99.4115,28.32],[99.2904,28.32]],[[99.2904,28.32],[99.2904,28.44]],[[99.5327,28.44],[99.5327,28.32]],[[99.5327,28.32],[99.4115,28.32]],[[100.0173,28.32],[100.0173,28.44]],[[101.7135,28.44],[101.7135,28.32]],[[101.7135,28.32],[101.5923,28.32]],[[85.6,28.2],[85.4788,28.2]],[[85.4788,28.2],[85.4788,28.32]],[[89.9615,28.32],[89.9615,28.2]],[[89.9615,28.2],[89.8404,28.2]],[[90.4462,28.2],[90.325,28.2]],[[90.325,28.2],[90.325,28.32]],[[90.5673,28.2],[90.4462,28.2]],[[90.6885,28.2],[90.5673,28.2]],[[90.8096,28.2],[90.6885,28.2]],[[95.6558,28.2],[95.5346,28.2]],[[95.7769,28.2],[95.6558,28.2]],[[95.8981,28.2],[95.7769,28.2]],[[96.0192,28.2],[95.8981,28.2]],[[96.1404,28.2],[96.0192,28.2]],[[97.3519,28.32],[97.3519,28.2]],[[98.4423,28.2],[98.3212,28.2]],[[98.3212,28.2],[98.3212,28.32]],[[98.5635,28.2],[98.4423,28.2]],[[98.6846,28.32],[98.6846,28.2]],[[98.6846,28.2],[98.5635,28.2]],[[100.1385,28.2],[100.0173,28.2]],[[100.0173,28.2],[100.0173,28.32]],[[101.5923,28.32],[101.5923,28.2]],[[101.5923,28.2],[101.4712,28.2]],[[85.7212,28.08],[85.6,28.08]],[[85.6,28.08],[85.6,28.2]],[[85.8423,28.08],[85.7212,28.08]],[[87.2962,28.08],[87.175,28.08]],[[87.4173,28.08],[87.2962,28.08]],[[87.5385,28.08],[87.4173,28.08]],[[87.6596,28.08],[87.5385,28.08]],[[87.7808,28.08],[87.6596,28.08]],[[87.9019,28.08],[87.7808,28.08]],[[88.0231,28.08],[87.9019,28.08]],[[88.1442,28.08],[88.0231,28.08]],[[88.2654,28.08],[88.1442,28.08]],[[88.3865,28.08],[88.2654,28.08]],[[88.5077,28.08],[88.3865,28.08]],[[88.6288,28.08],[88.5077,28.08]],[[89.8404,28.2],[89.8404,28.08]],[[89.8404,28.08],[89.7192,28.08]],[[90.9308,28.08],[90.8096,28.08]],[[90.8096,28.08],[90.8096,28.2]],[[91.0519,28.08],[90.9308,28.08]],[[91.1731,28.08],[91.0519,28.08]],[[91.2942,28.08],[91.1731,28.08]],[[95.4135,28.08],[95.2923,28.08]],[[95.5346,28.2],[95.5346,28.08]],[[95.5346,28.08],[95.4135,28.08]],[[96.2615,28.08],[96.1404,28.08]],[[96.1404,28.08],[96.1404,28.2]],[[96.3827,28.08],[96.2615,28.08]],[[97.3519,28.2],[97.3519,28.08]],[[97.3519,28.08],[97.2308,28.08]],[[100.1385,28.08],[100.1385,28.2]],[[101.4712,28.2],[101.4712,28.08]],[[85.9635,27.96],[85.8423,27.96]],[[85.8423,27.96],[85.8423,28.08]],[[86.0846,27.96],[85.9635,27.96]],[[86.2058,27.96],[86.0846,27.96]],[[86.3269,27.96],[86.2058,27.96]],[[86.4481,27.96],[86.3269,27.96]],[[86.5692,27.96],[86.4481,27.96]],[[86.6904,27.96],[86.5692,27.96]],[[86.8115,27.96],[86.6904,27.96]],[[86.9327,27.96],[86.8115,27.96]],[[87.0538,27.96],[86.9327,27.96]],[[87.175,28.08],[87.175,27.96]],[[87.175,27.96],[87.0538,27.96]],[[88.75,27.96],[88.6288,27.96]],[[88.6288,27.96],[88.6288,28.08]],[[89.7192,28.08],[89.7192,27.96]],[[89.7192,27.96],[89.5981,27.96]],[[91.4154,27.96],[91.2942,27.96]],[[91.2942,27.96],[91.2942,28.08]],[[91.5365,27.96],[91.4154,27.96]],[[91.6577,27.96],[91.5365,27.96]],[[95.2923,28.08],[95.2923,27.96]],[[95.2923,27.96],[95.1712,27.96]],[[96.5038,27.96],[96.3827,27.96]],[[96.3827,27.96],[96.3827,28.08]],[[96.625,27.96],[96.5038,27.96]],[[97.2308,28.08],[97.2308,27.96]],[[100.2596,27.96],[100.1385,27.96]],[[100.1385,27.96],[100.1385,28.08]],[[101.4712,28.08],[101.4712,27.96]],[[101.4712,27.96],[101.35,27.96]],[[88.75,27.84],[88.75,27.96]],[[89.5981,27.96],[89.5981,27.84]],[[89.5981,27.84],[89.4769,27.84]],[[91.7788,27.84],[91.6577,27.84]],[[91.6577,27.84],[91.6577,27.96]],[[95.05,27.84],[94.9288,27.84]],[[95.1712,27.96],[95.1712,27.84]],[[95.1712,27.84],[95.05,27.84]],[[96.7462,27.84],[96.625,27.84]],[[96.625,27.84],[96.625,27.96]],[[96.8673,27.84],[96.7462,27.84]],[[96.9885,27.84],[96.8673,27.84]],[[97.2308,27.96],[97.2308,27.84]],[[97.2308,27.84],[97.1096,27.84]],[[100.2596,27.84],[100.2596,27.96]],[[101.35,27.96],[101.35,27.84]],[[101.35,27.84],[101.2288,27.84]],[[88.8712,27.72],[88.75,27.72]],[[88.75,27.72],[88.75,27.84]],[[89.4769,27.84],[89.4769,27.72]],[[89.4769,27.72],[89.3558,27.72]],[[91.7788,27.72],[91.7788,27.84]],[[94.9288,27.84],[94.9288,27.72]],[[94.9288,27.72],[94.8077,27.72]],[[97.1096,27.84],[97.1096,27.72]],[[97.1096,27.72],[96.9885,27.72]],[[96.9885,27.72],[96.9885,27.84]],[[100.3808,27.72],[100.2596,27.72]],[[100.2596,27.72],[100.2596,27.84]],[[100.5019,27.72],[100.3808,27.72]],[[100.6231,27.72],[100.5019,27.72]],[[100.7442,27.72],[100.6231,27.72]],[[100.8654,27.72],[100.7442,27.72]],[[100.9865,27.72],[100.8654,27.72]],[[101.1077,27.72],[100.9865,27.72]],[[101.2288,27.84],[101.2288,27.72]],[[101.2288,27.72],[101.1077,27.72]],[[88.8712,27.6],[88.8712,27.72]],[[89.3558,27.72],[89.3558,27.6]],[[89.3558,27.6],[89.2346,27.6]],[[91.7788,27.6],[91.7788,27.72]],[[94.6865,27.6],[94.5654,27.6]],[[94.8077,27.72],[94.8077,27.6]],[[94.8077,27.6],[94.6865,27.6]],[[88.8712,27.48],[88.8712,27.6]],[[89.2346,27.6],[89.2346,27.48]],[[89.2346,27.48],[89.1135,27.48]],[[91.9,27.48],[91.7788,27.48]],[[91.7788,27.48],[91.7788,27.6]],[[94.4442,27.48],[94.3231,27.48]],[[94.5654,27.6],[94.5654,27.48]],[[94.5654,27.48],[94.4442,27.48]],[[88.9923,27.36],[88.8712,27.36]],[[88.8712,27.36],[88.8712,27.48]],[[89.1135,27.48],[89.1135,27.36]],[[89.1135,27.36],[88.9923,27.36]],[[91.9,27.36],[91.9,27.48]],[[94.3231,27.48],[94.3231,27.36]],[[94.3231,27.36],[94.2019,27.36]],[[92.0212,27.24],[91.9,27.24]],[[91.9,27.24],[91.9,27.36]],[[94.0808,27.24],[93.9596,27.24]],[[94.2019,27.36],[94.2019,27.24]],[[94.2019,27.24],[94.0808,27.24]],[[92.0212,27.12],[92.0212,27.24]],[[93.9596,27.24],[93.9596,27.12]],[[93.9596,27.12],[93.8385,27.12]],[[92.0212,27.0],[92.0212,27.12]],[[93.475,27.0],[93.3538,27.0]],[[93.5962,27.0],[93.475,27.0]],[[93.7173,27.0],[93.5962,27.0]],[[93.8385,27.12],[93.8385,27.0]],[[93.8385,27.0],[93.7173,27.0]],[[92.1423,26.88],[92.0212,26.88]],[[92.0212,26.88],[92.0212,27.0]],[[92.2635,26.88],[92.1423,26.88]],[[92.3846,26.88],[92.2635,26.88]],[[92.5058,26.88],[92.3846,26.88]],[[92.6269,26.88],[92.5058,26.88]],[[92.7481,26.88],[92.6269,26.88]],[[92.8692,26.88],[92.7481,26.88]],[[92.9904,26.88],[92.8692,26.88]],[[93.1115,26.88],[92.9904,26.88]],[[93.2327,26.88],[93.1115,26.88]],[[93.3538,27.0],[93.3538,26.88]],[[93.3538,26.88],[93.2327,26.88]]]}},{"type":"Feature","properties":{"regime_key":"heihan","regime_name":"Heihan","regime_name_zh":"黑汗 / 喀喇汗相关区域","color":"#607d8b","kind":"regime_outer_boundary","year":1080,"method":"rasterized union mask from Hartwell-derived polygons","grid_width":520,"grid_height":300,"accuracy_note":"Coarse visual outer boundary for map readability; not a strict historical boundary."},"geometry":{"type":"MultiLineString","coordinates":[[[83.0558,47.16],[83.1769,47.16]],[[83.0558,47.04],[83.0558,47.16]],[[83.1769,47.16],[83.2981,47.16]],[[83.2981,47.16],[83.4192,47.16]],[[83.4192,47.16],[83.5404,47.16]],[[83.5404,47.16],[83.6615,47.16]],[[83.6615,47.16],[83.7827,47.16]],[[83.7827,47.16],[83.9038,47.16]],[[83.9038,47.16],[83.9038,47.04]],[[82.9346,47.04],[83.0558,47.04]],[[82.9346,46.92],[82.9346,47.04]],[[83.9038,47.04],[84.025,47.04]],[[84.025,47.04],[84.1462,47.04]],[[84.1462,47.04],[84.2673,47.04]],[[84.2673,47.04],[84.3885,47.04]],[[84.3885,47.04],[84.5096,47.04]],[[84.5096,47.04],[84.6308,47.04]],[[84.6308,47.04],[84.6308,46.92]],[[82.9346,46.8],[82.9346,46.92]],[[84.6308,46.92],[84.7519,46.92]],[[84.7519,46.92],[84.7519,46.8]],[[82.8135,46.8],[82.9346,46.8]],[[82.8135,46.68],[82.8135,46.8]],[[84.7519,46.8],[84.8731,46.8]],[[84.8731,46.8],[84.8731,46.68]],[[82.8135,46.56],[82.8135,46.68]],[[84.8731,46.68],[84.9942,46.68]],[[84.9942,46.68],[84.9942,46.56]],[[82.6923,46.56],[82.8135,46.56]],[[82.6923,46.44],[82.6923,46.56]],[[84.9942,46.56],[85.1154,46.56]],[[85.1154,46.56],[85.1154,46.44]],[[82.6923,46.32],[82.6923,46.44]],[[85.1154,46.44],[85.2365,46.44]],[[85.2365,46.44],[85.2365,46.32]],[[82.6923,46.2],[82.6923,46.32]],[[85.2365,46.32],[85.2365,46.2]],[[82.5712,46.2],[82.6923,46.2]],[[82.5712,46.08],[82.5712,46.2]],[[85.2365,46.2],[85.3577,46.2]],[[85.3577,46.2],[85.3577,46.08]],[[85.3577,46.08],[85.2365,46.08]],[[82.5712,45.96],[82.5712,46.08]],[[85.2365,46.08],[85.2365,45.96]],[[85.2365,45.96],[85.1154,45.96]],[[82.5712,45.84],[82.5712,45.96]],[[85.1154,45.96],[85.1154,45.84]],[[85.1154,45.84],[84.9942,45.84]],[[82.5712,45.72],[82.5712,45.84]],[[84.9942,45.84],[84.9942,45.72]],[[82.5712,45.6],[82.5712,45.72]],[[84.9942,45.72],[84.9942,45.6]],[[84.9942,45.6],[84.8731,45.6]],[[82.5712,45.48],[82.5712,45.6]],[[84.8731,45.6],[84.8731,45.48]],[[84.8731,45.48],[84.7519,45.48]],[[82.45,45.48],[82.5712,45.48]],[[82.45,45.36],[82.45,45.48]],[[84.7519,45.48],[84.7519,45.36]],[[84.7519,45.36],[84.6308,45.36]],[[81.3596,45.36],[81.4808,45.36]],[[81.3596,45.24],[81.3596,45.36]],[[81.4808,45.36],[81.6019,45.36]],[[81.6019,45.36],[81.7231,45.36]],[[81.7231,45.36],[81.8442,45.36]],[[81.8442,45.36],[81.8442,45.24]],[[82.45,45.24],[82.45,45.36]],[[84.5096,45.24],[84.3885,45.24]],[[84.6308,45.36],[84.6308,45.24]],[[84.6308,45.24],[84.5096,45.24]],[[80.875,45.24],[80.9962,45.24]],[[80.875,45.12],[80.875,45.24]],[[80.9962,45.24],[81.1173,45.24]],[[81.1173,45.24],[81.2385,45.24]],[[81.2385,45.24],[81.3596,45.24]],[[81.8442,45.24],[81.9654,45.24]],[[81.9654,45.24],[82.0865,45.24]],[[82.0865,45.24],[82.2077,45.24]],[[82.2077,45.24],[82.2077,45.12]],[[82.45,45.12],[82.45,45.24]],[[84.025,45.12],[83.9038,45.12]],[[84.1462,45.12],[84.025,45.12]],[[84.2673,45.12],[84.1462,45.12]],[[84.3885,45.24],[84.3885,45.12]],[[84.3885,45.12],[84.2673,45.12]],[[80.5115,45.12],[80.6327,45.12]],[[80.5115,45.0],[80.5115,45.12]],[[80.6327,45.12],[80.7538,45.12]],[[80.7538,45.12],[80.875,45.12]],[[82.2077,45.12],[82.3288,45.12]],[[82.3288,45.12],[82.45,45.12]],[[83.6615,45.0],[83.5404,45.0]],[[83.7827,45.0],[83.6615,45.0]],[[83.9038,45.12],[83.9038,45.0]],[[83.9038,45.0],[83.7827,45.0]],[[80.0269,45.0],[80.1481,45.0]],[[80.0269,44.88],[80.0269,45.0]],[[80.1481,45.0],[80.2692,45.0]],[[80.2692,45.0],[80.3904,45.0]],[[80.3904,45.0],[80.5115,45.0]],[[83.5404,45.0],[83.5404,44.88]],[[80.1481,44.76],[80.0269,44.76]],[[80.0269,44.76],[80.0269,44.88]],[[80.2692,44.76],[80.1481,44.76]],[[80.3904,44.76],[80.2692,44.76]],[[83.5404,44.88],[83.5404,44.76]],[[80.3904,44.64],[80.3904,44.76]],[[83.5404,44.76],[83.6615,44.76]],[[83.6615,44.76],[83.6615,44.64]],[[80.5115,44.52],[80.3904,44.52]],[[80.3904,44.52],[80.3904,44.64]],[[83.6615,44.64],[83.6615,44.52]],[[80.5115,44.4],[80.5115,44.52]],[[83.6615,44.52],[83.6615,44.4]],[[83.6615,44.4],[83.5404,44.4]],[[80.5115,44.28],[80.5115,44.4]],[[83.4192,44.28],[83.2981,44.28]],[[83.5404,44.4],[83.5404,44.28]],[[83.5404,44.28],[83.4192,44.28]],[[80.5115,44.16],[80.5115,44.28]],[[83.2981,44.28],[83.2981,44.16]],[[80.5115,44.04],[80.5115,44.16]],[[83.2981,44.16],[83.4192,44.16]],[[83.4192,44.16],[83.5404,44.16]],[[83.5404,44.16],[83.5404,44.04]],[[80.6327,43.92],[80.5115,43.92]],[[80.5115,43.92],[80.5115,44.04]],[[83.5404,44.04],[83.6615,44.04]],[[83.6615,44.04],[83.7827,44.04]],[[83.7827,44.04],[83.7827,43.92]],[[80.6327,43.8],[80.6327,43.92]],[[83.7827,43.92],[83.9038,43.92]],[[83.9038,43.92],[84.025,43.92]],[[84.025,43.92],[84.025,43.8]],[[80.6327,43.68],[80.6327,43.8]],[[84.025,43.8],[84.1462,43.8]],[[84.1462,43.8],[84.2673,43.8]],[[84.2673,43.8],[84.2673,43.68]],[[80.6327,43.56],[80.6327,43.68]],[[84.2673,43.68],[84.3885,43.68]],[[84.3885,43.68],[84.5096,43.68]],[[84.5096,43.68],[84.5096,43.56]],[[80.6327,43.44],[80.6327,43.56]],[[84.5096,43.56],[84.6308,43.56]],[[84.6308,43.56],[84.7519,43.56]],[[84.7519,43.44],[84.6308,43.44]],[[84.7519,43.56],[84.8731,43.56]],[[84.8731,43.56],[84.8731,43.44]],[[84.8731,43.44],[84.7519,43.44]],[[80.7538,43.32],[80.6327,43.32]],[[80.6327,43.32],[80.6327,43.44]],[[84.2673,43.32],[84.1462,43.32]],[[84.3885,43.32],[84.2673,43.32]],[[84.5096,43.32],[84.3885,43.32]],[[84.6308,43.44],[84.6308,43.32]],[[84.6308,43.32],[84.5096,43.32]],[[80.7538,43.2],[80.7538,43.32]],[[83.6615,43.2],[83.5404,43.2]],[[83.7827,43.2],[83.6615,43.2]],[[83.9038,43.2],[83.7827,43.2]],[[84.025,43.2],[83.9038,43.2]],[[84.1462,43.32],[84.1462,43.2]],[[84.1462,43.2],[84.025,43.2]],[[80.7538,43.08],[80.7538,43.2]],[[83.1769,43.08],[83.0558,43.08]],[[83.2981,43.08],[83.1769,43.08]],[[83.4192,43.08],[83.2981,43.08]],[[83.5404,43.2],[83.5404,43.08]],[[83.5404,43.08],[83.4192,43.08]],[[80.6327,43.08],[80.7538,43.08]],[[80.6327,42.96],[80.6327,43.08]],[[82.6923,42.96],[82.5712,42.96]],[[82.8135,42.96],[82.6923,42.96]],[[82.9346,42.96],[82.8135,42.96]],[[83.0558,43.08],[83.0558,42.96]],[[83.0558,42.96],[82.9346,42.96]],[[80.6327,42.84],[80.6327,42.96]],[[82.5712,42.96],[82.5712,42.84]],[[82.5712,42.84],[82.45,42.84]],[[80.5115,42.84],[80.6327,42.84]],[[80.5115,42.72],[80.5115,42.84]],[[82.45,42.84],[82.45,42.72]],[[82.45,42.72],[82.3288,42.72]],[[80.3904,42.72],[80.5115,42.72]],[[80.3904,42.6],[80.3904,42.72]],[[82.3288,42.72],[82.3288,42.6]],[[82.3288,42.6],[82.2077,42.6]],[[80.3904,42.48],[80.3904,42.6]],[[82.2077,42.6],[82.2077,42.48]],[[82.2077,42.48],[82.0865,42.48]],[[80.2692,42.48],[80.3904,42.48]],[[80.2692,42.36],[80.2692,42.48]],[[80.875,42.36],[80.7538,42.36]],[[80.9962,42.36],[80.875,42.36]],[[81.1173,42.36],[80.9962,42.36]],[[81.2385,42.36],[81.1173,42.36]],[[81.3596,42.36],[81.2385,42.36]],[[81.4808,42.36],[81.3596,42.36]],[[81.6019,42.36],[81.4808,42.36]],[[81.7231,42.36],[81.6019,42.36]],[[81.8442,42.36],[81.7231,42.36]],[[81.9654,42.36],[81.8442,42.36]],[[82.0865,42.48],[82.0865,42.36]],[[82.0865,42.36],[81.9654,42.36]],[[80.3904,42.24],[80.2692,42.24]],[[80.2692,42.24],[80.2692,42.36]],[[80.5115,42.24],[80.3904,42.24]],[[80.6327,42.24],[80.5115,42.24]],[[80.7538,42.36],[80.7538,42.24]],[[80.7538,42.24],[80.6327,42.24]],[[78.2096,41.4],[78.3308,41.4]],[[78.3308,41.4],[78.3308,41.28]],[[78.2096,41.28],[78.2096,41.4]],[[78.0885,41.28],[78.2096,41.28]],[[78.0885,41.16],[78.0885,41.28]],[[78.3308,41.28],[78.4519,41.28]],[[78.4519,41.28],[78.4519,41.16]],[[77.9673,41.16],[78.0885,41.16]],[[77.9673,41.04],[77.9673,41.16]],[[78.4519,41.16],[78.5731,41.16]],[[78.5731,41.16],[78.5731,41.04]],[[76.6346,41.04],[76.7558,41.04]],[[76.6346,40.92],[76.6346,41.04]],[[76.7558,41.04],[76.8769,41.04]],[[76.8769,41.04],[76.9981,41.04]],[[76.9981,41.04],[77.1192,41.04]],[[77.1192,41.04],[77.2404,41.04]],[[77.2404,41.04],[77.3615,41.04]],[[77.3615,41.04],[77.4827,41.04]],[[77.4827,41.04],[77.6038,41.04]],[[77.6038,41.04],[77.725,41.04]],[[77.725,41.04],[77.8462,41.04]],[[77.8462,41.04],[77.9673,41.04]],[[78.5731,41.04],[78.6942,41.04]],[[78.6942,41.04],[78.6942,40.92]],[[76.6346,40.8],[76.6346,40.92]],[[78.6942,40.92],[78.6942,40.8]],[[78.6942,40.8],[78.5731,40.8]],[[76.5135,40.8],[76.6346,40.8]],[[76.5135,40.68],[76.5135,40.8]],[[78.5731,40.8],[78.5731,40.68]],[[78.5731,40.68],[78.4519,40.68]],[[76.3923,40.68],[76.5135,40.68]],[[76.3923,40.56],[76.3923,40.68]],[[78.4519,40.68],[78.4519,40.56]],[[78.4519,40.56],[78.3308,40.56]],[[76.2712,40.56],[76.3923,40.56]],[[76.2712,40.44],[76.2712,40.56]],[[78.3308,40.56],[78.3308,40.44]],[[78.3308,40.44],[78.2096,40.44]],[[74.4538,40.44],[74.575,40.44]],[[74.4538,40.32],[74.4538,40.44]],[[74.575,40.44],[74.6962,40.44]],[[74.6962,40.44],[74.8173,40.44]],[[74.8173,40.44],[74.9385,40.44]],[[74.9385,40.44],[75.0596,40.44]],[[75.0596,40.44],[75.1808,40.44]],[[75.1808,40.44],[75.3019,40.44]],[[75.3019,40.44],[75.4231,40.44]],[[75.4231,40.44],[75.5442,40.44]],[[75.5442,40.44],[75.5442,40.32]],[[76.15,40.44],[76.2712,40.44]],[[76.15,40.32],[76.15,40.44]],[[78.2096,40.44],[78.2096,40.32]],[[78.2096,40.32],[78.0885,40.32]],[[74.3327,40.32],[74.4538,40.32]],[[74.3327,40.2],[74.3327,40.32]],[[75.5442,40.32],[75.6654,40.32]],[[75.6654,40.32],[75.7865,40.32]],[[75.7865,40.32],[75.9077,40.32]],[[75.9077,40.32],[76.0288,40.32]],[[76.0288,40.32],[76.15,40.32]],[[78.0885,40.32],[78.0885,40.2]],[[78.0885,40.2],[77.9673,40.2]],[[74.2115,40.2],[74.3327,40.2]],[[74.2115,40.08],[74.2115,40.2]],[[77.9673,40.2],[77.9673,40.08]],[[74.0904,40.08],[74.2115,40.08]],[[74.0904,39.96],[74.0904,40.08]],[[77.9673,40.08],[78.0885,40.08]],[[78.0885,40.08],[78.2096,40.08]],[[78.2096,40.08],[78.3308,40.08]],[[78.3308,40.08],[78.4519,40.08]],[[78.4519,40.08],[78.5731,40.08]],[[78.5731,40.08],[78.6942,40.08]],[[78.6942,40.08],[78.8154,40.08]],[[78.8154,40.08],[78.9365,40.08]],[[78.9365,40.08],[79.0577,40.08]],[[79.0577,40.08],[79.1788,40.08]],[[79.1788,40.08],[79.3,40.08]],[[79.3,40.08],[79.4212,40.08]],[[79.4212,40.08],[79.5423,40.08]],[[79.5423,40.08],[79.6635,40.08]],[[79.6635,40.08],[79.7846,40.08]],[[79.7846,40.08],[79.7846,39.96]],[[73.9692,39.96],[74.0904,39.96]],[[73.9692,39.84],[73.9692,39.96]],[[79.7846,39.96],[79.7846,39.84]],[[79.7846,39.84],[79.6635,39.84]],[[73.8481,39.84],[73.9692,39.84]],[[73.8481,39.72],[73.8481,39.84]],[[79.6635,39.84],[79.6635,39.72]],[[73.7269,39.72],[73.8481,39.72]],[[73.7269,39.6],[73.7269,39.72]],[[79.6635,39.72],[79.6635,39.6]],[[73.6058,39.6],[73.7269,39.6]],[[73.6058,39.48],[73.6058,39.6]],[[79.6635,39.6],[79.6635,39.48]],[[73.4846,39.48],[73.6058,39.48]],[[73.4846,39.36],[73.4846,39.48]],[[77.9673,39.36],[77.8462,39.36]],[[79.6635,39.48],[79.6635,39.36]],[[73.3635,39.36],[73.4846,39.36]],[[73.3635,39.24],[73.3635,39.36]],[[77.725,39.24],[77.6038,39.24]],[[77.8462,39.36],[77.8462,39.24]],[[77.8462,39.24],[77.725,39.24]],[[78.0885,39.24],[77.9673,39.24]],[[77.9673,39.24],[77.9673,39.36]],[[78.2096,39.24],[78.0885,39.24]],[[79.6635,39.36],[79.6635,39.24]],[[73.2423,39.24],[73.3635,39.24]],[[73.2423,39.12],[73.2423,39.24]],[[77.4827,39.12],[77.3615,39.12]],[[77.6038,39.24],[77.6038,39.12]],[[77.6038,39.12],[77.4827,39.12]],[[78.3308,39.12],[78.2096,39.12]],[[78.2096,39.12],[78.2096,39.24]],[[79.6635,39.24],[79.6635,39.12]],[[79.6635,39.12],[79.5423,39.12]],[[73.3635,39.0],[73.2423,39.0]],[[73.2423,39.0],[73.2423,39.12]],[[77.2404,39.0],[77.1192,39.0]],[[77.3615,39.12],[77.3615,39.0]],[[77.3615,39.0],[77.2404,39.0]],[[78.4519,39.0],[78.3308,39.0]],[[78.3308,39.0],[78.3308,39.12]],[[78.5731,39.0],[78.4519,39.0]],[[79.5423,39.12],[79.5423,39.0]],[[73.3635,38.88],[73.3635,39.0]],[[77.1192,39.0],[77.1192,38.88]],[[77.1192,38.88],[76.9981,38.88]],[[78.6942,38.88],[78.5731,38.88]],[[78.5731,38.88],[78.5731,39.0]],[[79.5423,39.0],[79.5423,38.88]],[[79.5423,38.88],[79.4212,38.88]],[[73.3635,38.76],[73.3635,38.88]],[[76.9981,38.88],[76.9981,38.76]],[[76.9981,38.76],[76.8769,38.76]],[[78.8154,38.76],[78.6942,38.76]],[[78.6942,38.76],[78.6942,38.88]],[[78.9365,38.76],[78.8154,38.76]],[[79.1788,38.76],[79.0577,38.76]],[[79.3,38.76],[79.1788,38.76]],[[79.4212,38.88],[79.4212,38.76]],[[79.4212,38.76],[79.3,38.76]],[[73.4846,38.64],[73.3635,38.64]],[[73.3635,38.64],[73.3635,38.76]],[[76.8769,38.76],[76.8769,38.64]],[[76.8769,38.64],[76.7558,38.64]],[[79.0577,38.76],[79.0577,38.64]],[[79.0577,38.64],[78.9365,38.64]],[[78.9365,38.64],[78.9365,38.76]],[[73.6058,38.52],[73.4846,38.52]],[[73.4846,38.52],[73.4846,38.64]],[[73.7269,38.52],[73.6058,38.52]],[[73.8481,38.52],[73.7269,38.52]],[[73.9692,38.52],[73.8481,38.52]],[[74.0904,38.52],[73.9692,38.52]],[[74.2115,38.52],[74.0904,38.52]],[[74.3327,38.52],[74.2115,38.52]],[[74.4538,38.52],[74.3327,38.52]],[[74.575,38.52],[74.4538,38.52]],[[76.6346,38.52],[76.5135,38.52]],[[76.7558,38.64],[76.7558,38.52]],[[76.7558,38.52],[76.6346,38.52]],[[74.6962,38.4],[74.575,38.4]],[[74.575,38.4],[74.575,38.52]],[[74.8173,38.4],[74.6962,38.4]],[[76.5135,38.52],[76.5135,38.4]],[[76.5135,38.4],[76.3923,38.4]],[[74.9385,38.28],[74.8173,38.28]],[[74.8173,38.28],[74.8173,38.4]],[[76.3923,38.4],[76.3923,38.28]],[[76.3923,38.28],[76.2712,38.28]],[[75.0596,38.16],[74.9385,38.16]],[[74.9385,38.16],[74.9385,38.28]],[[76.2712,38.28],[76.2712,38.16]],[[76.2712,38.16],[76.15,38.16]],[[75.1808,38.04],[75.0596,38.04]],[[75.0596,38.04],[75.0596,38.16]],[[75.3019,38.04],[75.1808,38.04]],[[76.0288,38.04],[75.9077,38.04]],[[76.15,38.16],[76.15,38.04]],[[76.15,38.04],[76.0288,38.04]],[[75.4231,37.92],[75.3019,37.92]],[[75.3019,37.92],[75.3019,38.04]],[[75.9077,38.04],[75.9077,37.92]],[[75.9077,37.92],[75.7865,37.92]],[[75.5442,37.8],[75.4231,37.8]],[[75.4231,37.8],[75.4231,37.92]],[[75.7865,37.92],[75.7865,37.8]],[[75.7865,37.8],[75.6654,37.8]],[[75.6654,37.8],[75.6654,37.68]],[[75.6654,37.68],[75.5442,37.68]],[[75.5442,37.68],[75.5442,37.8]]]}},{"type":"Feature","properties":{"regime_key":"yutian","regime_name":"Yutian","regime_name_zh":"于阗相关区域","color":"#795548","kind":"regime_outer_boundary","year":1080,"method":"rasterized union mask from Hartwell-derived polygons","grid_width":520,"grid_height":300,"accuracy_note":"Coarse visual outer boundary for map readability; not a strict historical boundary."},"geometry":{"type":"MultiLineString","coordinates":[[[84.1462,40.32],[84.2673,40.32]],[[84.1462,40.2],[84.1462,40.32]],[[84.2673,40.32],[84.3885,40.32]],[[84.3885,40.32],[84.5096,40.32]],[[84.5096,40.32],[84.6308,40.32]],[[84.6308,40.32],[84.7519,40.32]],[[84.7519,40.32],[84.8731,40.32]],[[84.8731,40.32],[84.8731,40.2]],[[84.025,40.2],[84.1462,40.2]],[[84.025,40.08],[84.025,40.2]],[[84.8731,40.2],[84.9942,40.2]],[[84.9942,40.2],[85.1154,40.2]],[[85.1154,40.2],[85.2365,40.2]],[[85.2365,40.2],[85.3577,40.2]],[[85.3577,40.2],[85.4788,40.2]],[[85.4788,40.2],[85.6,40.2]],[[85.6,40.2],[85.7212,40.2]],[[85.7212,40.2],[85.8423,40.2]],[[85.8423,40.2],[85.9635,40.2]],[[85.9635,40.2],[86.0846,40.2]],[[86.0846,40.2],[86.2058,40.2]],[[86.2058,40.2],[86.3269,40.2]],[[86.3269,40.2],[86.4481,40.2]],[[86.4481,40.2],[86.5692,40.2]],[[86.5692,40.2],[86.6904,40.2]],[[86.6904,40.2],[86.6904,40.08]],[[83.9038,40.08],[84.025,40.08]],[[83.9038,39.96],[83.9038,40.08]],[[86.6904,40.08],[86.6904,39.96]],[[83.7827,39.96],[83.9038,39.96]],[[83.7827,39.84],[83.7827,39.96]],[[86.6904,39.96],[86.6904,39.84]],[[83.6615,39.84],[83.7827,39.84]],[[83.6615,39.72],[83.6615,39.84]],[[86.6904,39.84],[86.8115,39.84]],[[86.8115,39.84],[86.8115,39.72]],[[83.6615,39.6],[83.6615,39.72]],[[86.8115,39.72],[86.8115,39.6]],[[79.6635,39.6],[79.7846,39.6]],[[79.6635,39.48],[79.6635,39.6]],[[79.7846,39.6],[79.9058,39.6]],[[79.9058,39.6],[80.0269,39.6]],[[80.0269,39.6],[80.1481,39.6]],[[80.1481,39.6],[80.2692,39.6]],[[80.2692,39.6],[80.3904,39.6]],[[80.3904,39.6],[80.5115,39.6]],[[80.5115,39.6],[80.6327,39.6]],[[80.6327,39.6],[80.7538,39.6]],[[80.7538,39.6],[80.875,39.6]],[[80.875,39.6],[80.9962,39.6]],[[80.9962,39.6],[81.1173,39.6]],[[81.1173,39.6],[81.2385,39.6]],[[81.2385,39.6],[81.3596,39.6]],[[81.3596,39.6],[81.4808,39.6]],[[81.4808,39.6],[81.6019,39.6]],[[81.6019,39.6],[81.6019,39.48]],[[83.5404,39.6],[83.6615,39.6]],[[83.5404,39.48],[83.5404,39.6]],[[86.8115,39.6],[86.8115,39.48]],[[79.6635,39.36],[79.6635,39.48]],[[81.6019,39.48],[81.7231,39.48]],[[81.7231,39.48],[81.8442,39.48]],[[81.8442,39.48],[81.9654,39.48]],[[81.9654,39.48],[82.0865,39.48]],[[82.0865,39.48],[82.2077,39.48]],[[82.2077,39.48],[82.3288,39.48]],[[82.3288,39.48],[82.45,39.48]],[[82.45,39.48],[82.5712,39.48]],[[82.5712,39.48],[82.6923,39.48]],[[82.6923,39.48],[82.8135,39.48]],[[82.8135,39.48],[82.9346,39.48]],[[82.9346,39.48],[83.0558,39.48]],[[83.0558,39.48],[83.1769,39.48]],[[83.1769,39.48],[83.2981,39.48]],[[83.2981,39.48],[83.4192,39.48]],[[83.4192,39.48],[83.5404,39.48]],[[86.8115,39.48],[86.9327,39.48]],[[86.9327,39.48],[86.9327,39.36]],[[77.725,39.36],[77.8462,39.36]],[[77.725,39.24],[77.725,39.36]],[[77.8462,39.36],[77.9673,39.36]],[[77.9673,39.36],[77.9673,39.24]],[[79.6635,39.24],[79.6635,39.36]],[[86.9327,39.36],[86.9327,39.24]],[[77.4827,39.24],[77.6038,39.24]],[[77.4827,39.12],[77.4827,39.24]],[[77.6038,39.24],[77.725,39.24]],[[77.9673,39.24],[78.0885,39.24]],[[78.0885,39.24],[78.0885,39.12]],[[79.6635,39.12],[79.6635,39.24]],[[86.9327,39.24],[86.9327,39.12]],[[77.2404,39.12],[77.3615,39.12]],[[77.2404,39.0],[77.2404,39.12]],[[77.3615,39.12],[77.4827,39.12]],[[78.0885,39.12],[78.2096,39.12]],[[78.2096,39.12],[78.3308,39.12]],[[78.3308,39.12],[78.3308,39.0]],[[79.5423,39.12],[79.6635,39.12]],[[79.5423,39.0],[79.5423,39.12]],[[86.9327,39.12],[86.9327,39.0]],[[76.8769,39.0],[76.9981,39.0]],[[76.8769,38.88],[76.8769,39.0]],[[76.9981,39.0],[77.1192,39.0]],[[77.1192,39.0],[77.2404,39.0]],[[78.3308,39.0],[78.4519,39.0]],[[78.4519,39.0],[78.5731,39.0]],[[78.5731,39.0],[78.5731,38.88]],[[79.5423,38.88],[79.5423,39.0]],[[86.9327,39.0],[87.0538,39.0]],[[87.0538,39.0],[87.0538,38.88]],[[76.7558,38.88],[76.8769,38.88]],[[76.7558,38.76],[76.7558,38.88]],[[78.5731,38.88],[78.6942,38.88]],[[78.6942,38.88],[78.6942,38.76]],[[79.4212,38.88],[79.5423,38.88]],[[79.4212,38.76],[79.4212,38.88]],[[87.0538,38.88],[87.0538,38.76]],[[76.6346,38.76],[76.7558,38.76]],[[76.6346,38.64],[76.6346,38.76]],[[78.6942,38.76],[78.8154,38.76]],[[78.8154,38.76],[78.9365,38.76]],[[78.9365,38.76],[78.9365,38.64]],[[79.0577,38.76],[79.1788,38.76]],[[79.0577,38.64],[79.0577,38.76]],[[79.1788,38.76],[79.3,38.76]],[[79.3,38.76],[79.4212,38.76]],[[87.0538,38.76],[87.0538,38.64]],[[76.5135,38.64],[76.6346,38.64]],[[76.5135,38.52],[76.5135,38.64]],[[78.9365,38.64],[79.0577,38.64]],[[87.0538,38.64],[87.175,38.64]],[[87.175,38.64],[87.175,38.52]],[[76.5135,38.4],[76.5135,38.52]],[[87.175,38.52],[87.175,38.4]],[[76.3923,38.4],[76.5135,38.4]],[[76.3923,38.28],[76.3923,38.4]],[[87.175,38.4],[87.175,38.28]],[[74.575,38.28],[74.6962,38.28]],[[74.6962,38.28],[74.6962,38.16]],[[74.575,38.16],[74.575,38.28]],[[76.2712,38.28],[76.3923,38.28]],[[76.2712,38.16],[76.2712,38.28]],[[87.175,38.28],[87.175,38.16]],[[74.6962,38.04],[74.575,38.04]],[[74.575,38.04],[74.575,38.16]],[[74.6962,38.16],[74.8173,38.16]],[[74.8173,38.16],[74.9385,38.16]],[[74.9385,38.16],[75.0596,38.16]],[[75.0596,38.16],[75.0596,38.04]],[[76.2712,38.04],[76.2712,38.16]],[[87.175,38.16],[87.2962,38.16]],[[87.2962,38.16],[87.2962,38.04]],[[74.6962,37.92],[74.6962,38.04]],[[75.0596,38.04],[75.1808,38.04]],[[75.1808,38.04],[75.3019,38.04]],[[75.3019,38.04],[75.3019,37.92]],[[76.15,38.04],[76.2712,38.04]],[[76.15,37.92],[76.15,38.04]],[[87.2962,38.04],[87.2962,37.92]],[[74.6962,37.8],[74.6962,37.92]],[[75.3019,37.92],[75.4231,37.92]],[[75.4231,37.92],[75.5442,37.92]],[[75.5442,37.92],[75.6654,37.92]],[[75.6654,37.92],[75.6654,37.8]],[[76.0288,37.92],[76.15,37.92]],[[76.0288,37.8],[76.0288,37.92]],[[87.2962,37.92],[87.2962,37.8]],[[74.8173,37.68],[74.6962,37.68]],[[74.6962,37.68],[74.6962,37.8]],[[75.6654,37.8],[75.7865,37.8]],[[75.7865,37.8],[75.9077,37.8]],[[75.9077,37.8],[76.0288,37.8]],[[87.2962,37.8],[87.2962,37.68]],[[74.8173,37.56],[74.8173,37.68]],[[87.2962,37.68],[87.4173,37.68]],[[87.4173,37.68],[87.4173,37.56]],[[74.8173,37.44],[74.8173,37.56]],[[87.4173,37.56],[87.4173,37.44]],[[74.8173,37.32],[74.8173,37.44]],[[87.4173,37.44],[87.4173,37.32]],[[74.8173,37.2],[74.8173,37.32]],[[87.4173,37.32],[87.5385,37.32]],[[87.5385,37.32],[87.5385,37.2]],[[74.575,37.2],[74.6962,37.2]],[[74.575,37.08],[74.575,37.2]],[[74.6962,37.2],[74.8173,37.2]],[[87.5385,37.2],[87.5385,37.08]],[[74.3327,37.08],[74.4538,37.08]],[[74.4538,36.96],[74.3327,36.96]],[[74.3327,36.96],[74.3327,37.08]],[[74.4538,37.08],[74.575,37.08]],[[74.575,36.96],[74.4538,36.96]],[[87.5385,37.08],[87.5385,36.96]],[[74.6962,36.84],[74.575,36.84]],[[74.575,36.84],[74.575,36.96]],[[74.8173,36.84],[74.6962,36.84]],[[74.9385,36.84],[74.8173,36.84]],[[75.0596,36.84],[74.9385,36.84]],[[87.5385,36.96],[87.5385,36.84]],[[75.1808,36.72],[75.0596,36.72]],[[75.0596,36.72],[75.0596,36.84]],[[75.3019,36.72],[75.1808,36.72]],[[75.4231,36.72],[75.3019,36.72]],[[75.5442,36.72],[75.4231,36.72]],[[87.5385,36.84],[87.6596,36.84]],[[87.6596,36.84],[87.6596,36.72]],[[75.6654,36.6],[75.5442,36.6]],[[75.5442,36.6],[75.5442,36.72]],[[87.6596,36.72],[87.6596,36.6]],[[75.7865,36.48],[75.6654,36.48]],[[75.6654,36.48],[75.6654,36.6]],[[87.6596,36.6],[87.6596,36.48]],[[75.7865,36.36],[75.7865,36.48]],[[87.6596,36.36],[87.5385,36.36]],[[87.6596,36.48],[87.7808,36.48]],[[87.7808,36.48],[87.7808,36.36]],[[87.7808,36.36],[87.6596,36.36]],[[75.9077,36.24],[75.7865,36.24]],[[75.7865,36.24],[75.7865,36.36]],[[87.175,36.24],[87.0538,36.24]],[[87.2962,36.24],[87.175,36.24]],[[87.4173,36.24],[87.2962,36.24]],[[87.5385,36.36],[87.5385,36.24]],[[87.5385,36.24],[87.4173,36.24]],[[75.9077,36.12],[75.9077,36.24]],[[86.8115,36.12],[86.6904,36.12]],[[86.9327,36.12],[86.8115,36.12]],[[87.0538,36.24],[87.0538,36.12]],[[87.0538,36.12],[86.9327,36.12]],[[75.9077,36.0],[75.9077,36.12]],[[86.3269,36.0],[86.2058,36.0]],[[86.4481,36.0],[86.3269,36.0]],[[86.5692,36.0],[86.4481,36.0]],[[86.6904,36.12],[86.6904,36.0]],[[86.6904,36.0],[86.5692,36.0]],[[76.0288,35.88],[75.9077,35.88]],[[75.9077,35.88],[75.9077,36.0]],[[85.9635,35.88],[85.8423,35.88]],[[86.0846,35.88],[85.9635,35.88]],[[86.2058,36.0],[86.2058,35.88]],[[86.2058,35.88],[86.0846,35.88]],[[76.15,35.76],[76.0288,35.76]],[[76.0288,35.76],[76.0288,35.88]],[[76.2712,35.76],[76.15,35.76]],[[76.3923,35.76],[76.2712,35.76]],[[76.5135,35.76],[76.3923,35.76]],[[76.6346,35.76],[76.5135,35.76]],[[85.4788,35.76],[85.3577,35.76]],[[85.6,35.76],[85.4788,35.76]],[[85.7212,35.76],[85.6,35.76]],[[85.8423,35.88],[85.8423,35.76]],[[85.8423,35.76],[85.7212,35.76]],[[76.7558,35.64],[76.6346,35.64]],[[76.6346,35.64],[76.6346,35.76]],[[76.8769,35.64],[76.7558,35.64]],[[76.9981,35.64],[76.8769,35.64]],[[77.1192,35.64],[76.9981,35.64]],[[77.2404,35.64],[77.1192,35.64]],[[77.3615,35.64],[77.2404,35.64]],[[82.6923,35.64],[82.5712,35.64]],[[82.8135,35.64],[82.6923,35.64]],[[82.9346,35.64],[82.8135,35.64]],[[83.0558,35.64],[82.9346,35.64]],[[83.1769,35.64],[83.0558,35.64]],[[85.1154,35.64],[84.9942,35.64]],[[85.2365,35.64],[85.1154,35.64]],[[85.3577,35.76],[85.3577,35.64]],[[85.3577,35.64],[85.2365,35.64]],[[77.4827,35.52],[77.3615,35.52]],[[77.3615,35.52],[77.3615,35.64]],[[77.6038,35.52],[77.4827,35.52]],[[77.725,35.52],[77.6038,35.52]],[[77.8462,35.52],[77.725,35.52]],[[77.9673,35.52],[77.8462,35.52]],[[82.3288,35.52],[82.2077,35.52]],[[82.45,35.52],[82.3288,35.52]],[[82.5712,35.64],[82.5712,35.52]],[[82.5712,35.52],[82.45,35.52]],[[83.2981,35.52],[83.1769,35.52]],[[83.1769,35.52],[83.1769,35.64]],[[83.4192,35.52],[83.2981,35.52]],[[83.5404,35.52],[83.4192,35.52]],[[83.6615,35.52],[83.5404,35.52]],[[84.6308,35.52],[84.5096,35.52]],[[84.7519,35.52],[84.6308,35.52]],[[84.8731,35.52],[84.7519,35.52]],[[84.9942,35.64],[84.9942,35.52]],[[84.9942,35.52],[84.8731,35.52]],[[77.9673,35.4],[77.9673,35.52]],[[80.5115,35.4],[80.3904,35.4]],[[80.6327,35.4],[80.5115,35.4]],[[80.7538,35.4],[80.6327,35.4]],[[80.875,35.4],[80.7538,35.4]],[[80.9962,35.4],[80.875,35.4]],[[81.9654,35.4],[81.8442,35.4]],[[82.0865,35.4],[81.9654,35.4]],[[82.2077,35.52],[82.2077,35.4]],[[82.2077,35.4],[82.0865,35.4]],[[83.7827,35.4],[83.6615,35.4]],[[83.6615,35.4],[83.6615,35.52]],[[83.9038,35.4],[83.7827,35.4]],[[84.025,35.4],[83.9038,35.4]],[[84.1462,35.4],[84.025,35.4]],[[84.2673,35.4],[84.1462,35.4]],[[84.3885,35.4],[84.2673,35.4]],[[84.5096,35.52],[84.5096,35.4]],[[84.5096,35.4],[84.3885,35.4]],[[78.0885,35.28],[77.9673,35.28]],[[77.9673,35.28],[77.9673,35.4]],[[80.3904,35.4],[80.3904,35.28]],[[80.3904,35.28],[80.2692,35.28]],[[81.1173,35.28],[80.9962,35.28]],[[80.9962,35.28],[80.9962,35.4]],[[81.2385,35.28],[81.1173,35.28]],[[81.3596,35.28],[81.2385,35.28]],[[81.4808,35.28],[81.3596,35.28]],[[81.6019,35.28],[81.4808,35.28]],[[81.7231,35.28],[81.6019,35.28]],[[81.8442,35.4],[81.8442,35.28]],[[81.8442,35.28],[81.7231,35.28]],[[78.0885,35.16],[78.0885,35.28]],[[80.2692,35.28],[80.2692,35.16]],[[80.2692,35.16],[80.1481,35.16]],[[78.0885,35.04],[78.0885,35.16]],[[80.1481,35.16],[80.1481,35.04]],[[78.0885,34.92],[78.0885,35.04]],[[80.1481,35.04],[80.1481,34.92]],[[80.1481,34.92],[80.0269,34.92]],[[78.0885,34.8],[78.0885,34.92]],[[80.0269,34.92],[80.0269,34.8]],[[80.0269,34.8],[79.9058,34.8]],[[78.2096,34.68],[78.0885,34.68]],[[78.0885,34.68],[78.0885,34.8]],[[78.3308,34.68],[78.2096,34.68]],[[79.9058,34.8],[79.9058,34.68]],[[78.4519,34.56],[78.3308,34.56]],[[78.3308,34.56],[78.3308,34.68]],[[78.5731,34.56],[78.4519,34.56]],[[79.9058,34.68],[79.9058,34.56]],[[79.9058,34.56],[79.7846,34.56]],[[78.6942,34.44],[78.5731,34.44]],[[78.5731,34.44],[78.5731,34.56]],[[78.8154,34.44],[78.6942,34.44]],[[79.4212,34.44],[79.3,34.44]],[[79.5423,34.44],[79.4212,34.44]],[[79.6635,34.44],[79.5423,34.44]],[[79.7846,34.56],[79.7846,34.44]],[[79.7846,34.44],[79.6635,34.44]],[[78.9365,34.32],[78.8154,34.32]],[[78.8154,34.32],[78.8154,34.44]],[[79.0577,34.32],[78.9365,34.32]],[[79.1788,34.32],[79.0577,34.32]],[[79.3,34.44],[79.3,34.32]],[[79.3,34.32],[79.1788,34.32]]]}},{"type":"Feature","properties":{"regime_key":"liuqiu","regime_name":"Liuqiu","regime_name_zh":"流求","color":"#0097a7","kind":"regime_outer_boundary","year":1080,"method":"rasterized union mask from Hartwell-derived polygons","grid_width":520,"grid_height":300,"accuracy_note":"Coarse visual outer boundary for map readability; not a strict historical boundary."},"geometry":{"type":"MultiLineString","coordinates":[[[121.4615,25.32],[121.5827,25.32]],[[121.5827,25.32],[121.5827,25.2]],[[121.4615,25.2],[121.4615,25.32]],[[121.2192,25.2],[121.3404,25.2]],[[121.2192,25.08],[121.2192,25.2]],[[121.3404,25.2],[121.4615,25.2]],[[121.5827,25.2],[121.7038,25.2]],[[121.7038,25.2],[121.825,25.2]],[[121.825,25.2],[121.825,25.08]],[[120.9769,25.08],[121.0981,25.08]],[[120.9769,24.96],[120.9769,25.08]],[[121.0981,25.08],[121.2192,25.08]],[[121.825,25.08],[121.9462,25.08]],[[121.9462,25.08],[121.9462,24.96]],[[121.9462,24.96],[121.825,24.96]],[[120.9769,24.84],[120.9769,24.96]],[[121.825,24.96],[121.825,24.84]],[[120.8558,24.84],[120.9769,24.84]],[[120.8558,24.72],[120.8558,24.84]],[[121.825,24.84],[121.825,24.72]],[[120.7346,24.72],[120.8558,24.72]],[[120.7346,24.6],[120.7346,24.72]],[[121.825,24.72],[121.825,24.6]],[[121.825,24.6],[121.7038,24.6]],[[120.6135,24.6],[120.7346,24.6]],[[120.6135,24.48],[120.6135,24.6]],[[121.7038,24.6],[121.7038,24.48]],[[120.6135,24.36],[120.6135,24.48]],[[121.7038,24.48],[121.7038,24.36]],[[120.4923,24.36],[120.6135,24.36]],[[120.4923,24.24],[120.4923,24.36]],[[121.7038,24.36],[121.7038,24.24]],[[120.4923,24.12],[120.4923,24.24]],[[121.7038,24.24],[121.7038,24.12]],[[121.7038,24.12],[121.5827,24.12]],[[120.3712,24.12],[120.4923,24.12]],[[120.3712,24.0],[120.3712,24.12]],[[121.5827,24.12],[121.5827,24.0]],[[120.25,24.0],[120.3712,24.0]],[[120.25,23.88],[120.25,24.0]],[[121.5827,24.0],[121.5827,23.88]],[[120.25,23.76],[120.25,23.88]],[[121.5827,23.88],[121.5827,23.76]],[[120.1288,23.76],[120.25,23.76]],[[120.1288,23.64],[120.1288,23.76]],[[121.5827,23.76],[121.5827,23.64]],[[120.1288,23.52],[120.1288,23.64]],[[121.5827,23.64],[121.5827,23.52]],[[121.5827,23.52],[121.4615,23.52]],[[120.1288,23.4],[120.1288,23.52]],[[121.4615,23.52],[121.4615,23.4]],[[120.1288,23.28],[120.1288,23.4]],[[121.4615,23.4],[121.4615,23.28]],[[121.4615,23.28],[121.3404,23.28]],[[120.1288,23.16],[120.1288,23.28]],[[121.3404,23.28],[121.3404,23.16]],[[120.0077,23.16],[120.1288,23.16]],[[120.1288,23.04],[120.0077,23.04]],[[120.0077,23.04],[120.0077,23.16]],[[121.3404,23.16],[121.3404,23.04]],[[121.3404,23.04],[121.2192,23.04]],[[120.1288,22.92],[120.1288,23.04]],[[121.2192,23.04],[121.2192,22.92]],[[121.2192,22.92],[121.0981,22.92]],[[120.25,22.8],[120.1288,22.8]],[[120.1288,22.8],[120.1288,22.92]],[[121.0981,22.92],[121.0981,22.8]],[[120.3712,22.68],[120.25,22.68]],[[120.25,22.68],[120.25,22.8]],[[121.0981,22.8],[121.0981,22.68]],[[121.0981,22.68],[120.9769,22.68]],[[120.4923,22.56],[120.3712,22.56]],[[120.3712,22.56],[120.3712,22.68]],[[120.9769,22.68],[120.9769,22.56]],[[120.4923,22.44],[120.4923,22.56]],[[120.9769,22.56],[120.9769,22.44]],[[120.6135,22.32],[120.4923,22.32]],[[120.4923,22.32],[120.4923,22.44]],[[120.9769,22.44],[120.9769,22.32]],[[120.7346,22.2],[120.6135,22.2]],[[120.6135,22.2],[120.6135,22.32]],[[120.9769,22.32],[120.9769,22.2]],[[120.9769,22.2],[120.8558,22.2]],[[120.8558,22.2],[120.8558,22.08]],[[120.7346,22.08],[120.7346,22.2]],[[120.8558,22.08],[120.8558,21.96]],[[120.8558,21.96],[120.7346,21.96]],[[120.7346,21.96],[120.7346,22.08]]]}},{"type":"Feature","properties":{"regime_key":"abor","regime_name":"Abor","regime_name_zh":"西南边地部族区域","color":"#7b1fa2","kind":"regime_outer_boundary","year":1080,"method":"rasterized union mask from Hartwell-derived polygons","grid_width":520,"grid_height":300,"accuracy_note":"Coarse visual outer boundary for map readability; not a strict historical boundary."},"geometry":{"type":"MultiLineString","coordinates":[[[109.4673,27.12],[109.5885,27.12]],[[109.4673,27.0],[109.4673,27.12]],[[109.5885,27.12],[109.7096,27.12]],[[109.7096,27.12],[109.8308,27.12]],[[109.8308,27.12],[109.9519,27.12]],[[109.9519,27.12],[110.0731,27.12]],[[110.0731,27.12],[110.0731,27.0]],[[110.3154,27.12],[110.4365,27.12]],[[110.4365,27.12],[110.4365,27.0]],[[110.3154,27.0],[110.3154,27.12]],[[109.4673,26.88],[109.4673,27.0]],[[110.0731,27.0],[110.1942,27.0]],[[110.1942,27.0],[110.3154,27.0]],[[110.4365,27.0],[110.4365,26.88]],[[109.4673,26.76],[109.4673,26.88]],[[110.4365,26.88],[110.5577,26.88]],[[110.5577,26.88],[110.5577,26.76]],[[110.5577,26.76],[110.4365,26.76]],[[110.9212,26.88],[111.0423,26.88]],[[111.0423,26.88],[111.0423,26.76]],[[110.9212,26.76],[110.9212,26.88]],[[109.225,26.76],[109.3462,26.76]],[[109.3462,26.64],[109.225,26.64]],[[109.225,26.64],[109.225,26.76]],[[109.3462,26.76],[109.4673,26.76]],[[110.4365,26.76],[110.4365,26.64]],[[110.4365,26.64],[110.3154,26.64]],[[110.8,26.76],[110.9212,26.76]],[[110.8,26.64],[110.8,26.76]],[[111.0423,26.76],[111.1635,26.76]],[[111.1635,26.76],[111.1635,26.64]],[[109.3462,26.52],[109.3462,26.64]],[[110.3154,26.64],[110.3154,26.52]],[[110.3154,26.52],[110.1942,26.52]],[[110.6788,26.64],[110.8,26.64]],[[110.6788,26.52],[110.6788,26.64]],[[111.1635,26.52],[111.0423,26.52]],[[111.1635,26.64],[111.2846,26.64]],[[111.2846,26.64],[111.2846,26.52]],[[111.2846,26.52],[111.1635,26.52]],[[109.3462,26.4],[109.3462,26.52]],[[110.1942,26.52],[110.1942,26.4]],[[110.5577,26.52],[110.6788,26.52]],[[110.5577,26.4],[110.5577,26.52]],[[111.0423,26.52],[111.0423,26.4]],[[111.0423,26.4],[110.9212,26.4]],[[109.225,26.4],[109.3462,26.4]],[[109.3462,26.28],[109.225,26.28]],[[109.225,26.28],[109.225,26.4]],[[109.4673,26.28],[109.3462,26.28]],[[110.1942,26.4],[110.1942,26.28]],[[110.1942,26.28],[110.0731,26.28]],[[110.6788,26.28],[110.5577,26.28]],[[110.5577,26.28],[110.5577,26.4]],[[110.8,26.28],[110.6788,26.28]],[[110.9212,26.4],[110.9212,26.28]],[[110.9212,26.28],[110.8,26.28]],[[109.4673,26.16],[109.4673,26.28]],[[110.0731,26.28],[110.0731,26.16]],[[110.0731,26.16],[109.9519,26.16]],[[109.5885,26.04],[109.4673,26.04]],[[109.4673,26.04],[109.4673,26.16]],[[109.9519,26.16],[109.9519,26.04]],[[109.9519,26.04],[109.8308,26.04]],[[109.7096,25.92],[109.5885,25.92]],[[109.5885,25.92],[109.5885,26.04]],[[109.8308,26.04],[109.8308,25.92]],[[109.8308,25.92],[109.7096,25.92]]]}}]}
